# The following table is formatted as tab separated values. 
#GeneName	GeneId	TranscriptId	BioType	variants_impact_HIGH	variants_impact_LOW	variants_impact_MODERATE	variants_impact_MODIFIER	variants_effect_3_prime_UTR_variant	variants_effect_5_prime_UTR_premature_start_codon_gain_variant	variants_effect_5_prime_UTR_truncation	variants_effect_5_prime_UTR_variant	variants_effect_conservative_inframe_deletion	variants_effect_conservative_inframe_insertion	variants_effect_disruptive_inframe_deletion	variants_effect_disruptive_inframe_insertion	variants_effect_downstream_gene_variant	variants_effect_exon_loss_variant	variants_effect_frameshift_variant	variants_effect_intron_variant	variants_effect_missense_variant	variants_effect_non_coding_transcript_exon_variant	variants_effect_non_coding_transcript_variant	variants_effect_splice_acceptor_variant	variants_effect_splice_donor_variant	variants_effect_splice_region_variant	variants_effect_start_lost	variants_effect_start_retained_variant	variants_effect_stop_gained	variants_effect_synonymous_variant	variants_effect_upstream_gene_variant
A2M	ENSG00000175899	ENST00000318602	protein_coding	0	0	0	1	0	0	0	0	0	0	0	0	0	0	0	1	0	0	0	0	0	0	0	0	0	0	0
A2M	ENSG00000175899	ENST00000495442	retained_intron	0	0	0	1	0	0	0	0	0	0	0	0	0	0	0	1	0	0	0	0	0	0	0	0	0	0	0
A2M	ENSG00000175899	ENST00000495709	retained_intron	0	0	0	1	0	0	0	0	0	0	0	0	0	0	0	1	0	0	0	0	0	0	0	0	0	0	0
A2M	ENSG00000175899	ENST00000543436	processed_transcript	0	0	0	1	0	0	0	0	0	0	0	0	0	0	0	1	0	0	0	0	0	0	0	0	0	0	0
A2M	ENSG00000175899	ENST00000545828	processed_transcript	0	0	0	1	0	0	0	0	0	0	0	0	1	0	0	0	0	0	0	0	0	0	0	0	0	0	0
A2M-AS1	ENSG00000245105	ENST00000499762		0	0	0	1	0	0	0	0	0	0	0	0	1	0	0	0	0	0	0	0	0	0	0	0	0	0	0
A2M-AS1	ENSG00000245105	ENST00000648157		0	0	0	1	0	0	0	0	0	0	0	0	1	0	0	0	0	0	0	0	0	0	0	0	0	0	0
A2M-AS1	ENSG00000245105	ENST00000667950		0	0	0	1	0	0	0	0	0	0	0	0	1	0	0	0	0	0	0	0	0	0	0	0	0	0	0
A2M-AS1	ENSG00000245105	ENST00000670582		0	0	0	1	0	0	0	0	0	0	0	0	1	0	0	0	0	0	0	0	0	0	0	0	0	0	0
AARSD1	ENSG00000266967	ENST00000416949	processed_transcript	0	0	0	1	0	0	0	0	0	0	0	0	1	0	0	0	0	0	0	0	0	0	0	0	0	0	0
AARSD1	ENSG00000266967	ENST00000427569	protein_coding	0	0	1	0	0	0	0	0	0	0	0	0	0	0	0	0	1	0	0	0	0	0	0	0	0	0	0
AARSD1	ENSG00000266967	ENST00000430739	protein_coding	0	0	0	1	0	0	0	0	0	0	0	0	1	0	0	0	0	0	0	0	0	0	0	0	0	0	0
AARSD1	ENSG00000266967	ENST00000436545	nonsense_mediated_decay	0	0	0	1	0	0	0	0	0	0	0	0	1	0	0	0	0	0	0	0	0	0	0	0	0	0	0
AARSD1	ENSG00000266967	ENST00000441280	retained_intron	0	0	0	1	0	0	0	0	0	0	0	0	1	0	0	0	0	0	0	0	0	0	0	0	0	0	0
AARSD1	ENSG00000266967	ENST00000450475	nonsense_mediated_decay	0	0	0	1	0	0	0	0	0	0	0	0	1	0	0	0	0	0	0	0	0	0	0	0	0	0	0
AARSD1	ENSG00000266967	ENST00000474578	retained_intron	0	0	0	1	0	0	0	0	0	0	0	0	0	0	0	0	0	0	0	0	0	0	0	0	0	0	1
AARSD1	ENSG00000266967	ENST00000478040	retained_intron	0	0	0	1	0	0	0	0	0	0	0	0	0	0	0	0	0	1	0	0	0	0	0	0	0	0	0
AARSD1	ENSG00000266967	ENST00000483535	retained_intron	0	0	0	1	0	0	0	0	0	0	0	0	0	0	0	0	0	0	0	0	0	0	0	0	0	0	1
AARSD1	ENSG00000266967	ENST00000483774	retained_intron	0	0	0	1	0	0	0	0	0	0	0	0	1	0	0	0	0	0	0	0	0	0	0	0	0	0	0
AARSD1	ENSG00000266967	ENST00000486493	retained_intron	0	0	0	1	0	0	0	0	0	0	0	0	0	0	0	0	0	0	0	0	0	0	0	0	0	0	1
AARSD1	ENSG00000266967	ENST00000486664	retained_intron	0	0	0	1	0	0	0	0	0	0	0	0	0	0	0	0	0	1	0	0	0	0	0	0	0	0	0
AARSD1	ENSG00000266967	ENST00000491665	retained_intron	0	0	0	1	0	0	0	0	0	0	0	0	0	0	0	0	0	1	0	0	0	0	0	0	0	0	0
AARSD1	ENSG00000266967	ENST00000587023	retained_intron	0	0	0	1	0	0	0	0	0	0	0	0	0	0	0	0	0	0	0	0	0	0	0	0	0	0	1
AARSD1	ENSG00000266967	ENST00000591096	nonsense_mediated_decay	0	0	0	1	0	0	0	0	0	0	0	0	0	0	0	0	0	1	0	0	0	0	0	0	0	0	0
AARSD1	ENSG00000266967	ENST00000591910	nonsense_mediated_decay	0	0	0	1	0	0	0	0	0	0	0	0	1	0	0	0	0	0	0	0	0	0	0	0	0	0	0
AARSD1	ENSG00000266967	ENST00000592136	retained_intron	0	0	0	1	0	0	0	0	0	0	0	0	0	0	0	0	0	0	0	0	0	0	0	0	0	0	1
AARSD1	ENSG00000266967	ENST00000593123	retained_intron	0	0	0	1	0	0	0	0	0	0	0	0	0	0	0	0	0	0	0	0	0	0	0	0	0	0	1
AATK	ENSG00000181409	ENST00000326724	protein_coding	0	0	0	1	1	0	0	0	0	0	0	0	0	0	0	0	0	0	0	0	0	0	0	0	0	0	0
AATK	ENSG00000181409	ENST00000374792	nonsense_mediated_decay	0	0	0	2	1	0	0	0	0	0	0	0	0	0	0	0	0	1	0	0	0	0	0	0	0	0	0
AATK	ENSG00000181409	ENST00000417379	protein_coding	0	0	0	1	1	0	0	0	0	0	0	0	0	0	0	0	0	0	0	0	0	0	0	0	0	0	0
AATK	ENSG00000181409	ENST00000570932	nonsense_mediated_decay	0	0	0	2	1	0	0	0	0	0	0	0	0	0	0	0	0	1	0	0	0	0	0	0	0	0	0
AATK	ENSG00000181409	ENST00000573441	processed_transcript	0	0	0	1	0	0	0	0	0	0	0	0	1	0	0	0	0	0	0	0	0	0	0	0	0	0	0
AATK	ENSG00000181409	ENST00000573469	processed_transcript	0	0	0	1	0	0	0	0	0	0	0	0	1	0	0	0	0	0	0	0	0	0	0	0	0	0	0
AATK	ENSG00000181409	ENST00000650574	protein_coding	0	0	0	1	0	0	0	0	0	0	0	0	1	0	0	0	0	0	0	0	0	0	0	0	0	0	0
ABBA01000935.2	ENSG00000283544	ENST00000637477	unprocessed_pseudogene	0	1	0	1	0	0	0	0	0	0	0	0	0	0	0	2	0	0	0	0	0	1	0	0	0	0	0
ABCA8	ENSG00000141338	ENST00000269080	protein_coding	0	0	0	1	0	0	0	0	0	0	0	0	0	0	0	1	0	0	0	0	0	0	0	0	0	0	0
ABCA8	ENSG00000141338	ENST00000430352	protein_coding	0	0	0	1	0	0	0	0	0	0	0	0	0	0	0	1	0	0	0	0	0	0	0	0	0	0	0
ABCA8	ENSG00000141338	ENST00000541225	retained_intron	0	0	0	1	0	0	0	0	0	0	0	0	0	0	0	1	0	0	0	0	0	0	0	0	0	0	0
ABCA8	ENSG00000141338	ENST00000586539	protein_coding	0	0	0	1	0	0	0	0	0	0	0	0	0	0	0	1	0	0	0	0	0	0	0	0	0	0	0
ABCA8	ENSG00000141338	ENST00000589533	non_stop_decay	0	0	0	1	0	0	0	0	0	0	0	0	0	0	0	1	0	0	0	0	0	0	0	0	0	0	0
ABCA8	ENSG00000141338	ENST00000590359	retained_intron	0	0	0	1	0	0	0	0	0	0	0	0	0	0	0	0	0	0	0	0	0	0	0	0	0	0	1
ABCA8	ENSG00000141338	ENST00000615593	protein_coding	0	0	0	1	0	0	0	0	0	0	0	0	0	0	0	1	0	0	0	0	0	0	0	0	0	0	0
ABCC9	ENSG00000069431	ENST00000261200	protein_coding	0	1	1	0	0	0	0	0	0	0	0	0	0	0	0	0	1	0	0	0	0	1	0	0	0	1	0
ABCC9	ENSG00000069431	ENST00000261201	protein_coding	0	1	1	0	0	0	0	0	0	0	0	0	0	0	0	0	1	0	0	0	0	1	0	0	0	1	0
ABCC9	ENSG00000069431	ENST00000544039	protein_coding	0	1	1	0	0	0	0	0	0	0	0	0	0	0	0	0	1	0	0	0	0	1	0	0	0	1	0
ABHD17AP6	ENSG00000226981	ENST00000458502	unprocessed_pseudogene	0	0	0	1	0	0	0	0	0	0	0	0	0	0	0	1	0	0	0	0	0	0	0	0	0	0	0
ABI3	ENSG00000108798	ENST00000225941	protein_coding	0	0	0	2	0	0	0	0	0	0	0	0	2	0	0	0	0	0	0	0	0	0	0	0	0	0	0
ABI3	ENSG00000108798	ENST00000419580	protein_coding	0	0	0	2	0	0	0	0	0	0	0	0	2	0	0	0	0	0	0	0	0	0	0	0	0	0	0
ABI3	ENSG00000108798	ENST00000571035	protein_coding	0	0	0	2	0	0	0	0	0	0	0	0	2	0	0	0	0	0	0	0	0	0	0	0	0	0	0
ABI3	ENSG00000108798	ENST00000573347	protein_coding	0	0	0	2	0	0	0	0	0	0	0	0	2	0	0	0	0	0	0	0	0	0	0	0	0	0	0
ABTB1	ENSG00000114626	ENST00000232744	protein_coding	0	0	0	1	0	0	0	0	0	0	0	0	0	0	0	1	0	0	0	0	0	0	0	0	0	0	0
ABTB1	ENSG00000114626	ENST00000453791	protein_coding	0	0	0	1	0	0	0	0	0	0	0	0	0	0	0	1	0	0	0	0	0	0	0	0	0	0	0
ABTB1	ENSG00000114626	ENST00000464431	retained_intron	0	0	0	1	0	0	0	0	0	0	0	0	0	0	0	0	0	1	0	0	0	0	0	0	0	0	0
ABTB1	ENSG00000114626	ENST00000467179	processed_transcript	0	0	0	1	0	0	0	0	0	0	0	0	1	0	0	0	0	0	0	0	0	0	0	0	0	0	0
ABTB1	ENSG00000114626	ENST00000468137	protein_coding	0	0	0	1	0	0	0	0	0	0	0	0	0	0	0	1	0	0	0	0	0	0	0	0	0	0	0
ABTB1	ENSG00000114626	ENST00000474129	retained_intron	0	0	0	1	0	0	0	0	0	0	0	0	0	0	0	1	0	0	0	0	0	0	0	0	0	0	0
ABTB1	ENSG00000114626	ENST00000475042	nonsense_mediated_decay	0	0	0	1	0	0	0	0	0	0	0	0	0	0	0	1	0	0	0	0	0	0	0	0	0	0	0
ABTB1	ENSG00000114626	ENST00000475265	retained_intron	0	0	0	1	0	0	0	0	0	0	0	0	1	0	0	0	0	0	0	0	0	0	0	0	0	0	0
ABTB1	ENSG00000114626	ENST00000478298	retained_intron	0	0	0	1	0	0	0	0	0	0	0	0	0	0	0	1	0	0	0	0	0	0	0	0	0	0	0
ABTB1	ENSG00000114626	ENST00000479280	retained_intron	0	0	0	1	0	0	0	0	0	0	0	0	1	0	0	0	0	0	0	0	0	0	0	0	0	0	0
ABTB1	ENSG00000114626	ENST00000483857	nonsense_mediated_decay	0	0	0	1	0	0	0	0	0	0	0	0	1	0	0	0	0	0	0	0	0	0	0	0	0	0	0
ABTB1	ENSG00000114626	ENST00000491633	processed_transcript	0	0	0	1	0	0	0	0	0	0	0	0	0	0	0	1	0	0	0	0	0	0	0	0	0	0	0
ABTB1	ENSG00000114626	ENST00000493365	retained_intron	0	0	0	1	0	0	0	0	0	0	0	0	1	0	0	0	0	0	0	0	0	0	0	0	0	0	0
ABTB1	ENSG00000114626	ENST00000497162	nonsense_mediated_decay	0	0	0	1	0	0	0	0	0	0	0	0	0	0	0	1	0	0	0	0	0	0	0	0	0	0	0
AC000403.1	ENSG00000278727	ENST00000613696		0	0	0	1	0	0	0	0	0	0	0	0	0	0	0	0	0	0	0	0	0	0	0	0	0	0	1
AC002316.1	ENSG00000132359	ENST00000254695	protein_coding	0	0	0	1	0	0	0	0	0	0	0	0	0	0	0	1	0	0	0	0	0	0	0	0	0	0	0
AC002316.1	ENSG00000132359	ENST00000366401	protein_coding	0	0	0	1	0	0	0	0	0	0	0	0	0	0	0	1	0	0	0	0	0	0	0	0	0	0	0
AC002316.1	ENSG00000132359	ENST00000540393	protein_coding	0	0	0	1	0	0	0	0	0	0	0	0	0	0	0	1	0	0	0	0	0	0	0	0	0	0	0
AC002316.1	ENSG00000132359	ENST00000542807	protein_coding	0	0	0	1	0	0	0	0	0	0	0	0	0	0	0	1	0	0	0	0	0	0	0	0	0	0	0
AC002316.1	ENSG00000132359	ENST00000637138	protein_coding	0	0	0	1	0	0	0	0	0	0	0	0	0	0	0	1	0	0	0	0	0	0	0	0	0	0	0
AC002463.1	ENSG00000223646	ENST00000652784		0	0	0	1	0	0	0	0	0	0	0	0	0	0	0	1	0	0	0	0	0	0	0	0	0	0	0
AC002463.1	ENSG00000223646	ENST00000656697		0	0	0	1	0	0	0	0	0	0	0	0	0	0	0	1	0	0	0	0	0	0	0	0	0	0	0
AC002543.2	ENSG00000252115	ENST00000516306	misc_RNA	0	0	0	2	0	0	0	0	0	0	0	0	0	0	0	0	0	0	0	0	0	0	0	0	0	0	2
AC003989.2	ENSG00000243621	ENST00000440224	processed_pseudogene	0	0	0	1	0	0	0	0	0	0	0	0	0	0	0	0	0	0	0	0	0	0	0	0	0	0	1
AC004006.1	ENSG00000228711	ENST00000434994	processed_pseudogene	0	0	0	1	0	0	0	0	0	0	0	0	1	0	0	0	0	0	0	0	0	0	0	0	0	0	0
AC004080.6	ENSG00000273433	ENST00000467897		0	0	0	1	0	0	0	0	0	0	0	0	0	0	0	1	0	0	0	0	0	0	0	0	0	0	0
AC004112.1	ENSG00000226851	ENST00000411413		0	0	0	1	0	0	0	0	0	0	0	0	0	0	0	1	0	0	0	0	0	0	0	0	0	0	0
AC004112.1	ENSG00000226851	ENST00000431064		0	0	0	1	0	0	0	0	0	0	0	0	0	0	0	1	0	0	0	0	0	0	0	0	0	0	0
AC004551.1	ENSG00000257452	ENST00000552784		0	0	0	1	0	0	0	0	0	0	0	0	0	0	0	1	0	0	0	0	0	0	0	0	0	0	0
AC004593.2	ENSG00000285162	ENST00000644824	protein_coding	0	0	0	1	0	0	0	0	0	0	0	0	0	0	0	1	0	0	0	0	0	0	0	0	0	0	0
AC004687.3	ENSG00000286788	ENST00000655053		0	0	0	1	0	0	0	0	0	0	0	0	0	0	0	0	0	0	0	0	0	0	0	0	0	0	1
AC004922.1	ENSG00000284292	ENST00000638617	protein_coding	0	0	0	2	0	0	0	0	0	0	0	0	2	0	0	0	0	0	0	0	0	0	0	0	0	0	0
AC004949.1	ENSG00000283117	ENST00000634803		0	0	0	1	0	0	0	0	0	0	0	0	0	0	0	0	0	1	0	0	0	0	0	0	0	0	0
AC004987.1	ENSG00000231198	ENST00000428627	processed_pseudogene	0	0	0	1	0	0	0	0	0	0	0	0	0	0	0	0	0	1	0	0	0	0	0	0	0	0	0
AC004987.2	ENSG00000233225	ENST00000395959	processed_pseudogene	0	0	0	1	0	0	0	0	0	0	0	0	0	0	0	0	0	0	0	0	0	0	0	0	0	0	1
AC004987.3	ENSG00000237251	ENST00000413879	unprocessed_pseudogene	0	0	0	1	0	0	0	0	0	0	0	0	0	0	0	1	0	0	0	0	0	0	0	0	0	0	0
AC005096.1	ENSG00000259294	ENST00000560499		0	0	0	1	0	0	0	0	0	0	0	0	1	0	0	0	0	0	0	0	0	0	0	0	0	0	0
AC005323.2	ENSG00000272736	ENST00000399342		0	0	0	2	0	0	0	0	0	0	0	0	0	0	0	2	0	0	0	0	0	0	0	0	0	0	0
AC005323.2	ENSG00000272736	ENST00000581304		0	0	0	2	0	0	0	0	0	0	0	0	0	0	0	2	0	0	0	0	0	0	0	0	0	0	0
AC005332.6	ENSG00000278730	ENST00000620266		0	0	0	2	0	0	0	0	0	0	0	0	0	0	0	0	0	0	0	0	0	0	0	0	0	0	2
AC005481.1	ENSG00000222012	ENST00000409610		0	0	0	1	0	0	0	0	0	0	0	0	0	0	0	0	0	1	0	0	0	0	0	0	0	0	0
AC005670.2	ENSG00000262633	ENST00000571841	nonsense_mediated_decay	0	0	0	1	0	0	0	0	0	0	0	0	0	0	0	1	0	0	0	0	0	0	0	0	0	0	0
AC005670.2	ENSG00000262633	ENST00000639822	processed_transcript	0	0	0	1	0	0	0	0	0	0	0	0	0	0	0	1	0	0	0	0	0	0	0	0	0	0	0
AC005726.1	ENSG00000258472	ENST00000481916	nonsense_mediated_decay	0	0	0	1	0	0	0	0	0	0	0	0	0	0	0	1	0	0	0	0	0	0	0	0	0	0	0
AC005747.1	ENSG00000007237	ENST00000323816	protein_coding	0	0	0	1	0	0	0	0	0	0	0	0	0	0	0	1	0	0	0	0	0	0	0	0	0	0	0
AC005747.1	ENSG00000007237	ENST00000396115	protein_coding	0	0	0	1	0	0	0	0	0	0	0	0	0	0	0	1	0	0	0	0	0	0	0	0	0	0	0
AC005747.1	ENSG00000007237	ENST00000432992	protein_coding	0	0	0	1	0	0	0	0	0	0	0	0	0	0	0	1	0	0	0	0	0	0	0	0	0	0	0
AC005747.1	ENSG00000007237	ENST00000437099	protein_coding	0	0	0	1	0	0	0	0	0	0	0	0	0	0	0	1	0	0	0	0	0	0	0	0	0	0	0
AC005747.1	ENSG00000007237	ENST00000542249	protein_coding	0	0	0	1	0	0	0	0	0	0	0	0	0	0	0	1	0	0	0	0	0	0	0	0	0	0	0
AC005747.1	ENSG00000007237	ENST00000578599	protein_coding	0	0	0	1	0	0	0	0	0	0	0	0	0	0	0	1	0	0	0	0	0	0	0	0	0	0	0
AC005747.1	ENSG00000007237	ENST00000578655	processed_transcript	0	0	0	1	0	0	0	0	0	0	0	0	0	0	0	1	0	0	0	0	0	0	0	0	0	0	0
AC005747.1	ENSG00000007237	ENST00000579140	processed_transcript	0	0	0	1	0	0	0	0	0	0	0	0	0	0	0	1	0	0	0	0	0	0	0	0	0	0	0
AC005747.1	ENSG00000007237	ENST00000579158	protein_coding	0	0	0	1	0	0	0	0	0	0	0	0	0	0	0	1	0	0	0	0	0	0	0	0	0	0	0
AC005747.1	ENSG00000007237	ENST00000580043	protein_coding	0	0	0	1	0	0	0	0	0	0	0	0	1	0	0	0	0	0	0	0	0	0	0	0	0	0	0
AC005747.1	ENSG00000007237	ENST00000580811	processed_transcript	0	0	0	1	0	0	0	0	0	0	0	0	0	0	0	1	0	0	0	0	0	0	0	0	0	0	0
AC005747.1	ENSG00000007237	ENST00000580865	protein_coding	0	0	0	1	0	0	0	0	0	0	0	0	0	0	0	1	0	0	0	0	0	0	0	0	0	0	0
AC005747.1	ENSG00000007237	ENST00000581871	processed_transcript	0	0	0	1	0	0	0	0	0	0	0	0	0	0	0	0	0	0	0	0	0	0	0	0	0	0	1
AC005747.1	ENSG00000007237	ENST00000583882	protein_coding	0	0	0	1	0	0	0	0	0	0	0	0	0	0	0	1	0	0	0	0	0	0	0	0	0	0	0
AC005747.1	ENSG00000007237	ENST00000584146	protein_coding	0	0	0	1	0	0	0	0	0	0	0	0	0	0	0	1	0	0	0	0	0	0	0	0	0	0	0
AC005747.1	ENSG00000007237	ENST00000584389	protein_coding	0	0	0	1	0	0	0	0	0	0	0	0	0	0	0	1	0	0	0	0	0	0	0	0	0	0	0
AC005747.1	ENSG00000007237	ENST00000585266	protein_coding	0	0	0	1	0	0	0	0	0	0	0	0	0	0	0	1	0	0	0	0	0	0	0	0	0	0	0
AC005829.1	ENSG00000261575	ENST00000562555	transcribed_unprocessed_pseudogene	0	0	0	2	0	0	0	0	0	0	0	0	2	0	0	0	0	0	0	0	0	0	0	0	0	0	0
AC005829.1	ENSG00000261575	ENST00000570002	processed_transcript	0	0	0	2	0	0	0	0	0	0	0	0	2	0	0	0	0	0	0	0	0	0	0	0	0	0	0
AC005841.1	ENSG00000258092	ENST00000547042		0	0	0	3	0	0	0	0	0	0	0	0	0	0	0	3	0	0	0	0	0	0	0	0	0	0	0
AC006064.6	ENSG00000285238	ENST00000644480	nonsense_mediated_decay	0	0	0	5	0	0	0	1	0	0	0	0	1	0	0	1	0	1	0	0	0	0	0	1	0	0	0
AC006064.6	ENSG00000285238	ENST00000646322	nonsense_mediated_decay	0	0	0	1	0	0	0	0	0	0	0	0	1	0	0	0	0	0	0	0	0	0	0	0	0	0	0
AC006435.3	ENSG00000274758	ENST00000611041		0	0	0	1	0	0	0	0	0	0	0	0	1	0	0	0	0	0	0	0	0	0	0	0	0	0	0
AC006511.6	ENSG00000284697	ENST00000546339		0	0	0	2	0	0	0	0	0	0	0	0	0	0	0	2	0	0	0	0	0	0	0	0	0	0	0
AC007485.1	ENSG00000275710	ENST00000616755		0	0	0	1	0	0	0	0	0	0	0	0	0	0	0	0	0	0	0	0	0	0	0	0	0	0	1
AC007485.2	ENSG00000279059	ENST00000623493	TEC	0	0	0	1	0	0	0	0	0	0	0	0	0	0	0	0	0	0	0	0	0	0	0	0	0	0	1
AC007546.1	ENSG00000277595	ENST00000619452		0	0	0	1	0	0	0	0	0	0	0	0	0	0	0	0	0	0	0	0	0	0	0	0	0	0	1
AC007566.1	ENSG00000244055	ENST00000427458		0	0	0	1	0	0	0	0	0	0	0	0	0	0	0	1	0	0	0	0	0	0	0	0	0	0	0
AC007566.1	ENSG00000244055	ENST00000658444		0	0	0	1	0	0	0	0	0	0	0	0	0	0	0	1	0	0	0	0	0	0	0	0	0	0	0
AC007570.1	ENSG00000255655	ENST00000539987		0	0	0	1	0	0	0	0	0	0	0	0	0	0	0	0	0	1	0	0	0	0	0	0	0	0	0
AC007622.2	ENSG00000258136	ENST00000546714		0	0	0	1	0	0	0	0	0	0	0	0	0	0	0	1	0	0	0	0	0	0	0	0	0	0	0
AC007622.2	ENSG00000258136	ENST00000546829		0	0	0	1	0	0	0	0	0	0	0	0	0	0	0	1	0	0	0	0	0	0	0	0	0	0	0
AC007655.1	ENSG00000256339	ENST00000444324		0	0	0	1	0	0	0	0	0	0	0	0	0	0	0	0	0	0	0	0	0	0	0	0	0	0	1
AC007780.1	ENSG00000267009	ENST00000590353		0	0	0	1	0	0	0	0	0	0	0	0	1	0	0	0	0	0	0	0	0	0	0	0	0	0	0
AC007938.3	ENSG00000270953	ENST00000604965		0	0	0	2	0	0	0	0	0	0	0	0	0	0	0	0	0	0	0	0	0	0	0	0	0	0	2
AC008011.2	ENSG00000257042	ENST00000538113		0	0	0	1	0	0	0	0	0	0	0	0	0	0	0	1	0	0	0	0	0	0	0	0	0	0	0
AC008014.1	ENSG00000257261	ENST00000611243		0	0	0	1	0	0	0	0	0	0	0	0	0	0	0	1	0	0	0	0	0	0	0	0	0	0	0
AC008014.1	ENSG00000257261	ENST00000663959		0	0	0	1	0	0	0	0	0	0	0	0	0	0	0	1	0	0	0	0	0	0	0	0	0	0	0
AC008014.1	ENSG00000257261	ENST00000666025		0	0	0	1	0	0	0	0	0	0	0	0	0	0	0	1	0	0	0	0	0	0	0	0	0	0	0
AC008014.1	ENSG00000257261	ENST00000667191		0	0	0	1	0	0	0	0	0	0	0	0	0	0	0	1	0	0	0	0	0	0	0	0	0	0	0
AC008040.1	ENSG00000239219	ENST00000483289		0	0	0	1	0	0	0	0	0	0	0	0	0	0	0	0	0	1	0	0	0	0	0	0	0	0	0
AC008040.1	ENSG00000239219	ENST00000487580		0	0	0	1	0	0	0	0	0	0	0	0	0	0	0	1	0	0	0	0	0	0	0	0	0	0	0
AC008040.1	ENSG00000239219	ENST00000600502		0	0	0	1	0	0	0	0	0	0	0	0	1	0	0	0	0	0	0	0	0	0	0	0	0	0	0
AC008040.4	ENSG00000244193	ENST00000494834	transcribed_processed_pseudogene	0	0	0	1	0	0	0	0	0	0	0	0	1	0	0	0	0	0	0	0	0	0	0	0	0	0	0
AC008060.1	ENSG00000218672	ENST00000401499		0	0	0	1	0	0	0	0	0	0	0	0	0	0	0	0	0	1	0	0	0	0	0	0	0	0	0
AC008060.4	ENSG00000260426	ENST00000569431		0	0	0	1	0	0	0	0	0	0	0	0	0	0	0	0	0	0	0	0	0	0	0	0	0	0	1
AC008250.1	ENSG00000257022	ENST00000539874		0	0	0	1	0	0	0	0	0	0	0	0	0	0	0	1	0	0	0	0	0	0	0	0	0	0	0
AC008250.2	ENSG00000275567	ENST00000615261		0	0	0	1	0	0	0	0	0	0	0	0	0	0	0	0	0	0	0	0	0	0	0	0	0	0	1
AC009318.1	ENSG00000257176	ENST00000553105		0	0	0	2	0	0	0	0	0	0	0	0	0	0	0	2	0	0	0	0	0	0	0	0	0	0	0
AC009318.1	ENSG00000257176	ENST00000612816		0	0	0	2	0	0	0	0	0	0	0	0	0	0	0	0	0	0	0	0	0	0	0	0	0	0	2
AC009318.2	ENSG00000273680	ENST00000610917		0	0	0	2	0	0	0	0	0	0	0	0	0	0	0	0	0	0	0	0	0	0	0	0	0	0	2
AC010157.1	ENSG00000229458	ENST00000440589		0	0	0	2	0	0	0	0	0	0	0	0	0	0	0	0	0	0	0	0	0	0	0	0	0	0	2
AC010186.1	ENSG00000256442	ENST00000546259		0	0	0	1	0	0	0	0	0	0	0	0	1	0	0	0	0	0	0	0	0	0	0	0	0	0	0
AC010186.1	ENSG00000256442	ENST00000653830		0	0	0	1	0	0	0	0	0	0	0	0	1	0	0	0	0	0	0	0	0	0	0	0	0	0	0
AC010186.1	ENSG00000256442	ENST00000671276		0	0	0	1	0	0	0	0	0	0	0	0	1	0	0	0	0	0	0	0	0	0	0	0	0	0	0
AC010186.2	ENSG00000256594	ENST00000545363	processed_transcript	0	0	0	1	0	0	0	0	0	0	0	0	0	0	0	0	0	0	0	0	0	0	0	0	0	0	1
AC010186.2	ENSG00000256594	ENST00000574035	processed_transcript	0	0	0	1	0	0	0	0	0	0	0	0	0	0	0	0	0	0	0	0	0	0	0	0	0	0	1
AC010186.2	ENSG00000256594	ENST00000575094	processed_transcript	0	0	0	1	0	0	0	0	0	0	0	0	0	0	0	0	0	0	0	0	0	0	0	0	0	0	1
AC010186.4	ENSG00000272917	ENST00000573622		0	0	0	1	0	0	0	0	0	0	0	0	0	0	0	1	0	0	0	0	0	0	0	0	0	0	0
AC010197.2	ENSG00000285854	ENST00000647960	nonsense_mediated_decay	1	0	0	0	0	0	0	0	0	0	0	0	0	0	0	1	0	0	0	0	1	0	0	0	0	0	0
AC010677.2	ENSG00000285860	ENST00000650328		0	0	0	1	0	0	0	0	0	0	0	0	0	0	0	1	0	0	0	0	0	0	0	0	0	0	0
AC011601.1	ENSG00000257515	ENST00000549710		0	0	0	1	0	0	0	0	0	0	0	0	1	0	0	0	0	0	0	0	0	0	0	0	0	0	0
AC015802.1	ENSG00000267078	ENST00000588104		0	0	0	1	0	0	0	0	0	0	0	0	0	0	0	0	0	0	0	0	0	0	0	0	0	0	1
AC015802.6	ENSG00000284526	ENST00000640006	protein_coding	0	0	0	1	1	0	0	0	0	0	0	0	0	0	0	0	0	0	0	0	0	0	0	0	0	0	0
AC015911.10	ENSG00000286030	ENST00000650652	transcribed_unprocessed_pseudogene	0	0	0	1	0	0	0	0	0	0	0	0	0	0	0	0	0	1	0	0	0	0	0	0	0	0	0
AC015911.11	ENSG00000286065	ENST00000651507		0	0	0	3	0	0	0	0	0	0	0	0	0	0	0	2	0	1	0	0	0	0	0	0	0	0	0
AC015911.3	ENSG00000267074	ENST00000592908		0	0	0	1	0	0	0	0	0	0	0	0	0	0	0	0	0	0	0	0	0	0	0	0	0	0	1
AC016876.2	ENSG00000233223	ENST00000415124		0	0	0	1	0	0	0	0	0	0	0	0	0	0	0	0	0	0	0	0	0	0	0	0	0	0	1
AC016876.2	ENSG00000233223	ENST00000417897		0	0	0	1	0	0	0	0	0	0	0	0	0	0	0	0	0	0	0	0	0	0	0	0	0	0	1
AC016876.2	ENSG00000233223	ENST00000573187		0	0	0	1	0	0	0	0	0	0	0	0	0	0	0	0	0	0	0	0	0	0	0	0	0	0	1
AC016876.2	ENSG00000233223	ENST00000655859		0	0	0	1	0	0	0	0	0	0	0	0	0	0	0	0	0	0	0	0	0	0	0	0	0	0	1
AC016888.1	ENSG00000266036	ENST00000585285		0	0	0	1	0	0	0	0	0	0	0	0	0	0	0	0	0	1	0	0	0	0	0	0	0	0	0
AC018630.2	ENSG00000275778	ENST00000535024	protein_coding	0	0	0	1	0	0	0	0	0	0	0	0	0	0	0	1	0	0	0	0	0	0	0	0	0	0	0
AC018630.2	ENSG00000275778	ENST00000536668	nonsense_mediated_decay	0	0	0	1	0	0	0	0	0	0	0	0	0	0	0	1	0	0	0	0	0	0	0	0	0	0	0
AC018638.1	ENSG00000229413	ENST00000414464	processed_pseudogene	0	0	0	1	0	0	0	0	0	0	0	0	1	0	0	0	0	0	0	0	0	0	0	0	0	0	0
AC018638.2	ENSG00000230715	ENST00000471258	processed_pseudogene	0	0	0	1	0	0	0	0	0	0	0	0	0	0	0	0	0	0	0	0	0	0	0	0	0	0	1
AC018638.4	ENSG00000243302	ENST00000465971	processed_pseudogene	0	0	0	1	0	0	0	0	0	0	0	0	1	0	0	0	0	0	0	0	0	0	0	0	0	0	0
AC018638.5	ENSG00000243679	ENST00000450885	processed_pseudogene	0	0	0	1	0	0	0	0	0	0	0	0	0	0	0	0	0	0	0	0	0	0	0	0	0	0	1
AC018809.3	ENSG00000288550	ENST00000673677	nonsense_mediated_decay	0	0	0	1	0	0	0	0	0	0	0	0	0	0	0	1	0	0	0	0	0	0	0	0	0	0	0
AC018809.3	ENSG00000288550	ENST00000674067	nonsense_mediated_decay	0	0	0	1	0	0	0	0	0	0	0	0	0	0	0	0	0	0	0	0	0	0	0	0	0	0	1
AC020983.1	ENSG00000243099	ENST00000417063	processed_pseudogene	0	0	0	1	0	0	0	0	0	0	0	0	0	0	0	0	0	1	0	0	0	0	0	0	0	0	0
AC021055.1	ENSG00000287941	ENST00000661576		0	0	0	2	0	0	0	0	0	0	0	0	0	0	0	2	0	0	0	0	0	0	0	0	0	0	0
AC021066.1	ENSG00000170442	ENST00000553310	protein_coding	0	0	0	2	0	0	0	0	0	0	0	0	0	0	0	2	0	0	0	0	0	0	0	0	0	0	0
AC022382.2	ENSG00000287878	ENST00000670966		0	0	0	1	0	0	0	0	0	0	0	0	0	0	0	1	0	0	0	0	0	0	0	0	0	0	0
AC022400.7	ENSG00000272916	ENST00000603027	nonsense_mediated_decay	0	0	0	2	1	0	0	0	0	0	0	0	0	0	0	0	0	1	0	0	0	0	0	0	0	0	0
AC022400.7	ENSG00000272916	ENST00000603706	nonsense_mediated_decay	0	0	0	2	1	0	0	0	0	0	0	0	0	0	0	0	0	1	0	0	0	0	0	0	0	0	0
AC023141.1	ENSG00000223836	ENST00000419418	unprocessed_pseudogene	0	0	0	1	0	0	0	0	0	0	0	0	0	0	0	0	0	1	0	0	0	0	0	0	0	0	0
AC023141.10	ENSG00000237236	ENST00000415634	unprocessed_pseudogene	0	0	0	1	0	0	0	0	0	0	0	0	0	0	0	0	0	0	0	0	0	0	0	0	0	0	1
AC023141.11	ENSG00000250618	ENST00000508864	unprocessed_pseudogene	0	0	0	1	0	0	0	0	0	0	0	0	1	0	0	0	0	0	0	0	0	0	0	0	0	0	0
AC023141.3	ENSG00000224653	ENST00000436698	unprocessed_pseudogene	0	0	0	1	0	0	0	0	0	0	0	0	0	0	0	1	0	0	0	0	0	0	0	0	0	0	0
AC023141.6	ENSG00000231232	ENST00000429418	unprocessed_pseudogene	0	0	0	1	0	0	0	0	0	0	0	0	1	0	0	0	0	0	0	0	0	0	0	0	0	0	0
AC023141.9	ENSG00000236907	ENST00000458734	unprocessed_pseudogene	0	0	0	1	0	0	0	0	0	0	0	0	0	0	0	0	0	0	0	0	0	0	0	0	0	0	1
AC023483.1	ENSG00000286579	ENST00000653118		0	0	0	2	0	0	0	0	0	0	0	0	0	0	0	0	0	0	0	0	0	0	0	0	0	0	2
AC023509.1	ENSG00000257379	ENST00000547717		0	0	0	2	0	0	0	0	0	0	0	0	0	0	0	1	0	1	0	0	0	0	0	0	0	0	0
AC023509.3	ENSG00000270175	ENST00000602306		0	0	0	1	0	0	0	0	0	0	0	0	0	0	0	0	0	0	0	0	0	0	0	0	0	0	1
AC023509.4	ENSG00000273658	ENST00000612963	misc_RNA	0	0	0	1	0	0	0	0	0	0	0	0	0	0	0	0	0	0	0	0	0	0	0	0	0	0	1
AC023593.1	ENSG00000285600	ENST00000650122		0	0	0	1	0	0	0	0	0	0	0	0	0	0	0	0	0	1	0	0	0	0	0	0	0	0	0
AC023790.2	ENSG00000255621	ENST00000543321		0	0	0	1	0	0	0	0	0	0	0	0	0	0	0	0	0	0	0	0	0	0	0	0	0	0	1
AC023934.1	ENSG00000263189	ENST00000574529	processed_pseudogene	0	0	0	1	0	0	0	0	0	0	0	0	0	0	0	0	0	1	0	0	0	0	0	0	0	0	0
AC024937.2	ENSG00000231464	ENST00000411669	processed_pseudogene	0	0	0	1	0	0	0	0	0	0	0	0	0	0	0	0	0	0	0	0	0	0	0	0	0	0	1
AC024937.3	ENSG00000286168	ENST00000650701		0	0	0	1	0	0	0	0	0	0	0	0	0	0	0	1	0	0	0	0	0	0	0	0	0	0	0
AC024937.3	ENSG00000286168	ENST00000669433		0	0	0	1	0	0	0	0	0	0	0	0	0	0	0	1	0	0	0	0	0	0	0	0	0	0	0
AC025423.3	ENSG00000256678	ENST00000541551	processed_pseudogene	0	0	0	1	0	0	0	0	0	0	0	0	1	0	0	0	0	0	0	0	0	0	0	0	0	0	0
AC025576.3	ENSG00000287618	ENST00000658485		0	0	0	1	0	0	0	0	0	0	0	0	0	0	0	0	0	0	0	0	0	0	0	0	0	0	1
AC026341.1	ENSG00000242880	ENST00000459855		0	0	0	1	0	0	0	0	0	0	0	0	0	0	0	1	0	0	0	0	0	0	0	0	0	0	0
AC026341.1	ENSG00000242880	ENST00000653398		0	0	0	1	0	0	0	0	0	0	0	0	0	0	0	1	0	0	0	0	0	0	0	0	0	0	0
AC026341.1	ENSG00000242880	ENST00000656753		0	0	0	1	0	0	0	0	0	0	0	0	0	0	0	1	0	0	0	0	0	0	0	0	0	0	0
AC026341.1	ENSG00000242880	ENST00000657371		0	0	0	1	0	0	0	0	0	0	0	0	0	0	0	1	0	0	0	0	0	0	0	0	0	0	0
AC026341.1	ENSG00000242880	ENST00000662602		0	0	0	1	0	0	0	0	0	0	0	0	0	0	0	1	0	0	0	0	0	0	0	0	0	0	0
AC026341.1	ENSG00000242880	ENST00000663677		0	0	0	1	0	0	0	0	0	0	0	0	0	0	0	1	0	0	0	0	0	0	0	0	0	0	0
AC026341.1	ENSG00000242880	ENST00000667087		0	0	0	1	0	0	0	0	0	0	0	0	0	0	0	1	0	0	0	0	0	0	0	0	0	0	0
AC026786.1	ENSG00000256825	ENST00000540096	protein_coding	0	0	1	0	0	0	0	0	0	0	0	0	0	0	0	0	1	0	0	0	0	0	0	0	0	0	0
AC034102.2	ENSG00000257411	ENST00000548861	protein_coding	0	0	0	2	0	0	0	0	0	0	0	0	2	0	0	0	0	0	0	0	0	0	0	0	0	0	0
AC034102.4	ENSG00000257553	ENST00000548595		0	0	0	2	0	0	0	0	0	0	0	0	0	0	0	2	0	0	0	0	0	0	0	0	0	0	0
AC034268.2	ENSG00000285939	ENST00000650577		0	0	0	2	0	0	0	0	0	0	0	0	0	0	0	2	0	0	0	0	0	0	0	0	0	0	0
AC048344.1	ENSG00000257530	ENST00000551974		0	0	0	1	0	0	0	0	0	0	0	0	0	0	0	0	0	0	0	0	0	0	0	0	0	0	1
AC048344.4	ENSG00000277342	ENST00000619744		0	0	0	1	0	0	0	0	0	0	0	0	0	0	0	0	0	0	0	0	0	0	0	0	0	0	1
AC053513.1	ENSG00000250166	ENST00000508615		0	0	0	1	0	0	0	0	0	0	0	0	0	0	0	1	0	0	0	0	0	0	0	0	0	0	0
AC053513.1	ENSG00000250166	ENST00000661495		0	0	0	1	0	0	0	0	0	0	0	0	0	0	0	1	0	0	0	0	0	0	0	0	0	0	0
AC060780.1	ENSG00000267002	ENST00000635600		0	0	0	1	0	0	0	0	0	0	0	0	1	0	0	0	0	0	0	0	0	0	0	0	0	0	0
AC060780.1	ENSG00000267002	ENST00000659136		0	0	0	1	0	0	0	0	0	0	0	0	1	0	0	0	0	0	0	0	0	0	0	0	0	0	0
AC068305.1	ENSG00000257288	ENST00000550567	processed_pseudogene	0	0	0	1	0	0	0	0	0	0	0	0	0	0	0	0	0	1	0	0	0	0	0	0	0	0	0
AC068305.2	ENSG00000257443	ENST00000547590		0	0	0	1	0	0	0	0	0	0	0	0	0	0	0	1	0	0	0	0	0	0	0	0	0	0	0
AC068768.1	ENSG00000269980	ENST00000602352		0	0	0	1	0	0	0	0	0	0	0	0	1	0	0	0	0	0	0	0	0	0	0	0	0	0	0
AC068775.1	ENSG00000255641	ENST00000539033	protein_coding	0	0	0	1	0	0	0	0	0	0	0	0	1	0	0	0	0	0	0	0	0	0	0	0	0	0	0
AC068896.3	ENSG00000258539	ENST00000494792	nonsense_mediated_decay	0	0	0	1	0	0	0	0	0	0	0	0	0	0	0	1	0	0	0	0	0	0	0	0	0	0	0
AC073842.1	ENSG00000235077	ENST00000376482		0	0	0	1	0	0	0	0	0	0	0	0	0	0	0	0	0	0	0	0	0	0	0	0	0	0	1
AC073842.2	ENSG00000242798	ENST00000494221		0	0	0	1	0	0	0	0	0	0	0	0	0	0	0	0	0	0	0	0	0	0	0	0	0	0	1
AC073912.2	ENSG00000256250	ENST00000546264		0	0	0	1	0	0	0	0	0	0	0	0	0	0	0	0	0	0	0	0	0	0	0	0	0	0	1
AC073912.3	ENSG00000256299	ENST00000542821		0	0	0	1	0	0	0	0	0	0	0	0	1	0	0	0	0	0	0	0	0	0	0	0	0	0	0
AC074029.1	ENSG00000257848	ENST00000552531	processed_pseudogene	0	0	0	2	0	0	0	0	0	0	0	0	0	0	0	0	0	0	0	0	0	0	0	0	0	0	2
AC074183.1	ENSG00000232019	ENST00000439105		0	0	0	2	0	0	0	0	0	0	0	0	0	0	0	0	0	0	0	0	0	0	0	0	0	0	2
AC074183.2	ENSG00000280325	ENST00000623112	TEC	0	0	0	2	0	0	0	0	0	0	0	0	0	0	0	0	0	0	0	0	0	0	0	0	0	0	2
AC078778.1	ENSG00000258344	ENST00000553061		0	0	0	3	0	0	0	0	0	0	0	0	0	0	0	3	0	0	0	0	0	0	0	0	0	0	0
AC078864.1	ENSG00000257989	ENST00000547538		0	0	0	2	0	0	0	0	0	0	0	0	0	0	0	0	0	0	0	0	0	0	0	0	0	0	2
AC079781.1	ENSG00000231859	ENST00000441505	processed_pseudogene	0	0	0	1	0	0	0	0	0	0	0	0	0	0	0	0	0	0	0	0	0	0	0	0	0	0	1
AC079781.2	ENSG00000232032	ENST00000446424	processed_pseudogene	0	0	0	1	0	0	0	0	0	0	0	0	0	0	0	0	0	0	0	0	0	0	0	0	0	0	1
AC079781.5	ENSG00000284707	ENST00000641315		0	0	0	1	0	0	0	0	0	0	0	0	0	0	0	1	0	0	0	0	0	0	0	0	0	0	0
AC079781.5	ENSG00000284707	ENST00000641390		0	0	0	2	0	0	0	0	0	0	0	0	0	0	0	2	0	0	0	0	0	0	0	0	0	0	0
AC079781.5	ENSG00000284707	ENST00000641784		0	0	0	2	0	0	0	0	0	0	0	0	0	0	0	2	0	0	0	0	0	0	0	0	0	0	0
AC079781.5	ENSG00000284707	ENST00000661128		0	0	0	1	0	0	0	0	0	0	0	0	0	0	0	0	0	0	0	0	0	0	0	0	0	0	1
AC079804.1	ENSG00000241539	ENST00000461922	processed_pseudogene	0	0	0	1	0	0	0	0	0	0	0	0	0	0	0	0	0	0	0	0	0	0	0	0	0	0	1
AC079944.1	ENSG00000240776	ENST00000485426	processed_pseudogene	0	0	0	1	0	0	0	0	0	0	0	0	0	0	0	0	0	1	0	0	0	0	0	0	0	0	0
AC087072.1	ENSG00000270889	ENST00000603727	processed_pseudogene	0	0	0	1	0	0	0	0	0	0	0	0	1	0	0	0	0	0	0	0	0	0	0	0	0	0	0
AC087393.2	ENSG00000263986	ENST00000580962		0	0	0	1	0	0	0	0	0	0	0	0	1	0	0	0	0	0	0	0	0	0	0	0	0	0	0
AC087645.1	ENSG00000267624	ENST00000588528	processed_pseudogene	0	0	0	1	0	0	0	0	0	0	0	0	0	0	0	0	0	0	0	0	0	0	0	0	0	0	1
AC090287.1	ENSG00000202389	ENST00000365519	snoRNA	0	0	0	1	0	0	0	0	0	0	0	0	1	0	0	0	0	0	0	0	0	0	0	0	0	0	0
AC090287.2	ENSG00000251818	ENST00000516009	scaRNA	0	0	0	1	0	0	0	0	0	0	0	0	1	0	0	0	0	0	0	0	0	0	0	0	0	0	0
AC090287.3	ENSG00000266190	ENST00000578374	unprocessed_pseudogene	0	0	0	1	0	0	0	0	0	0	0	0	0	0	0	1	0	0	0	0	0	0	0	0	0	0	0
AC090498.1	ENSG00000279483	ENST00000623936	processed_pseudogene	0	0	0	2	0	0	0	0	0	0	0	0	0	0	0	0	0	2	0	0	0	0	0	0	0	0	0
AC091062.1	ENSG00000261976	ENST00000572491		0	0	0	1	0	0	0	0	0	0	0	0	0	0	0	0	0	0	0	0	0	0	0	0	0	0	1
AC091132.4	ENSG00000267198	ENST00000585761		0	0	0	2	0	0	0	0	0	0	0	0	0	0	0	0	0	0	0	0	0	0	0	0	0	0	2
AC091132.4	ENSG00000267198	ENST00000586348		0	0	0	2	0	0	0	0	0	0	0	0	0	0	0	2	0	0	0	0	0	0	0	0	0	0	0
AC091132.4	ENSG00000267198	ENST00000587078		0	0	0	2	0	0	0	0	0	0	0	0	0	0	0	2	0	0	0	0	0	0	0	0	0	0	0
AC091132.4	ENSG00000267198	ENST00000590995		0	0	0	2	0	0	0	0	0	0	0	0	0	0	0	2	0	0	0	0	0	0	0	0	0	0	0
AC091132.4	ENSG00000267198	ENST00000591950		0	0	0	2	0	0	0	0	0	0	0	0	0	0	0	2	0	0	0	0	0	0	0	0	0	0	0
AC091132.5	ENSG00000267246	ENST00000586411		0	0	0	2	0	0	0	0	0	0	0	0	2	0	0	0	0	0	0	0	0	0	0	0	0	0	0
AC091133.7	ENSG00000270781	ENST00000603088	processed_pseudogene	0	0	0	2	0	0	0	0	0	0	0	0	0	0	0	0	0	0	0	0	0	0	0	0	0	0	2
AC092111.1	ENSG00000275367	ENST00000618256		0	0	0	1	0	0	0	0	0	0	0	0	1	0	0	0	0	0	0	0	0	0	0	0	0	0	0
AC092111.2	ENSG00000276417	ENST00000611627		0	0	0	1	0	0	0	0	0	0	0	0	1	0	0	0	0	0	0	0	0	0	0	0	0	0	0
AC092111.3	ENSG00000284393	ENST00000402465	nonsense_mediated_decay	0	0	0	3	0	0	0	0	0	0	0	0	1	0	0	0	0	0	0	0	0	0	0	0	0	0	2
AC092647.5	ENSG00000249773	ENST00000426595	protein_coding	0	0	0	1	0	0	0	1	0	0	0	0	0	0	0	0	0	0	0	0	0	0	0	0	0	0	0
AC092692.1	ENSG00000279349	ENST00000623625	TEC	0	0	0	2	0	0	0	0	0	0	0	0	2	0	0	0	0	0	0	0	0	0	0	0	0	0	0
AC092821.4	ENSG00000284634	ENST00000576948		0	0	0	1	0	0	0	0	0	0	0	0	0	0	0	1	0	0	0	0	0	0	0	0	0	0	0
AC092821.4	ENSG00000284634	ENST00000611052		0	0	0	1	0	0	0	0	0	0	0	0	0	0	0	1	0	0	0	0	0	0	0	0	0	0	0
AC092821.4	ENSG00000284634	ENST00000633848		0	0	0	1	0	0	0	0	0	0	0	0	0	0	0	1	0	0	0	0	0	0	0	0	0	0	0
AC092821.4	ENSG00000284634	ENST00000641304		0	0	0	1	0	0	0	0	0	0	0	0	0	0	0	1	0	0	0	0	0	0	0	0	0	0	0
AC092849.2	ENSG00000286938	ENST00000663999		0	0	0	2	0	0	0	0	0	0	0	0	2	0	0	0	0	0	0	0	0	0	0	0	0	0	0
AC092953.2	ENSG00000273261	ENST00000608000		0	0	0	1	0	0	0	0	0	0	0	0	1	0	0	0	0	0	0	0	0	0	0	0	0	0	0
AC092969.1	ENSG00000240086	ENST00000649588		0	0	0	1	0	0	0	0	0	0	0	0	0	0	0	1	0	0	0	0	0	0	0	0	0	0	0
AC092969.1	ENSG00000240086	ENST00000655873		0	0	0	1	0	0	0	0	0	0	0	0	0	0	0	1	0	0	0	0	0	0	0	0	0	0	0
AC096887.1	ENSG00000272305	ENST00000607203	nonsense_mediated_decay	0	0	0	2	0	0	0	0	0	0	0	0	0	0	0	2	0	0	0	0	0	0	0	0	0	0	0
AC096887.1	ENSG00000272305	ENST00000607283	nonsense_mediated_decay	0	0	0	2	0	0	0	0	0	0	0	0	0	0	0	2	0	0	0	0	0	0	0	0	0	0	0
AC096887.1	ENSG00000272305	ENST00000607495	nonsense_mediated_decay	0	0	0	2	0	0	0	0	0	0	0	0	0	0	0	2	0	0	0	0	0	0	0	0	0	0	0
AC097634.4	ENSG00000285708	ENST00000647725	protein_coding	0	0	0	1	0	0	0	0	0	0	0	0	1	0	0	0	0	0	0	0	0	0	0	0	0	0	0
AC097634.4	ENSG00000285708	ENST00000650123	nonsense_mediated_decay	0	0	0	1	0	0	0	0	0	0	0	0	1	0	0	0	0	0	0	0	0	0	0	0	0	0	0
AC099668.1	ENSG00000259970	ENST00000563780	retained_intron	0	0	0	2	0	0	0	0	0	0	0	0	0	0	0	0	0	0	0	0	0	0	0	0	0	0	2
AC099681.1	ENSG00000223475	ENST00000454777		0	0	0	1	0	0	0	0	0	0	0	0	1	0	0	0	0	0	0	0	0	0	0	0	0	0	0
AC099681.2	ENSG00000231394	ENST00000449899		0	0	0	1	0	0	0	0	0	0	0	0	0	0	0	0	0	0	0	0	0	0	0	0	0	0	1
AC099681.3	ENSG00000233977	ENST00000421500		0	0	0	1	0	0	0	0	0	0	0	0	0	0	0	0	0	0	0	0	0	0	0	0	0	0	1
AC099811.2	ENSG00000267261	ENST00000585562	nonsense_mediated_decay	0	0	0	2	1	0	0	0	0	0	0	0	0	0	0	0	0	1	0	0	0	0	0	0	0	0	0
AC099811.2	ENSG00000267261	ENST00000592248	nonsense_mediated_decay	0	0	0	1	0	0	0	0	0	0	0	0	0	0	0	1	0	0	0	0	0	0	0	0	0	0	0
AC099811.2	ENSG00000267261	ENST00000592574	protein_coding	0	0	0	1	0	0	0	0	0	0	0	0	0	0	0	1	0	0	0	0	0	0	0	0	0	0	0
AC104411.2	ENSG00000241770	ENST00000480817		0	0	0	2	0	0	0	0	0	0	0	0	0	0	0	0	0	0	0	0	0	0	0	0	0	0	2
AC107032.1	ENSG00000243071	ENST00000485945	processed_pseudogene	0	0	0	1	0	0	0	0	0	0	0	0	0	0	0	0	0	1	0	0	0	0	0	0	0	0	0
AC108747.1	ENSG00000273370	ENST00000609508		0	0	0	1	0	0	0	0	0	0	0	0	0	0	0	0	0	0	0	0	0	0	0	0	0	0	1
AC110994.2	ENSG00000232830	ENST00000468519	processed_pseudogene	0	0	0	1	0	0	0	0	0	0	0	0	0	0	0	0	0	1	0	0	0	0	0	0	0	0	0
AC112484.1	ENSG00000231305	ENST00000480931		0	0	0	1	0	0	0	0	0	0	0	0	0	0	0	0	0	0	0	0	0	0	0	0	0	0	1
AC112484.1	ENSG00000231305	ENST00000498297		0	0	0	1	0	0	0	0	0	0	0	0	0	0	0	1	0	0	0	0	0	0	0	0	0	0	0
AC112484.2	ENSG00000250796	ENST00000505910	processed_pseudogene	0	0	0	1	0	0	0	0	0	0	0	0	0	0	0	0	0	1	0	0	0	0	0	0	0	0	0
AC112484.5	ENSG00000287110	ENST00000653122		0	0	0	1	0	0	0	0	0	0	0	0	1	0	0	0	0	0	0	0	0	0	0	0	0	0	0
AC113189.2	ENSG00000262880	ENST00000575310		0	0	0	2	0	0	0	0	0	0	0	0	0	0	0	2	0	0	0	0	0	0	0	0	0	0	0
AC113189.9	ENSG00000286007	ENST00000651314	nonsense_mediated_decay	0	0	0	2	0	0	0	0	0	0	0	0	0	0	0	0	0	0	0	0	0	0	0	0	0	0	2
AC113554.1	ENSG00000264813	ENST00000577647	nonsense_mediated_decay	0	0	0	1	0	0	0	0	0	0	0	0	0	0	0	1	0	0	0	0	0	0	0	0	0	0	0
AC115676.1	ENSG00000255958	ENST00000538416		0	0	0	1	0	0	0	0	0	0	0	0	1	0	0	0	0	0	0	0	0	0	0	0	0	0	0
AC124916.1	ENSG00000236768	ENST00000444020	processed_pseudogene	0	0	0	2	0	0	0	0	0	0	0	0	0	0	0	0	0	2	0	0	0	0	0	0	0	0	0
AC125611.4	ENSG00000258334	ENST00000553259		0	0	0	1	0	0	0	0	0	0	0	0	0	0	0	0	0	1	0	0	0	0	0	0	0	0	0
AC126365.1	ENSG00000264215	ENST00000578585		0	0	0	1	0	0	0	0	0	0	0	0	0	0	0	0	0	1	0	0	0	0	0	0	0	0	0
AC126365.2	ENSG00000264662	ENST00000580630	processed_pseudogene	0	0	0	1	0	0	0	0	0	0	0	0	1	0	0	0	0	0	0	0	0	0	0	0	0	0	0
AC129803.1	ENSG00000287378	ENST00000654821		0	0	0	1	0	0	0	0	0	0	0	0	0	0	0	1	0	0	0	0	0	0	0	0	0	0	0
AC131235.2	ENSG00000228205	ENST00000433853	processed_pseudogene	0	0	0	2	0	0	0	0	0	0	0	0	0	0	0	0	0	2	0	0	0	0	0	0	0	0	0
AC131235.3	ENSG00000272721	ENST00000608135		0	0	0	2	0	0	0	0	0	0	0	0	0	0	0	0	0	0	0	0	0	0	0	0	0	0	2
AC131235.3	ENSG00000272721	ENST00000608232		0	0	0	2	0	0	0	0	0	0	0	0	0	0	0	0	0	0	0	0	0	0	0	0	0	0	2
AC131235.4	ENSG00000273181	ENST00000609288		0	0	0	2	0	0	0	0	0	0	0	0	0	0	0	0	0	0	0	0	0	0	0	0	0	0	2
AC132008.2	ENSG00000214135	ENST00000414207	processed_transcript	0	0	0	2	0	0	0	0	0	0	0	0	0	0	0	2	0	0	0	0	0	0	0	0	0	0	0
AC132008.2	ENSG00000214135	ENST00000418868	processed_transcript	0	0	0	2	0	0	0	0	0	0	0	0	0	0	0	2	0	0	0	0	0	0	0	0	0	0	0
AC132008.2	ENSG00000214135	ENST00000437008	processed_transcript	0	0	0	2	0	0	0	0	0	0	0	0	2	0	0	0	0	0	0	0	0	0	0	0	0	0	0
AC132008.2	ENSG00000214135	ENST00000440535	processed_transcript	0	0	0	2	0	0	0	0	0	0	0	0	0	0	0	2	0	0	0	0	0	0	0	0	0	0	0
AC132008.2	ENSG00000214135	ENST00000449003	retained_intron	0	0	0	2	0	0	0	0	0	0	0	0	0	0	0	2	0	0	0	0	0	0	0	0	0	0	0
AC132008.2	ENSG00000214135	ENST00000453454	processed_transcript	0	0	0	2	0	0	0	0	0	0	0	0	0	0	0	0	0	0	0	0	0	0	0	0	0	0	2
AC132008.2	ENSG00000214135	ENST00000454517	transcribed_unprocessed_pseudogene	0	0	0	2	0	0	0	0	0	0	0	0	2	0	0	0	0	0	0	0	0	0	0	0	0	0	0
AC135721.1	ENSG00000267681	ENST00000464237	transcribed_processed_pseudogene	0	0	0	1	0	0	0	0	0	0	0	0	0	0	0	0	0	0	0	0	0	0	0	0	0	0	1
AC137630.5	ENSG00000285416	ENST00000644215	unitary_pseudogene	0	0	0	1	0	0	0	0	0	0	0	0	0	0	0	0	0	0	0	0	0	0	0	0	0	0	1
AC144548.1	ENSG00000258210	ENST00000550231	retained_intron	0	0	0	2	0	0	0	0	0	0	0	0	0	0	0	2	0	0	0	0	0	0	0	0	0	0	0
AC211433.2	ENSG00000273069	ENST00000608433		0	0	0	1	0	0	0	0	0	0	0	0	0	0	0	0	0	0	0	0	0	0	0	0	0	0	1
AC240565.4	ENSG00000280279	ENST00000623180		0	0	0	1	0	0	0	0	0	0	0	0	0	0	0	0	0	1	0	0	0	0	0	0	0	0	0
AC243585.2	ENSG00000277688	ENST00000619099		0	0	0	1	0	0	0	0	0	0	0	0	0	0	0	1	0	0	0	0	0	0	0	0	0	0	0
AC243829.4	ENSG00000277089	ENST00000610845		0	0	0	1	0	0	0	0	0	0	0	0	0	0	0	0	0	0	0	0	0	0	0	0	0	0	1
AC243829.4	ENSG00000277089	ENST00000620056		0	0	0	1	0	0	0	0	0	0	0	0	0	0	0	0	0	0	0	0	0	0	0	0	0	0	1
ACAA1	ENSG00000060971	ENST00000451419	processed_transcript	0	0	0	1	0	0	0	0	0	0	0	0	0	0	0	1	0	0	0	0	0	0	0	0	0	0	0
ACACA	ENSG00000278540	ENST00000612007	non_stop_decay	0	0	0	1	0	0	0	0	0	0	0	0	0	0	0	1	0	0	0	0	0	0	0	0	0	0	0
ACACA	ENSG00000278540	ENST00000612895	protein_coding	0	1	0	0	0	0	0	0	0	0	0	0	0	0	0	0	0	0	0	0	0	0	0	0	0	1	0
ACACA	ENSG00000278540	ENST00000612926	retained_intron	0	0	0	1	0	0	0	0	0	0	0	0	1	0	0	0	0	0	0	0	0	0	0	0	0	0	0
ACACA	ENSG00000278540	ENST00000613146	retained_intron	0	0	0	2	0	0	0	0	0	0	0	0	0	0	0	1	0	1	0	0	0	0	0	0	0	0	0
ACACA	ENSG00000278540	ENST00000614428	protein_coding	0	1	0	1	0	0	0	0	0	0	0	0	0	0	0	1	0	0	0	0	0	0	0	0	0	1	0
ACACA	ENSG00000278540	ENST00000614789	protein_coding	0	0	0	1	0	0	0	0	0	0	0	0	0	0	0	1	0	0	0	0	0	0	0	0	0	0	0
ACACA	ENSG00000278540	ENST00000615229	nonsense_mediated_decay	0	0	0	1	0	0	0	0	0	0	0	0	0	0	0	1	0	0	0	0	0	0	0	0	0	0	0
ACACA	ENSG00000278540	ENST00000616317	protein_coding	0	1	0	1	0	0	0	0	0	0	0	0	0	0	0	1	0	0	0	0	0	0	0	0	0	1	0
ACACA	ENSG00000278540	ENST00000616352	protein_coding	0	0	0	1	0	0	0	0	0	0	0	0	0	0	0	1	0	0	0	0	0	0	0	0	0	0	0
ACACA	ENSG00000278540	ENST00000617548	nonsense_mediated_decay	0	0	0	1	0	0	0	0	0	0	0	0	0	0	0	1	0	0	0	0	0	0	0	0	0	0	0
ACACA	ENSG00000278540	ENST00000617649	protein_coding	0	1	0	0	0	0	0	0	0	0	0	0	0	0	0	0	0	0	0	0	0	0	0	0	0	1	0
ACACA	ENSG00000278540	ENST00000621960	protein_coding	0	0	0	1	0	0	0	0	0	0	0	0	0	0	0	1	0	0	0	0	0	0	0	0	0	0	0
ACE	ENSG00000159640	ENST00000290863	protein_coding	0	0	0	1	0	0	0	0	0	0	0	0	0	0	0	1	0	0	0	0	0	0	0	0	0	0	0
ACE	ENSG00000159640	ENST00000290866	protein_coding	0	0	0	1	0	0	0	0	0	0	0	0	0	0	0	1	0	0	0	0	0	0	0	0	0	0	0
ACE	ENSG00000159640	ENST00000413513	protein_coding	0	0	0	1	0	0	0	0	0	0	0	0	0	0	0	1	0	0	0	0	0	0	0	0	0	0	0
ACE	ENSG00000159640	ENST00000428043	protein_coding	0	0	0	1	0	0	0	0	0	0	0	0	0	0	0	1	0	0	0	0	0	0	0	0	0	0	0
ACE	ENSG00000159640	ENST00000577418	processed_transcript	0	0	0	1	0	0	0	0	0	0	0	0	0	0	0	1	0	0	0	0	0	0	0	0	0	0	0
ACE	ENSG00000159640	ENST00000578679	retained_intron	0	0	0	1	0	0	0	0	0	0	0	0	1	0	0	0	0	0	0	0	0	0	0	0	0	0	0
ACE	ENSG00000159640	ENST00000578839	nonsense_mediated_decay	0	0	0	1	0	0	0	0	0	0	0	0	0	0	0	1	0	0	0	0	0	0	0	0	0	0	0
ACE	ENSG00000159640	ENST00000579314	nonsense_mediated_decay	0	0	0	1	0	0	0	0	0	0	0	0	0	0	0	1	0	0	0	0	0	0	0	0	0	0	0
ACE	ENSG00000159640	ENST00000579409	protein_coding	0	0	0	1	0	0	0	0	0	0	0	0	0	0	0	1	0	0	0	0	0	0	0	0	0	0	0
ACE	ENSG00000159640	ENST00000582244	retained_intron	0	0	0	1	0	0	0	0	0	0	0	0	0	0	0	0	0	0	0	0	0	0	0	0	0	0	1
ACE	ENSG00000159640	ENST00000582761	protein_coding	0	0	0	1	0	0	0	0	0	0	0	0	1	0	0	0	0	0	0	0	0	0	0	0	0	0	0
ACE	ENSG00000159640	ENST00000583645	retained_intron	0	0	0	1	0	0	0	0	0	0	0	0	1	0	0	0	0	0	0	0	0	0	0	0	0	0	0
ACE	ENSG00000159640	ENST00000584865	retained_intron	0	0	0	1	0	0	0	0	0	0	0	0	1	0	0	0	0	0	0	0	0	0	0	0	0	0	0
ACLY	ENSG00000131473	ENST00000352035	protein_coding	0	0	0	1	0	0	0	0	0	0	0	0	0	0	0	1	0	0	0	0	0	0	0	0	0	0	0
ACLY	ENSG00000131473	ENST00000353196	protein_coding	0	0	0	1	0	0	0	0	0	0	0	0	0	0	0	1	0	0	0	0	0	0	0	0	0	0	0
ACLY	ENSG00000131473	ENST00000393896	protein_coding	0	0	0	1	0	0	0	0	0	0	0	0	0	0	0	1	0	0	0	0	0	0	0	0	0	0	0
ACLY	ENSG00000131473	ENST00000537919	protein_coding	0	0	0	1	0	0	0	0	0	0	0	0	0	0	0	1	0	0	0	0	0	0	0	0	0	0	0
ACLY	ENSG00000131473	ENST00000590151	protein_coding	0	0	0	1	0	0	0	0	0	0	0	0	0	0	0	1	0	0	0	0	0	0	0	0	0	0	0
ACRBP	ENSG00000111644	ENST00000229243	protein_coding	0	0	0	1	1	0	0	0	0	0	0	0	0	0	0	0	0	0	0	0	0	0	0	0	0	0	0
ACRBP	ENSG00000111644	ENST00000414226	protein_coding	0	0	0	1	1	0	0	0	0	0	0	0	0	0	0	0	0	0	0	0	0	0	0	0	0	0	0
ACRBP	ENSG00000111644	ENST00000540513	processed_transcript	0	0	0	1	0	0	0	0	0	0	0	0	0	0	0	0	0	1	0	0	0	0	0	0	0	0	0
ACRBP	ENSG00000111644	ENST00000542357	processed_transcript	0	0	0	1	0	0	0	0	0	0	0	0	1	0	0	0	0	0	0	0	0	0	0	0	0	0	0
ACSM4	ENSG00000215009	ENST00000399422	protein_coding	0	0	0	1	0	0	0	0	0	0	0	0	0	0	0	1	0	0	0	0	0	0	0	0	0	0	0
ACSM4	ENSG00000215009	ENST00000533292	retained_intron	0	0	0	1	0	0	0	0	0	0	0	0	0	0	0	0	0	1	0	0	0	0	0	0	0	0	0
ACTL6A	ENSG00000136518	ENST00000392662	protein_coding	0	0	0	1	0	0	0	1	0	0	0	0	0	0	0	0	0	0	0	0	0	0	0	0	0	0	0
ACTL6A	ENSG00000136518	ENST00000429709	protein_coding	0	0	0	1	0	0	0	0	0	0	0	0	0	0	0	1	0	0	0	0	0	0	0	0	0	0	0
ACTL6A	ENSG00000136518	ENST00000450518	protein_coding	0	0	0	1	0	0	0	0	0	0	0	0	0	0	0	1	0	0	0	0	0	0	0	0	0	0	0
ACTL6A	ENSG00000136518	ENST00000468767	processed_transcript	0	0	0	1	0	0	0	0	0	0	0	0	0	0	0	1	0	0	0	0	0	0	0	0	0	0	0
ACTL6A	ENSG00000136518	ENST00000490364	protein_coding	0	0	0	1	0	0	0	1	0	0	0	0	0	0	0	0	0	0	0	0	0	0	0	0	0	0	0
ACTL6A	ENSG00000136518	ENST00000491202	retained_intron	0	0	0	1	0	0	0	0	0	0	0	0	0	0	0	1	0	0	0	0	0	0	0	0	0	0	0
ACTL6A	ENSG00000136518	ENST00000494843	retained_intron	0	0	0	1	0	0	0	0	0	0	0	0	0	0	0	1	0	0	0	0	0	0	0	0	0	0	0
ACTL6B	ENSG00000077080	ENST00000160382	protein_coding	0	0	0	1	0	0	0	0	0	0	0	0	0	0	0	1	0	0	0	0	0	0	0	0	0	0	0
ACTL6B	ENSG00000077080	ENST00000461605	protein_coding	0	0	0	1	0	0	0	0	0	0	0	0	1	0	0	0	0	0	0	0	0	0	0	0	0	0	0
ACTL6B	ENSG00000077080	ENST00000485601	retained_intron	0	0	0	1	0	0	0	0	0	0	0	0	0	0	0	1	0	0	0	0	0	0	0	0	0	0	0
ACTL6B	ENSG00000077080	ENST00000487125	retained_intron	0	0	0	1	0	0	0	0	0	0	0	0	0	0	0	0	0	0	0	0	0	0	0	0	0	0	1
ACTL6B	ENSG00000077080	ENST00000487225	retained_intron	0	0	0	1	0	0	0	0	0	0	0	0	0	0	0	1	0	0	0	0	0	0	0	0	0	0	0
ACTL6B	ENSG00000077080	ENST00000489904	retained_intron	0	0	0	1	0	0	0	0	0	0	0	0	1	0	0	0	0	0	0	0	0	0	0	0	0	0	0
ADAM11	ENSG00000073670	ENST00000200557	protein_coding	0	0	0	1	0	0	0	0	0	0	0	0	0	0	0	1	0	0	0	0	0	0	0	0	0	0	0
ADAM11	ENSG00000073670	ENST00000355638	nonsense_mediated_decay	0	0	0	1	0	0	0	0	0	0	0	0	0	0	0	1	0	0	0	0	0	0	0	0	0	0	0
ADAM11	ENSG00000073670	ENST00000535346	protein_coding	0	0	0	1	0	0	0	0	0	0	0	0	0	0	0	1	0	0	0	0	0	0	0	0	0	0	0
ADAM11	ENSG00000073670	ENST00000587773	nonsense_mediated_decay	0	0	0	1	0	0	0	0	0	0	0	0	0	0	0	1	0	0	0	0	0	0	0	0	0	0	0
ADAM11	ENSG00000073670	ENST00000588363	retained_intron	0	0	0	1	0	0	0	0	0	0	0	0	1	0	0	0	0	0	0	0	0	0	0	0	0	0	0
ADAM12	ENSG00000148848	ENST00000368676	protein_coding	0	0	0	1	0	0	0	0	0	0	0	0	0	0	0	1	0	0	0	0	0	0	0	0	0	0	0
ADAM12	ENSG00000148848	ENST00000368679	protein_coding	0	0	0	1	0	0	0	0	0	0	0	0	0	0	0	1	0	0	0	0	0	0	0	0	0	0	0
ADAM12	ENSG00000148848	ENST00000467145	processed_transcript	0	0	0	1	0	0	0	0	0	0	0	0	0	0	0	0	0	0	0	0	0	0	0	0	0	0	1
ADAM12	ENSG00000148848	ENST00000482291	processed_transcript	0	0	0	1	0	0	0	0	0	0	0	0	0	0	0	0	0	0	0	0	0	0	0	0	0	0	1
ADAMTS9	ENSG00000163638	ENST00000295903	protein_coding	0	0	0	1	0	0	0	0	0	0	0	0	0	0	0	1	0	0	0	0	0	0	0	0	0	0	0
ADAMTS9	ENSG00000163638	ENST00000459780	protein_coding	0	0	0	1	1	0	0	0	0	0	0	0	0	0	0	0	0	0	0	0	0	0	0	0	0	0	0
ADAMTS9	ENSG00000163638	ENST00000467119	retained_intron	0	0	0	1	0	0	0	0	0	0	0	0	1	0	0	0	0	0	0	0	0	0	0	0	0	0	0
ADAMTS9	ENSG00000163638	ENST00000475557	retained_intron	0	0	0	1	0	0	0	0	0	0	0	0	0	0	0	1	0	0	0	0	0	0	0	0	0	0	0
ADAMTS9	ENSG00000163638	ENST00000482490	retained_intron	0	0	0	1	0	0	0	0	0	0	0	0	0	0	0	1	0	0	0	0	0	0	0	0	0	0	0
ADAMTS9	ENSG00000163638	ENST00000494004	retained_intron	0	0	0	1	0	0	0	0	0	0	0	0	1	0	0	0	0	0	0	0	0	0	0	0	0	0	0
ADAMTS9	ENSG00000163638	ENST00000498707	protein_coding	0	0	0	1	0	0	0	0	0	0	0	0	0	0	0	1	0	0	0	0	0	0	0	0	0	0	0
ADARB2	ENSG00000185736	ENST00000381312	protein_coding	0	1	0	0	0	0	0	0	0	0	0	0	0	0	0	0	0	0	0	0	0	0	0	0	0	1	0
ADPRHL1	ENSG00000153531	ENST00000356501	protein_coding	0	0	1	0	0	0	0	0	0	0	0	0	0	0	0	0	1	0	0	0	0	0	0	0	0	0	0
ADPRHL1	ENSG00000153531	ENST00000375418	protein_coding	0	0	1	0	0	0	0	0	0	0	0	0	0	0	0	0	1	0	0	0	0	0	0	0	0	0	0
ADPRHL1	ENSG00000153531	ENST00000413169	protein_coding	0	0	1	0	0	0	0	0	0	0	0	0	0	0	0	0	1	0	0	0	0	0	0	0	0	0	0
ADPRHL1	ENSG00000153531	ENST00000612156	protein_coding	0	0	1	0	0	0	0	0	0	0	0	0	0	0	0	0	1	0	0	0	0	0	0	0	0	0	0
AHCYL2	ENSG00000158467	ENST00000325006	protein_coding	0	0	0	1	0	0	0	0	0	0	0	0	0	0	0	1	0	0	0	0	0	0	0	0	0	0	0
AHCYL2	ENSG00000158467	ENST00000446544	protein_coding	0	0	0	1	0	0	0	0	0	0	0	0	0	0	0	1	0	0	0	0	0	0	0	0	0	0	0
AHCYL2	ENSG00000158467	ENST00000460109	protein_coding	0	0	0	1	0	0	0	0	0	0	0	0	1	0	0	0	0	0	0	0	0	0	0	0	0	0	0
AHCYL2	ENSG00000158467	ENST00000461161	processed_transcript	0	0	0	1	0	0	0	0	0	0	0	0	0	0	0	1	0	0	0	0	0	0	0	0	0	0	0
AHCYL2	ENSG00000158467	ENST00000466924	protein_coding	0	0	0	1	0	0	0	0	0	0	0	0	0	0	0	1	0	0	0	0	0	0	0	0	0	0	0
AHCYL2	ENSG00000158467	ENST00000466993	protein_coding	0	0	0	1	0	0	0	0	0	0	0	0	0	0	0	1	0	0	0	0	0	0	0	0	0	0	0
AHCYL2	ENSG00000158467	ENST00000472554	processed_transcript	0	0	0	1	0	0	0	0	0	0	0	0	0	0	0	1	0	0	0	0	0	0	0	0	0	0	0
AHCYL2	ENSG00000158467	ENST00000474594	protein_coding	0	0	0	1	0	0	0	0	0	0	0	0	0	0	0	1	0	0	0	0	0	0	0	0	0	0	0
AHCYL2	ENSG00000158467	ENST00000490911	protein_coding	0	0	0	1	0	0	0	0	0	0	0	0	0	0	0	1	0	0	0	0	0	0	0	0	0	0	0
AHCYL2	ENSG00000158467	ENST00000491079	retained_intron	0	0	0	1	0	0	0	0	0	0	0	0	0	0	0	1	0	0	0	0	0	0	0	0	0	0	0
AKAP9	ENSG00000127914	ENST00000356239	protein_coding	0	0	1	0	0	0	0	0	0	0	0	0	0	0	0	0	1	0	0	0	0	0	0	0	0	0	0
AKAP9	ENSG00000127914	ENST00000358100	protein_coding	0	0	1	0	0	0	0	0	0	0	0	0	0	0	0	0	1	0	0	0	0	0	0	0	0	0	0
AKAP9	ENSG00000127914	ENST00000359028	protein_coding	0	0	1	0	0	0	0	0	0	0	0	0	0	0	0	0	1	0	0	0	0	0	0	0	0	0	0
AKAP9	ENSG00000127914	ENST00000394534	protein_coding	0	0	1	0	0	0	0	0	0	0	0	0	0	0	0	0	1	0	0	0	0	0	0	0	0	0	0
AKR1D1	ENSG00000122787	ENST00000242375	protein_coding	0	0	0	1	1	0	0	0	0	0	0	0	0	0	0	0	0	0	0	0	0	0	0	0	0	0	0
AKR1D1	ENSG00000122787	ENST00000411726	protein_coding	0	0	0	1	1	0	0	0	0	0	0	0	0	0	0	0	0	0	0	0	0	0	0	0	0	0	0
AKR1D1	ENSG00000122787	ENST00000432161	protein_coding	0	0	0	1	1	0	0	0	0	0	0	0	0	0	0	0	0	0	0	0	0	0	0	0	0	0	0
AKR1D1	ENSG00000122787	ENST00000468877	processed_transcript	0	0	0	1	0	0	0	0	0	0	0	0	0	0	0	0	0	1	0	0	0	0	0	0	0	0	0
AL031601.2	ENSG00000274167	ENST00000622650	transcribed_unprocessed_pseudogene	0	1	0	0	0	0	0	0	0	0	0	0	0	0	0	1	0	0	0	0	0	1	0	0	0	0	0
AL031601.2	ENSG00000274167	ENST00000622823	processed_transcript	0	0	0	1	0	0	0	0	0	0	0	0	0	0	0	1	0	0	0	0	0	0	0	0	0	0	0
AL133173.1	ENSG00000227679	ENST00000423458	processed_pseudogene	0	0	0	1	0	0	0	0	0	0	0	0	0	0	0	0	0	1	0	0	0	0	0	0	0	0	0
AL133173.2	ENSG00000277133	ENST00000614270	processed_pseudogene	0	0	0	1	0	0	0	0	0	0	0	0	1	0	0	0	0	0	0	0	0	0	0	0	0	0	0
AL133216.1	ENSG00000203496	ENST00000428915		0	0	0	1	0	0	0	0	0	0	0	0	0	0	0	0	0	1	0	0	0	0	0	0	0	0	0
AL133216.2	ENSG00000276805	ENST00000622550	processed_transcript	0	0	0	1	0	0	0	0	0	0	0	0	0	0	0	0	0	1	0	0	0	0	0	0	0	0	0
AL135791.1	ENSG00000236514	ENST00000429214		0	0	0	1	0	0	0	0	0	0	0	0	0	0	0	0	0	1	0	0	0	0	0	0	0	0	0
AL136526.1	ENSG00000280169	ENST00000624456		0	0	0	1	0	0	0	0	0	0	0	0	1	0	0	0	0	0	0	0	0	0	0	0	0	0	0
AL137001.1	ENSG00000226619	ENST00000450212		0	0	0	1	0	0	0	0	0	0	0	0	0	0	0	0	0	0	0	0	0	0	0	0	0	0	1
AL139188.1	ENSG00000278172	ENST00000619339	misc_RNA	0	0	0	1	0	0	0	0	0	0	0	0	0	0	0	0	0	0	0	0	0	0	0	0	0	0	1
AL139327.3	ENSG00000278337	ENST00000612362	unprocessed_pseudogene	0	0	0	1	0	0	0	0	0	0	0	0	0	0	0	0	0	0	0	0	0	0	0	0	0	0	1
AL157369.1	ENSG00000287456	ENST00000657958		0	0	0	1	0	0	0	0	0	0	0	0	0	0	0	1	0	0	0	0	0	0	0	0	0	0	0
AL157392.2	ENSG00000234091	ENST00000449462		0	0	0	1	0	0	0	0	0	0	0	0	0	0	0	1	0	0	0	0	0	0	0	0	0	0	0
AL158835.3	ENSG00000280561	ENST00000625908		0	0	0	1	0	0	0	0	0	0	0	0	0	0	0	1	0	0	0	0	0	0	0	0	0	0	0
AL160035.1	ENSG00000283579	ENST00000637583		0	0	0	1	0	0	0	0	0	0	0	0	0	0	0	1	0	0	0	0	0	0	0	0	0	0	0
AL161932.2	ENSG00000234811	ENST00000437408	processed_pseudogene	0	0	0	1	0	0	0	0	0	0	0	0	1	0	0	0	0	0	0	0	0	0	0	0	0	0	0
AL161932.3	ENSG00000235113	ENST00000435436	processed_pseudogene	0	0	0	1	0	0	0	0	0	0	0	0	0	0	0	0	0	1	0	0	0	0	0	0	0	0	0
AL353784.1	ENSG00000234173	ENST00000422842		0	0	0	1	0	0	0	0	0	0	0	0	0	0	0	1	0	0	0	0	0	0	0	0	0	0	0
AL356095.2	ENSG00000279399	ENST00000624025	TEC	0	0	0	1	0	0	0	0	0	0	0	0	0	0	0	0	0	0	0	0	0	0	0	0	0	0	1
AL356585.4	ENSG00000279924	ENST00000623078	unprocessed_pseudogene	0	0	0	1	0	0	0	0	0	0	0	0	1	0	0	0	0	0	0	0	0	0	0	0	0	0	0
AL356966.1	ENSG00000224356	ENST00000454752		0	0	0	1	0	0	0	0	0	0	0	0	0	0	0	1	0	0	0	0	0	0	0	0	0	0	0
AL356966.1	ENSG00000224356	ENST00000608779		0	0	0	1	0	0	0	0	0	0	0	0	0	0	0	0	0	0	0	0	0	0	0	0	0	0	1
AL356966.1	ENSG00000224356	ENST00000629479		0	0	0	1	0	0	0	0	0	0	0	0	0	0	0	1	0	0	0	0	0	0	0	0	0	0	0
AL360181.2	ENSG00000235245	ENST00000424450		0	0	0	1	0	0	0	0	0	0	0	0	1	0	0	0	0	0	0	0	0	0	0	0	0	0	0
AL391005.1	ENSG00000279725	ENST00000623953	TEC	0	0	0	1	0	0	0	0	0	0	0	0	0	0	0	0	0	1	0	0	0	0	0	0	0	0	0
AL513190.1	ENSG00000278831	ENST00000621254		0	0	0	1	0	0	0	0	0	0	0	0	0	0	0	0	0	0	0	0	0	0	0	0	0	0	1
AL513304.1	ENSG00000233052	ENST00000432987		0	0	0	1	0	0	0	0	0	0	0	0	0	0	0	0	0	0	0	0	0	0	0	0	0	0	1
AL713922.1	ENSG00000237297	ENST00000416477	unprocessed_pseudogene	0	0	0	1	0	0	0	0	0	0	0	0	1	0	0	0	0	0	0	0	0	0	0	0	0	0	0
AL731769.2	ENSG00000288107	ENST00000655152		0	0	0	1	0	0	0	0	0	0	0	0	0	0	0	1	0	0	0	0	0	0	0	0	0	0	0
AL731769.2	ENSG00000288107	ENST00000669404		0	0	0	1	0	0	0	0	0	0	0	0	0	0	0	1	0	0	0	0	0	0	0	0	0	0	0
ALG1L10P	ENSG00000254016	ENST00000437882	unprocessed_pseudogene	0	0	0	1	0	0	0	0	0	0	0	0	0	0	0	0	0	0	0	0	0	0	0	0	0	0	1
ALG1L5P	ENSG00000226943	ENST00000482043	unprocessed_pseudogene	0	0	0	1	0	0	0	0	0	0	0	0	0	0	0	0	0	1	0	0	0	0	0	0	0	0	0
ALG5	ENSG00000120697	ENST00000239891	protein_coding	1	0	0	0	0	0	0	0	0	0	0	0	0	0	1	1	0	0	0	1	0	1	0	0	0	0	0
ALG5	ENSG00000120697	ENST00000443765	protein_coding	1	0	0	0	0	0	0	0	0	0	0	0	0	0	1	1	0	0	0	1	0	1	0	0	0	0	0
ALG5	ENSG00000120697	ENST00000460230	processed_transcript	0	0	0	1	0	0	0	0	0	0	0	0	0	0	0	0	0	0	0	0	0	0	0	0	0	0	1
ALOX15P1	ENSG00000274114	ENST00000634558	processed_transcript	0	0	0	1	0	0	0	0	0	0	0	0	0	0	0	1	0	0	0	0	0	0	0	0	0	0	0
ALOX15P1	ENSG00000274114	ENST00000634823	processed_transcript	0	0	0	1	0	0	0	0	0	0	0	0	0	0	0	1	0	0	0	0	0	0	0	0	0	0	0
AMER2	ENSG00000165566	ENST00000357816	protein_coding	0	1	0	0	0	0	0	0	0	0	0	0	0	0	0	0	0	0	0	0	0	0	0	0	0	1	0
AMER2	ENSG00000165566	ENST00000515384	protein_coding	0	1	0	0	0	0	0	0	0	0	0	0	0	0	0	0	0	0	0	0	0	0	0	0	0	1	0
AMN1	ENSG00000151743	ENST00000281471	protein_coding	0	0	1	0	0	0	0	0	0	0	0	0	0	0	0	0	1	0	0	0	0	0	0	0	0	0	0
AMN1	ENSG00000151743	ENST00000457428	protein_coding	0	0	0	1	0	0	0	0	0	0	0	0	1	0	0	0	0	0	0	0	0	0	0	0	0	0	0
AMN1	ENSG00000151743	ENST00000506446	protein_coding	0	0	0	1	0	0	0	0	0	0	0	0	1	0	0	0	0	0	0	0	0	0	0	0	0	0	0
AMN1	ENSG00000151743	ENST00000535408	protein_coding	0	0	1	0	0	0	0	0	0	0	0	0	0	0	0	0	1	0	0	0	0	0	0	0	0	0	0
AMN1	ENSG00000151743	ENST00000536761	protein_coding	0	0	1	0	0	0	0	0	0	0	0	0	0	0	0	0	1	0	0	0	0	0	0	0	0	0	0
AMN1	ENSG00000151743	ENST00000537562	protein_coding	0	0	1	0	0	0	0	0	0	0	0	0	0	0	0	0	1	0	0	0	0	0	0	0	0	0	0
AMN1	ENSG00000151743	ENST00000537960	protein_coding	0	0	0	1	0	0	0	0	0	0	0	0	1	0	0	0	0	0	0	0	0	0	0	0	0	0	0
AMN1	ENSG00000151743	ENST00000541931	protein_coding	0	0	0	1	0	0	0	1	0	0	0	0	0	0	0	0	0	0	0	0	0	0	0	0	0	0	0
AMN1	ENSG00000151743	ENST00000542781	protein_coding	0	0	0	1	0	0	0	1	0	0	0	0	0	0	0	0	0	0	0	0	0	0	0	0	0	0	0
AMZ1	ENSG00000174945	ENST00000312371	protein_coding	0	1	0	0	0	0	0	0	0	0	0	0	0	0	0	0	0	0	0	0	0	0	0	0	0	1	0
AMZ1	ENSG00000174945	ENST00000407112	protein_coding	0	0	0	1	1	0	0	0	0	0	0	0	0	0	0	0	0	0	0	0	0	0	0	0	0	0	0
AMZ1	ENSG00000174945	ENST00000480560	retained_intron	0	0	0	1	0	0	0	0	0	0	0	0	1	0	0	0	0	0	0	0	0	0	0	0	0	0	0
AMZ1	ENSG00000174945	ENST00000485540	processed_transcript	0	0	0	1	0	0	0	0	0	0	0	0	1	0	0	0	0	0	0	0	0	0	0	0	0	0	0
AMZ1	ENSG00000174945	ENST00000489665	processed_transcript	0	0	0	1	0	0	0	0	0	0	0	0	0	0	0	1	0	0	0	0	0	0	0	0	0	0	0
ANKRD13A	ENSG00000076513	ENST00000261739	protein_coding	0	0	0	1	0	0	0	0	0	0	0	0	0	0	0	1	0	0	0	0	0	0	0	0	0	0	0
ANKRD13A	ENSG00000076513	ENST00000546476	retained_intron	0	0	0	1	0	0	0	0	0	0	0	0	0	0	0	1	0	0	0	0	0	0	0	0	0	0	0
ANKRD13A	ENSG00000076513	ENST00000547419	protein_coding	0	0	0	1	0	0	0	0	0	0	0	0	0	0	0	0	0	0	0	0	0	0	0	0	0	0	1
ANKRD13A	ENSG00000076513	ENST00000547639	protein_coding	0	0	0	1	0	0	0	0	0	0	0	0	0	0	0	1	0	0	0	0	0	0	0	0	0	0	0
ANKRD13A	ENSG00000076513	ENST00000549826	retained_intron	0	0	0	1	0	0	0	0	0	0	0	0	0	0	0	0	0	0	0	0	0	0	0	0	0	0	1
ANKRD13A	ENSG00000076513	ENST00000551491	protein_coding	0	0	0	1	0	0	0	0	0	0	0	0	0	0	0	0	0	0	0	0	0	0	0	0	0	0	1
ANKRD13A	ENSG00000076513	ENST00000553025	nonsense_mediated_decay	0	0	0	1	0	0	0	0	0	0	0	0	0	0	0	1	0	0	0	0	0	0	0	0	0	0	0
ANKRD13A	ENSG00000076513	ENST00000553251	retained_intron	0	0	0	1	0	0	0	0	0	0	0	0	0	0	0	0	0	1	0	0	0	0	0	0	0	0	0
ANKRD18DP	ENSG00000226435	ENST00000335478	processed_transcript	0	0	0	2	0	0	0	0	0	0	0	0	0	0	0	0	0	2	0	0	0	0	0	0	0	0	0
ANKRD18DP	ENSG00000226435	ENST00000435620	processed_transcript	0	0	0	2	0	0	0	0	0	0	0	0	0	0	0	0	0	2	0	0	0	0	0	0	0	0	0
ANKRD18DP	ENSG00000226435	ENST00000440713	retained_intron	0	0	0	2	0	0	0	0	0	0	0	0	2	0	0	0	0	0	0	0	0	0	0	0	0	0	0
ANKRD18DP	ENSG00000226435	ENST00000455355	transcribed_unprocessed_pseudogene	0	0	0	2	0	0	0	0	0	0	0	0	0	0	0	0	0	2	0	0	0	0	0	0	0	0	0
ANKRD20A9P	ENSG00000206192	ENST00000457997	unprocessed_pseudogene	0	0	0	6	0	0	0	0	0	0	0	0	0	0	0	3	0	2	0	0	0	0	0	0	0	0	1
ANKRD28	ENSG00000206560	ENST00000399451	protein_coding	0	0	0	2	2	0	0	0	0	0	0	0	0	0	0	0	0	0	0	0	0	0	0	0	0	0	0
ANKRD28	ENSG00000206560	ENST00000412318	nonsense_mediated_decay	0	0	0	2	0	0	0	0	0	0	0	0	0	0	0	2	0	0	0	0	0	0	0	0	0	0	0
ANKRD28	ENSG00000206560	ENST00000497037	processed_transcript	0	0	0	2	0	0	0	0	0	0	0	0	2	0	0	0	0	0	0	0	0	0	0	0	0	0	0
ANKRD28	ENSG00000206560	ENST00000498713	processed_transcript	0	0	0	2	0	0	0	0	0	0	0	0	2	0	0	0	0	0	0	0	0	0	0	0	0	0	0
ANKRD28	ENSG00000206560	ENST00000624145	protein_coding	0	0	0	2	2	0	0	0	0	0	0	0	0	0	0	0	0	0	0	0	0	0	0	0	0	0	0
ANKRD30A	ENSG00000148513	ENST00000361713	protein_coding	0	1	0	0	0	0	0	0	0	0	0	0	0	0	0	1	0	0	0	0	0	1	0	0	0	0	0
ANKRD30A	ENSG00000148513	ENST00000374660	protein_coding	0	1	0	0	0	0	0	0	0	0	0	0	0	0	0	1	0	0	0	0	0	1	0	0	0	0	0
ANKRD30A	ENSG00000148513	ENST00000602533	protein_coding	0	1	0	0	0	0	0	0	0	0	0	0	0	0	0	1	0	0	0	0	0	1	0	0	0	0	0
ANKRD30A	ENSG00000148513	ENST00000611781	protein_coding	0	1	0	0	0	0	0	0	0	0	0	0	0	0	0	1	0	0	0	0	0	1	0	0	0	0	0
ANKS1B	ENSG00000185046	ENST00000546568	protein_coding	0	0	0	2	0	0	0	0	0	0	0	0	0	0	0	2	0	0	0	0	0	0	0	0	0	0	0
ANKS1B	ENSG00000185046	ENST00000546960	protein_coding	0	0	0	2	0	0	0	0	0	0	0	0	0	0	0	2	0	0	0	0	0	0	0	0	0	0	0
ANKS1B	ENSG00000185046	ENST00000547010	protein_coding	0	0	0	2	0	0	0	0	0	0	0	0	0	0	0	2	0	0	0	0	0	0	0	0	0	0	0
ANKS1B	ENSG00000185046	ENST00000547446	protein_coding	0	0	0	2	0	0	0	0	0	0	0	0	0	0	0	2	0	0	0	0	0	0	0	0	0	0	0
ANKS1B	ENSG00000185046	ENST00000547776	protein_coding	0	0	0	2	0	0	0	0	0	0	0	0	0	0	0	2	0	0	0	0	0	0	0	0	0	0	0
ANKS1B	ENSG00000185046	ENST00000549025	protein_coding	0	0	0	2	0	0	0	0	0	0	0	0	0	0	0	2	0	0	0	0	0	0	0	0	0	0	0
ANKS1B	ENSG00000185046	ENST00000549493	protein_coding	0	0	0	2	0	0	0	0	0	0	0	0	0	0	0	2	0	0	0	0	0	0	0	0	0	0	0
ANKS1B	ENSG00000185046	ENST00000549558	protein_coding	0	0	0	2	0	0	0	0	0	0	0	0	0	0	0	2	0	0	0	0	0	0	0	0	0	0	0
ANKS1B	ENSG00000185046	ENST00000550693	protein_coding	0	0	0	2	0	0	0	0	0	0	0	0	0	0	0	2	0	0	0	0	0	0	0	0	0	0	0
ANKS1B	ENSG00000185046	ENST00000550778	protein_coding	0	0	0	2	0	0	0	0	0	0	0	0	0	0	0	2	0	0	0	0	0	0	0	0	0	0	0
ANKS1B	ENSG00000185046	ENST00000552210	processed_transcript	0	0	0	2	0	0	0	0	0	0	0	0	0	0	0	0	0	0	0	0	0	0	0	0	0	0	2
ANKS1B	ENSG00000185046	ENST00000552245	retained_intron	0	0	0	2	0	0	0	0	0	0	0	0	0	0	0	2	0	0	0	0	0	0	0	0	0	0	0
ANKS1B	ENSG00000185046	ENST00000557083	processed_transcript	0	0	0	2	0	0	0	0	0	0	0	0	0	0	0	2	0	0	0	0	0	0	0	0	0	0	0
ANXA2P3	ENSG00000216740	ENST00000404883	processed_pseudogene	0	0	0	1	0	0	0	0	0	0	0	0	0	0	0	0	0	1	0	0	0	0	0	0	0	0	0
AOAH	ENSG00000136250	ENST00000414637	nonsense_mediated_decay	0	0	0	1	0	0	0	0	0	0	0	0	0	0	0	1	0	0	0	0	0	0	0	0	0	0	0
AOAH	ENSG00000136250	ENST00000435386	protein_coding	0	0	0	1	0	0	0	0	0	0	0	0	0	0	0	1	0	0	0	0	0	0	0	0	0	0	0
AOAH	ENSG00000136250	ENST00000612871	protein_coding	0	0	0	1	0	0	0	0	0	0	0	0	0	0	0	1	0	0	0	0	0	0	0	0	0	0	0
AOAH	ENSG00000136250	ENST00000617267	protein_coding	0	0	0	1	0	0	0	0	0	0	0	0	0	0	0	1	0	0	0	0	0	0	0	0	0	0	0
AOAH	ENSG00000136250	ENST00000617537	protein_coding	0	0	0	1	0	0	0	0	0	0	0	0	0	0	0	1	0	0	0	0	0	0	0	0	0	0	0
APEH	ENSG00000164062	ENST00000296456	protein_coding	0	0	0	3	0	0	0	0	0	0	0	0	2	0	0	0	0	0	0	0	0	0	0	0	0	0	1
APEH	ENSG00000164062	ENST00000438011	protein_coding	0	0	0	2	0	0	0	0	0	0	0	0	1	0	0	0	0	0	0	0	0	0	0	0	0	0	1
APEH	ENSG00000164062	ENST00000442186	protein_coding	0	0	0	1	0	0	0	0	0	0	0	0	0	0	0	0	0	0	0	0	0	0	0	0	0	0	1
APEH	ENSG00000164062	ENST00000446089	nonsense_mediated_decay	0	0	0	1	0	0	0	0	0	0	0	0	0	0	0	0	0	0	0	0	0	0	0	0	0	0	1
APEH	ENSG00000164062	ENST00000447436	nonsense_mediated_decay	0	0	0	1	0	0	0	0	0	0	0	0	0	0	0	0	0	0	0	0	0	0	0	0	0	0	1
APEH	ENSG00000164062	ENST00000447541	nonsense_mediated_decay	0	0	0	1	0	0	0	0	0	0	0	0	0	0	0	0	0	0	0	0	0	0	0	0	0	0	1
APEH	ENSG00000164062	ENST00000449966	protein_coding	0	0	0	1	0	0	0	0	0	0	0	0	0	0	0	1	0	0	0	0	0	0	0	0	0	0	0
APEH	ENSG00000164062	ENST00000457042	protein_coding	0	0	0	1	0	0	0	0	0	0	0	0	0	0	0	0	0	0	0	0	0	0	0	0	0	0	1
APEH	ENSG00000164062	ENST00000462439	retained_intron	0	0	0	1	0	0	0	0	0	0	0	0	0	0	0	0	0	0	0	0	0	0	0	0	0	0	1
APEH	ENSG00000164062	ENST00000463616	retained_intron	0	0	0	1	0	0	0	0	0	0	0	0	0	0	0	0	0	0	0	0	0	0	0	0	0	0	1
APEH	ENSG00000164062	ENST00000463995	retained_intron	0	0	0	1	0	0	0	0	0	0	0	0	0	0	0	0	0	0	0	0	0	0	0	0	0	0	1
APEH	ENSG00000164062	ENST00000469362	nonsense_mediated_decay	0	0	0	2	0	0	0	0	0	0	0	0	1	0	0	0	0	0	0	0	0	0	0	0	0	0	1
APEH	ENSG00000164062	ENST00000480772	retained_intron	0	0	0	1	0	0	0	0	0	0	0	0	1	0	0	0	0	0	0	0	0	0	0	0	0	0	0
APEH	ENSG00000164062	ENST00000482301	retained_intron	0	0	0	1	0	0	0	0	0	0	0	0	0	0	0	0	0	0	0	0	0	0	0	0	0	0	1
APEH	ENSG00000164062	ENST00000483715	retained_intron	0	0	0	1	0	0	0	0	0	0	0	0	0	0	0	1	0	0	0	0	0	0	0	0	0	0	0
APEH	ENSG00000164062	ENST00000491799	retained_intron	0	0	0	1	0	0	0	0	0	0	0	0	0	0	0	0	0	0	0	0	0	0	0	0	0	0	1
APOOP2	ENSG00000240902	ENST00000461561	processed_pseudogene	0	0	0	1	0	0	0	0	0	0	0	0	0	0	0	0	0	1	0	0	0	0	0	0	0	0	0
ARGLU1	ENSG00000134884	ENST00000360629	processed_transcript	0	0	0	1	0	0	0	0	0	0	0	0	0	0	0	0	0	0	0	0	0	0	0	0	0	0	1
ARGLU1	ENSG00000134884	ENST00000400198	protein_coding	0	0	1	0	0	0	0	0	1	0	0	0	0	0	0	0	0	0	0	0	0	0	0	0	0	0	0
ARGLU1	ENSG00000134884	ENST00000472226	retained_intron	0	0	0	1	0	0	0	0	0	0	0	0	0	0	0	0	0	1	0	0	0	0	0	0	0	0	0
ARHGAP21	ENSG00000107863	ENST00000320481	protein_coding	0	1	1	0	0	0	0	0	0	0	0	0	0	0	0	0	1	0	0	0	0	0	0	0	0	1	0
ARHGAP21	ENSG00000107863	ENST00000376410	protein_coding	0	0	0	2	0	0	0	0	0	0	0	0	2	0	0	0	0	0	0	0	0	0	0	0	0	0	0
ARHGAP21	ENSG00000107863	ENST00000396432	protein_coding	0	1	1	0	0	0	0	0	0	0	0	0	0	0	0	0	1	0	0	0	0	0	0	0	0	1	0
ARHGAP21	ENSG00000107863	ENST00000418033	protein_coding	0	1	1	0	0	0	0	0	0	0	0	0	0	0	0	0	1	0	0	0	0	0	0	0	0	1	0
ARHGAP21	ENSG00000107863	ENST00000418325	protein_coding	0	1	1	0	0	0	0	0	0	0	0	0	0	0	0	0	1	0	0	0	0	0	0	0	0	1	0
ARHGAP21	ENSG00000107863	ENST00000446003	protein_coding	0	0	0	2	0	0	0	0	0	0	0	0	2	0	0	0	0	0	0	0	0	0	0	0	0	0	0
ARHGAP21	ENSG00000107863	ENST00000482792	retained_intron	0	0	0	2	0	0	0	0	0	0	0	0	0	0	0	0	0	0	0	0	0	0	0	0	0	0	2
ARHGAP21	ENSG00000107863	ENST00000486374	retained_intron	0	0	0	2	0	0	0	0	0	0	0	0	0	0	0	0	0	2	0	0	0	0	0	0	0	0	0
ARHGAP21	ENSG00000107863	ENST00000493154	processed_transcript	0	0	0	2	0	0	0	0	0	0	0	0	2	0	0	0	0	0	0	0	0	0	0	0	0	0	0
ARHGAP21	ENSG00000107863	ENST00000612832	protein_coding	0	1	1	0	0	0	0	0	0	0	0	0	0	0	0	0	1	0	0	0	0	0	0	0	0	1	0
ARHGAP21	ENSG00000107863	ENST00000636789	protein_coding	0	1	1	0	0	0	0	0	0	0	0	0	0	0	0	0	1	0	0	0	0	0	0	0	0	1	0
ARHGAP21	ENSG00000107863	ENST00000638156	nonsense_mediated_decay	0	0	0	2	0	0	0	0	0	0	0	0	0	0	0	0	0	2	0	0	0	0	0	0	0	0	0
ARHGAP22	ENSG00000128805	ENST00000249601	protein_coding	0	0	0	1	0	0	0	0	0	0	0	0	0	0	0	1	0	0	0	0	0	0	0	0	0	0	0
ARHGAP22	ENSG00000128805	ENST00000374170	protein_coding	0	0	0	1	0	0	0	0	0	0	0	0	0	0	0	1	0	0	0	0	0	0	0	0	0	0	0
ARHGAP22	ENSG00000128805	ENST00000374172	protein_coding	0	0	0	1	0	0	0	0	0	0	0	0	0	0	0	1	0	0	0	0	0	0	0	0	0	0	0
ARHGAP22	ENSG00000128805	ENST00000417247	protein_coding	0	0	0	1	0	0	0	0	0	0	0	0	0	0	0	1	0	0	0	0	0	0	0	0	0	0	0
ARHGAP22	ENSG00000128805	ENST00000417912	protein_coding	0	0	0	1	0	0	0	0	0	0	0	0	0	0	0	1	0	0	0	0	0	0	0	0	0	0	0
ARHGAP22	ENSG00000128805	ENST00000435790	protein_coding	0	0	0	1	0	0	0	0	0	0	0	0	0	0	0	1	0	0	0	0	0	0	0	0	0	0	0
ARHGAP22	ENSG00000128805	ENST00000460425	nonsense_mediated_decay	0	0	0	1	0	0	0	0	0	0	0	0	0	0	0	1	0	0	0	0	0	0	0	0	0	0	0
ARHGAP22	ENSG00000128805	ENST00000471013	processed_transcript	0	0	0	1	0	0	0	0	0	0	0	0	0	0	0	1	0	0	0	0	0	0	0	0	0	0	0
ARHGAP22	ENSG00000128805	ENST00000515523	processed_transcript	0	0	0	1	0	0	0	0	0	0	0	0	0	0	0	0	0	0	0	0	0	0	0	0	0	0	1
ARHGAP23	ENSG00000275832	ENST00000614693	protein_coding	0	0	0	1	0	0	0	0	0	0	0	0	0	0	0	1	0	0	0	0	0	0	0	0	0	0	0
ARHGAP23	ENSG00000275832	ENST00000616909	protein_coding	0	0	0	1	0	0	0	0	0	0	0	0	0	0	0	0	0	0	0	0	0	0	0	0	0	0	1
ARHGAP23	ENSG00000275832	ENST00000618325	retained_intron	0	0	0	1	0	0	0	0	0	0	0	0	0	0	0	0	0	0	0	0	0	0	0	0	0	0	1
ARHGAP23	ENSG00000275832	ENST00000618942	protein_coding	0	0	0	1	0	0	0	0	0	0	0	0	1	0	0	0	0	0	0	0	0	0	0	0	0	0	0
ARHGAP23	ENSG00000275832	ENST00000619156	nonsense_mediated_decay	0	0	0	1	0	0	0	0	0	0	0	0	0	0	0	0	0	0	0	0	0	0	0	0	0	0	1
ARHGAP23	ENSG00000275832	ENST00000620329	protein_coding	0	0	0	1	0	0	0	0	0	0	0	0	0	0	0	1	0	0	0	0	0	0	0	0	0	0	0
ARHGAP23	ENSG00000275832	ENST00000620417	protein_coding	0	0	0	2	0	0	0	0	0	0	0	0	0	0	0	2	0	0	0	0	0	0	0	0	0	0	0
ARHGAP23	ENSG00000275832	ENST00000622683	protein_coding	0	0	0	2	0	0	0	0	0	0	0	0	0	0	0	2	0	0	0	0	0	0	0	0	0	0	0
ARL16	ENSG00000214087	ENST00000397498	protein_coding	0	0	0	2	0	0	0	0	0	0	0	0	0	0	0	2	0	0	0	0	0	0	0	0	0	0	0
ARL16	ENSG00000214087	ENST00000570561	protein_coding	0	0	0	2	0	0	0	0	0	0	0	0	0	0	0	2	0	0	0	0	0	0	0	0	0	0	0
ARL16	ENSG00000214087	ENST00000570910	retained_intron	0	0	0	2	0	0	0	0	0	0	0	0	0	0	0	0	0	2	0	0	0	0	0	0	0	0	0
ARL16	ENSG00000214087	ENST00000571082	retained_intron	0	0	0	2	0	0	0	0	0	0	0	0	0	0	0	2	0	0	0	0	0	0	0	0	0	0	0
ARL16	ENSG00000214087	ENST00000572704	retained_intron	0	0	0	2	0	0	0	0	0	0	0	0	0	0	0	0	0	2	0	0	0	0	0	0	0	0	0
ARL16	ENSG00000214087	ENST00000572937	retained_intron	0	0	0	2	0	0	0	0	0	0	0	0	0	0	0	0	0	2	0	0	0	0	0	0	0	0	0
ARL16	ENSG00000214087	ENST00000573392	protein_coding	0	0	0	2	0	0	0	0	0	0	0	0	0	0	0	2	0	0	0	0	0	0	0	0	0	0	0
ARL16	ENSG00000214087	ENST00000573569	retained_intron	0	0	0	2	0	0	0	0	0	0	0	0	0	0	0	2	0	0	0	0	0	0	0	0	0	0	0
ARL16	ENSG00000214087	ENST00000573715	protein_coding	0	0	0	2	0	0	0	0	0	0	0	0	0	0	0	2	0	0	0	0	0	0	0	0	0	0	0
ARL16	ENSG00000214087	ENST00000574938	protein_coding	0	0	0	2	0	0	0	0	0	0	0	0	0	0	0	2	0	0	0	0	0	0	0	0	0	0	0
ARL16	ENSG00000214087	ENST00000576135	protein_coding	0	0	0	2	0	0	0	0	0	0	0	0	0	0	0	2	0	0	0	0	0	0	0	0	0	0	0
ARL16	ENSG00000214087	ENST00000576914	nonsense_mediated_decay	0	0	0	2	0	0	0	0	0	0	0	0	0	0	0	2	0	0	0	0	0	0	0	0	0	0	0
ARL16	ENSG00000214087	ENST00000577142	retained_intron	0	0	0	2	0	0	0	0	0	0	0	0	0	0	0	0	0	2	0	0	0	0	0	0	0	0	0
ARL16	ENSG00000214087	ENST00000621051	protein_coding	0	0	0	2	0	0	0	0	0	0	0	0	0	0	0	2	0	0	0	0	0	0	0	0	0	0	0
ARL16	ENSG00000214087	ENST00000622299	protein_coding	0	0	0	2	0	0	0	0	0	0	0	0	0	0	0	2	0	0	0	0	0	0	0	0	0	0	0
ARL5AP2	ENSG00000236818	ENST00000444698	processed_pseudogene	0	0	0	1	0	0	0	0	0	0	0	0	0	0	0	0	0	1	0	0	0	0	0	0	0	0	0
ARL5B	ENSG00000165997	ENST00000377275	protein_coding	0	0	0	1	1	0	0	0	0	0	0	0	0	0	0	0	0	0	0	0	0	0	0	0	0	0	0
ARPC1B	ENSG00000130429	ENST00000417330	protein_coding	0	0	0	2	0	0	0	0	0	0	0	0	2	0	0	0	0	0	0	0	0	0	0	0	0	0	0
ARPC1B	ENSG00000130429	ENST00000427217	protein_coding	0	0	0	2	0	0	0	0	0	0	0	0	2	0	0	0	0	0	0	0	0	0	0	0	0	0	0
ARPC1B	ENSG00000130429	ENST00000431816	protein_coding	0	0	0	2	0	0	0	0	0	0	0	0	2	0	0	0	0	0	0	0	0	0	0	0	0	0	0
ARPC1B	ENSG00000130429	ENST00000443222	protein_coding	0	0	0	2	0	0	0	0	0	0	0	0	2	0	0	0	0	0	0	0	0	0	0	0	0	0	0
ARPC1B	ENSG00000130429	ENST00000451682	protein_coding	0	0	0	2	0	0	0	0	0	0	0	0	2	0	0	0	0	0	0	0	0	0	0	0	0	0	0
ARPC1B	ENSG00000130429	ENST00000455009	protein_coding	0	0	0	2	0	0	0	0	0	0	0	0	2	0	0	0	0	0	0	0	0	0	0	0	0	0	0
ARPC1B	ENSG00000130429	ENST00000458033	protein_coding	0	0	0	2	0	0	0	0	0	0	0	0	2	0	0	0	0	0	0	0	0	0	0	0	0	0	0
ARPC1B	ENSG00000130429	ENST00000463078	processed_transcript	0	0	0	2	0	0	0	0	0	0	0	0	2	0	0	0	0	0	0	0	0	0	0	0	0	0	0
ARPC1B	ENSG00000130429	ENST00000481997	retained_intron	0	0	0	2	0	0	0	0	0	0	0	0	2	0	0	0	0	0	0	0	0	0	0	0	0	0	0
ARPC1B	ENSG00000130429	ENST00000491294	retained_intron	0	0	0	2	0	0	0	0	0	0	0	0	2	0	0	0	0	0	0	0	0	0	0	0	0	0	0
ARPC1B	ENSG00000130429	ENST00000645391	protein_coding	0	0	0	2	0	0	0	0	0	0	0	0	2	0	0	0	0	0	0	0	0	0	0	0	0	0	0
ARPC1B	ENSG00000130429	ENST00000646101	protein_coding	0	0	0	2	0	0	0	0	0	0	0	0	2	0	0	0	0	0	0	0	0	0	0	0	0	0	0
ARPC3	ENSG00000111229	ENST00000228825	protein_coding	0	0	1	1	0	0	0	0	0	0	0	0	1	0	0	0	1	0	0	0	0	0	0	0	0	0	0
ARPC3	ENSG00000111229	ENST00000426440	protein_coding	0	0	1	0	0	0	0	0	0	0	0	0	0	0	0	0	1	0	0	0	0	0	0	0	0	0	0
ARPC3	ENSG00000111229	ENST00000467622	retained_intron	0	0	0	2	0	0	0	0	0	0	0	0	1	0	0	0	0	1	0	0	0	0	0	0	0	0	0
ARPC3	ENSG00000111229	ENST00000476566	retained_intron	0	0	0	1	0	0	0	0	0	0	0	0	0	0	0	0	0	1	0	0	0	0	0	0	0	0	0
ARPC3	ENSG00000111229	ENST00000547365	protein_coding	0	0	1	0	0	0	0	0	0	0	0	0	0	0	0	0	1	0	0	0	0	0	0	0	0	0	0
ARPC3	ENSG00000111229	ENST00000548878	retained_intron	0	0	0	1	0	0	0	0	0	0	0	0	0	0	0	0	0	1	0	0	0	0	0	0	0	0	0
ART4	ENSG00000111339	ENST00000228936	protein_coding	0	0	1	0	0	0	0	0	0	0	0	0	0	0	0	0	1	0	0	0	0	0	0	0	0	0	0
ART4	ENSG00000111339	ENST00000420600	protein_coding	0	0	1	0	0	0	0	0	0	0	0	0	0	0	0	0	1	0	0	0	0	0	0	0	0	0	0
ART4	ENSG00000111339	ENST00000430129	protein_coding	0	0	0	1	0	0	0	0	0	0	0	0	0	0	0	1	0	0	0	0	0	0	0	0	0	0	0
ART4	ENSG00000111339	ENST00000544616	protein_coding	0	0	0	1	0	0	0	0	0	0	0	0	0	0	0	1	0	0	0	0	0	0	0	0	0	0	0
ASB10	ENSG00000146926	ENST00000275838	protein_coding	0	0	1	0	0	0	0	0	0	0	0	0	0	0	0	0	1	0	0	0	0	0	0	0	0	0	0
ASB10	ENSG00000146926	ENST00000377867	protein_coding	0	0	1	0	0	0	0	0	0	0	0	0	0	0	0	0	1	0	0	0	0	0	0	0	0	0	0
ASB10	ENSG00000146926	ENST00000420175	protein_coding	0	0	1	0	0	0	0	0	0	0	0	0	0	0	0	0	1	0	0	0	0	0	0	0	0	0	0
ASB8	ENSG00000177981	ENST00000539503	protein_coding	0	0	0	2	0	0	0	0	0	0	0	0	0	0	0	2	0	0	0	0	0	0	0	0	0	0	0
ATF7	ENSG00000170653	ENST00000548446	protein_coding	0	0	0	1	0	0	0	0	0	0	0	0	1	0	0	0	0	0	0	0	0	0	0	0	0	0	0
ATF7-NPFF	ENSG00000267281	ENST00000448979	retained_intron	0	0	0	1	0	0	0	0	0	0	0	0	1	0	0	0	0	0	0	0	0	0	0	0	0	0	0
ATF7-NPFF	ENSG00000267281	ENST00000591834	protein_coding	0	0	0	1	0	0	0	0	0	0	0	0	1	0	0	0	0	0	0	0	0	0	0	0	0	0	0
ATN1	ENSG00000111676	ENST00000356654	protein_coding	0	1	0	0	0	0	0	0	0	0	0	0	0	0	0	0	0	0	0	0	0	0	0	0	0	1	0
ATN1	ENSG00000111676	ENST00000396684	protein_coding	0	1	0	0	0	0	0	0	0	0	0	0	0	0	0	0	0	0	0	0	0	0	0	0	0	1	0
ATN1	ENSG00000111676	ENST00000537488	retained_intron	0	0	0	1	0	0	0	0	0	0	0	0	0	0	0	0	0	0	0	0	0	0	0	0	0	0	1
ATN1	ENSG00000111676	ENST00000541029	retained_intron	0	0	0	1	0	0	0	0	0	0	0	0	0	0	0	0	0	1	0	0	0	0	0	0	0	0	0
ATP11B	ENSG00000058063	ENST00000323116	protein_coding	0	0	0	1	1	0	0	0	0	0	0	0	0	0	0	0	0	0	0	0	0	0	0	0	0	0	0
ATP11B	ENSG00000058063	ENST00000466758	nonsense_mediated_decay	0	0	0	1	0	0	0	0	0	0	0	0	1	0	0	0	0	0	0	0	0	0	0	0	0	0	0
ATP11B	ENSG00000058063	ENST00000491699	protein_coding	0	0	0	1	0	0	0	0	0	0	0	0	1	0	0	0	0	0	0	0	0	0	0	0	0	0	0
ATP11B	ENSG00000058063	ENST00000498086	protein_coding	0	0	0	1	0	0	0	0	0	0	0	0	1	0	0	0	0	0	0	0	0	0	0	0	0	0	0
ATP2B2	ENSG00000157087	ENST00000360273	protein_coding	0	0	0	1	0	0	0	1	0	0	0	0	0	0	0	0	0	0	0	0	0	0	0	0	0	0	0
ATP2B2	ENSG00000157087	ENST00000397077	protein_coding	0	0	0	1	0	0	0	0	0	0	0	0	0	0	0	0	0	0	0	0	0	0	0	0	0	0	1
ATP2B2	ENSG00000157087	ENST00000460129	nonsense_mediated_decay	0	0	0	1	0	0	0	0	0	0	0	0	0	0	0	1	0	0	0	0	0	0	0	0	0	0	0
ATP2B2	ENSG00000157087	ENST00000480680	retained_intron	0	0	0	1	0	0	0	0	0	0	0	0	0	0	0	0	0	1	0	0	0	0	0	0	0	0	0
ATP2B2	ENSG00000157087	ENST00000643662	protein_coding	0	0	0	1	0	0	0	0	0	0	0	0	0	0	0	0	0	0	0	0	0	0	0	0	0	0	1
ATP2B2	ENSG00000157087	ENST00000646379	protein_coding	0	0	0	1	0	0	0	0	0	0	0	0	0	0	0	1	0	0	0	0	0	0	0	0	0	0	0
ATP5MC1	ENSG00000159199	ENST00000355938	protein_coding	0	1	0	1	1	0	0	0	0	0	0	0	0	0	0	0	0	0	0	0	0	0	0	0	0	1	0
ATP5MC1	ENSG00000159199	ENST00000393366	protein_coding	0	1	0	1	1	0	0	0	0	0	0	0	0	0	0	0	0	0	0	0	0	0	0	0	0	1	0
ATP5MC1	ENSG00000159199	ENST00000502964	retained_intron	0	0	0	2	0	0	0	0	0	0	0	0	0	0	0	0	0	2	0	0	0	0	0	0	0	0	0
ATP5MC1	ENSG00000159199	ENST00000503641	protein_coding	0	1	0	1	1	0	0	0	0	0	0	0	0	0	0	0	0	0	0	0	0	0	0	0	0	1	0
ATP5MC1	ENSG00000159199	ENST00000504591	protein_coding	0	0	0	2	0	0	0	0	0	0	0	0	2	0	0	0	0	0	0	0	0	0	0	0	0	0	0
ATP5MC1	ENSG00000159199	ENST00000506855	protein_coding	0	1	0	1	1	0	0	0	0	0	0	0	0	0	0	0	0	0	0	0	0	0	0	0	0	1	0
ATP5MC1	ENSG00000159199	ENST00000513347	retained_intron	0	0	0	2	0	0	0	0	0	0	0	0	0	0	0	0	0	2	0	0	0	0	0	0	0	0	0
ATP5MC1	ENSG00000159199	ENST00000513781	processed_transcript	0	0	0	2	0	0	0	0	0	0	0	0	0	0	0	0	0	2	0	0	0	0	0	0	0	0	0
ATP5MC1	ENSG00000159199	ENST00000514808	protein_coding	0	0	0	2	0	0	0	0	0	0	0	0	2	0	0	0	0	0	0	0	0	0	0	0	0	0	0
ATP5MC1	ENSG00000159199	ENST00000515060	processed_transcript	0	0	0	2	0	0	0	0	0	0	0	0	0	0	0	0	0	2	0	0	0	0	0	0	0	0	0
ATP6V0A4	ENSG00000105929	ENST00000310018	protein_coding	0	0	0	1	0	0	0	0	0	0	0	0	0	0	0	1	0	0	0	0	0	0	0	0	0	0	0
ATP6V0A4	ENSG00000105929	ENST00000353492	protein_coding	0	0	0	1	0	0	0	0	0	0	0	0	0	0	0	1	0	0	0	0	0	0	0	0	0	0	0
ATP6V0A4	ENSG00000105929	ENST00000393054	protein_coding	0	0	0	1	0	0	0	0	0	0	0	0	0	0	0	1	0	0	0	0	0	0	0	0	0	0	0
ATP6V0A4	ENSG00000105929	ENST00000483139	protein_coding	0	0	0	1	0	0	0	0	0	0	0	0	0	0	0	1	0	0	0	0	0	0	0	0	0	0	0
ATP6V0A4	ENSG00000105929	ENST00000645515	protein_coding	0	0	0	1	0	0	0	0	0	0	0	0	0	0	0	1	0	0	0	0	0	0	0	0	0	0	0
ATP8A2	ENSG00000132932	ENST00000255283	protein_coding	0	0	1	0	0	0	0	0	0	0	0	0	0	0	0	0	1	0	0	0	0	0	0	0	0	0	0
ATP8A2	ENSG00000132932	ENST00000281620	nonsense_mediated_decay	0	0	0	1	0	0	0	0	0	0	0	0	0	0	0	0	0	1	0	0	0	0	0	0	0	0	0
ATP8A2	ENSG00000132932	ENST00000381655	protein_coding	0	0	1	0	0	0	0	0	0	0	0	0	0	0	0	0	1	0	0	0	0	0	0	0	0	0	0
B3GLCT	ENSG00000187676	ENST00000343307	protein_coding	0	0	0	1	0	0	0	0	0	0	0	0	0	0	0	1	0	0	0	0	0	0	0	0	0	0	0
BAIAP2	ENSG00000175866	ENST00000321300	protein_coding	0	0	0	1	0	0	0	0	0	0	0	0	1	0	0	0	0	0	0	0	0	0	0	0	0	0	0
BAIAP2	ENSG00000175866	ENST00000428708	protein_coding	0	0	0	1	0	0	0	0	0	0	0	0	1	0	0	0	0	0	0	0	0	0	0	0	0	0	0
BAIAP2	ENSG00000175866	ENST00000435091	protein_coding	0	0	0	1	0	0	0	0	0	0	0	0	1	0	0	0	0	0	0	0	0	0	0	0	0	0	0
BAIAP2	ENSG00000175866	ENST00000572498	protein_coding	0	0	0	1	0	0	0	0	0	0	0	0	1	0	0	0	0	0	0	0	0	0	0	0	0	0	0
BAIAP2	ENSG00000175866	ENST00000575245	protein_coding	0	0	0	1	0	0	0	0	0	0	0	0	1	0	0	0	0	0	0	0	0	0	0	0	0	0	0
BAIAP2	ENSG00000175866	ENST00000576225	retained_intron	0	0	0	1	0	0	0	0	0	0	0	0	1	0	0	0	0	0	0	0	0	0	0	0	0	0	0
BAZ1B	ENSG00000009954	ENST00000339594	protein_coding	1	0	0	0	0	0	0	0	0	0	0	0	0	0	0	0	0	0	0	0	0	0	0	0	1	0	0
BAZ1B	ENSG00000009954	ENST00000404251	protein_coding	1	0	0	0	0	0	0	0	0	0	0	0	0	0	0	0	0	0	0	0	0	0	0	0	1	0	0
BAZ1B	ENSG00000009954	ENST00000466844	retained_intron	0	0	0	1	0	0	0	0	0	0	0	0	0	0	0	0	0	0	0	0	0	0	0	0	0	0	1
BBS9	ENSG00000122507	ENST00000242067	protein_coding	0	0	0	1	1	0	0	0	0	0	0	0	0	0	0	0	0	0	0	0	0	0	0	0	0	0	0
BBS9	ENSG00000122507	ENST00000350941	protein_coding	0	0	0	1	1	0	0	0	0	0	0	0	0	0	0	0	0	0	0	0	0	0	0	0	0	0	0
BBS9	ENSG00000122507	ENST00000355070	protein_coding	0	0	0	1	1	0	0	0	0	0	0	0	0	0	0	0	0	0	0	0	0	0	0	0	0	0	0
BBS9	ENSG00000122507	ENST00000396127	protein_coding	0	0	0	1	1	0	0	0	0	0	0	0	0	0	0	0	0	0	0	0	0	0	0	0	0	0	0
BBS9	ENSG00000122507	ENST00000433714	nonsense_mediated_decay	0	0	0	2	1	0	0	0	0	0	0	0	0	0	0	0	0	1	0	0	0	0	0	0	0	0	0
BBS9	ENSG00000122507	ENST00000434373	protein_coding	0	0	0	1	1	0	0	0	0	0	0	0	0	0	0	0	0	0	0	0	0	0	0	0	0	0	0
BBS9	ENSG00000122507	ENST00000489708	processed_transcript	0	0	0	1	0	0	0	0	0	0	0	0	1	0	0	0	0	0	0	0	0	0	0	0	0	0	0
BBS9	ENSG00000122507	ENST00000498189	retained_intron	0	0	0	1	0	0	0	0	0	0	0	0	1	0	0	0	0	0	0	0	0	0	0	0	0	0	0
BBS9	ENSG00000122507	ENST00000671871	protein_coding	0	0	0	1	1	0	0	0	0	0	0	0	0	0	0	0	0	0	0	0	0	0	0	0	0	0	0
BBS9	ENSG00000122507	ENST00000671890	protein_coding	0	0	0	1	0	0	0	0	0	0	0	0	1	0	0	0	0	0	0	0	0	0	0	0	0	0	0
BBS9	ENSG00000122507	ENST00000671952	protein_coding	0	0	0	1	0	0	0	0	0	0	0	0	0	0	0	1	0	0	0	0	0	0	0	0	0	0	0
BBS9	ENSG00000122507	ENST00000671963	protein_coding	0	0	0	1	1	0	0	0	0	0	0	0	0	0	0	0	0	0	0	0	0	0	0	0	0	0	0
BBS9	ENSG00000122507	ENST00000672453	processed_transcript	0	0	0	1	0	0	0	0	0	0	0	0	0	0	0	1	0	0	0	0	0	0	0	0	0	0	0
BBS9	ENSG00000122507	ENST00000672717	protein_coding	0	0	0	1	1	0	0	0	0	0	0	0	0	0	0	0	0	0	0	0	0	0	0	0	0	0	0
BBS9	ENSG00000122507	ENST00000672758	processed_transcript	0	0	0	1	0	0	0	0	0	0	0	0	0	0	0	1	0	0	0	0	0	0	0	0	0	0	0
BBS9	ENSG00000122507	ENST00000672973	nonsense_mediated_decay	0	0	0	2	1	0	0	0	0	0	0	0	0	0	0	0	0	1	0	0	0	0	0	0	0	0	0
BBS9	ENSG00000122507	ENST00000673056	protein_coding	0	0	0	1	0	0	0	0	0	0	0	0	0	0	0	1	0	0	0	0	0	0	0	0	0	0	0
BBS9	ENSG00000122507	ENST00000673219	nonsense_mediated_decay	0	0	0	2	1	0	0	0	0	0	0	0	0	0	0	0	0	1	0	0	0	0	0	0	0	0	0
BBS9	ENSG00000122507	ENST00000673230	processed_transcript	0	0	0	1	0	0	0	0	0	0	0	0	0	0	0	0	0	1	0	0	0	0	0	0	0	0	0
BBS9	ENSG00000122507	ENST00000673462	nonsense_mediated_decay	0	0	0	2	1	0	0	0	0	0	0	0	0	0	0	0	0	1	0	0	0	0	0	0	0	0	0
BCAS3	ENSG00000141376	ENST00000390652	protein_coding	0	0	0	2	0	0	0	0	0	0	0	0	0	0	0	2	0	0	0	0	0	0	0	0	0	0	0
BCAS3	ENSG00000141376	ENST00000407086	protein_coding	0	0	0	2	0	0	0	0	0	0	0	0	0	0	0	2	0	0	0	0	0	0	0	0	0	0	0
BCAS3	ENSG00000141376	ENST00000408905	protein_coding	0	0	0	2	0	0	0	0	0	0	0	0	0	0	0	2	0	0	0	0	0	0	0	0	0	0	0
BCAS3	ENSG00000141376	ENST00000586241	nonsense_mediated_decay	0	0	0	2	0	0	0	0	0	0	0	0	0	0	0	2	0	0	0	0	0	0	0	0	0	0	0
BCAS3	ENSG00000141376	ENST00000588462	protein_coding	0	0	0	2	0	0	0	0	0	0	0	0	0	0	0	2	0	0	0	0	0	0	0	0	0	0	0
BCAS3	ENSG00000141376	ENST00000589222	protein_coding	0	0	0	2	0	0	0	0	0	0	0	0	0	0	0	2	0	0	0	0	0	0	0	0	0	0	0
BCAS3	ENSG00000141376	ENST00000589916	retained_intron	0	0	0	2	0	0	0	0	0	0	0	0	2	0	0	0	0	0	0	0	0	0	0	0	0	0	0
BCAS3	ENSG00000141376	ENST00000592393	processed_transcript	0	0	0	2	0	0	0	0	0	0	0	0	0	0	0	2	0	0	0	0	0	0	0	0	0	0	0
BCAS3	ENSG00000141376	ENST00000592848	nonsense_mediated_decay	0	0	0	2	0	0	0	0	0	0	0	0	0	0	0	2	0	0	0	0	0	0	0	0	0	0	0
BCAT1	ENSG00000060982	ENST00000261192	protein_coding	0	0	0	1	1	0	0	0	0	0	0	0	0	0	0	0	0	0	0	0	0	0	0	0	0	0	0
BCAT1	ENSG00000060982	ENST00000342945	protein_coding	0	0	0	1	0	0	0	0	0	0	0	0	1	0	0	0	0	0	0	0	0	0	0	0	0	0	0
BCAT1	ENSG00000060982	ENST00000538118	protein_coding	0	0	0	1	0	0	0	0	0	0	0	0	1	0	0	0	0	0	0	0	0	0	0	0	0	0	0
BCL2L14	ENSG00000121380	ENST00000298566	nonsense_mediated_decay	0	0	0	1	0	0	0	0	0	0	0	0	0	0	0	1	0	0	0	0	0	0	0	0	0	0	0
BEND7	ENSG00000165626	ENST00000341083	protein_coding	0	0	1	0	0	0	0	0	0	0	0	0	0	0	0	0	1	0	0	0	0	0	0	0	0	0	0
BEND7	ENSG00000165626	ENST00000378605	protein_coding	0	0	1	0	0	0	0	0	0	0	0	0	0	0	0	0	1	0	0	0	0	0	0	0	0	0	0
BEND7	ENSG00000165626	ENST00000440282	protein_coding	0	0	1	0	0	0	0	0	0	0	0	0	0	0	0	0	1	0	0	0	0	0	0	0	0	0	0
BEND7	ENSG00000165626	ENST00000469555	processed_transcript	0	0	0	1	0	0	0	0	0	0	0	0	0	0	0	0	0	0	0	0	0	0	0	0	0	0	1
BEND7	ENSG00000165626	ENST00000649551	non_stop_decay	0	0	0	1	0	0	0	0	0	0	0	0	0	0	0	0	0	1	0	0	0	0	0	0	0	0	0
BFSP2	ENSG00000170819	ENST00000302334	protein_coding	0	0	0	1	1	0	0	0	0	0	0	0	0	0	0	0	0	0	0	0	0	0	0	0	0	0	0
BFSP2	ENSG00000170819	ENST00000503047	retained_intron	0	0	0	1	0	0	0	0	0	0	0	0	0	0	0	0	0	1	0	0	0	0	0	0	0	0	0
BFSP2	ENSG00000170819	ENST00000510039	processed_transcript	0	0	0	1	0	0	0	0	0	0	0	0	0	0	0	0	0	1	0	0	0	0	0	0	0	0	0
BFSP2	ENSG00000170819	ENST00000511434	processed_transcript	0	0	0	1	0	0	0	0	0	0	0	0	1	0	0	0	0	0	0	0	0	0	0	0	0	0	0
BICD1	ENSG00000151746	ENST00000281474	protein_coding	0	0	0	1	0	0	0	0	0	0	0	0	0	0	0	1	0	0	0	0	0	0	0	0	0	0	0
BICD1	ENSG00000151746	ENST00000395758	nonsense_mediated_decay	0	0	0	1	0	0	0	0	0	0	0	0	0	0	0	1	0	0	0	0	0	0	0	0	0	0	0
BICD1	ENSG00000151746	ENST00000548411	protein_coding	0	0	0	1	0	0	0	0	0	0	0	0	0	0	0	1	0	0	0	0	0	0	0	0	0	0	0
BICD1	ENSG00000151746	ENST00000550207	protein_coding	0	0	0	1	0	0	0	0	0	0	0	0	1	0	0	0	0	0	0	0	0	0	0	0	0	0	0
BICD1	ENSG00000151746	ENST00000551086	protein_coding	0	0	0	1	0	0	0	0	0	0	0	0	0	0	0	1	0	0	0	0	0	0	0	0	0	0	0
BICD1	ENSG00000151746	ENST00000551848	protein_coding	0	0	0	1	1	0	0	0	0	0	0	0	0	0	0	0	0	0	0	0	0	0	0	0	0	0	0
BICD1	ENSG00000151746	ENST00000652176	protein_coding	0	0	0	1	0	0	0	0	0	0	0	0	0	0	0	1	0	0	0	0	0	0	0	0	0	0	0
BIRC5	ENSG00000089685	ENST00000301633	protein_coding	0	0	0	1	0	0	0	0	0	0	0	0	0	0	0	1	0	0	0	0	0	0	0	0	0	0	0
BIRC5	ENSG00000089685	ENST00000350051	protein_coding	0	0	0	1	0	0	0	0	0	0	0	0	0	0	0	1	0	0	0	0	0	0	0	0	0	0	0
BIRC5	ENSG00000089685	ENST00000374948	protein_coding	0	0	0	1	0	0	0	0	0	0	0	0	0	0	0	1	0	0	0	0	0	0	0	0	0	0	0
BIRC5	ENSG00000089685	ENST00000586192	nonsense_mediated_decay	0	0	0	1	0	0	0	0	0	0	0	0	0	0	0	1	0	0	0	0	0	0	0	0	0	0	0
BIRC5	ENSG00000089685	ENST00000587746	protein_coding	0	0	0	1	0	0	0	0	0	0	0	0	0	0	0	1	0	0	0	0	0	0	0	0	0	0	0
BIRC5	ENSG00000089685	ENST00000589892	processed_transcript	0	0	0	1	0	0	0	0	0	0	0	0	0	0	0	0	0	0	0	0	0	0	0	0	0	0	1
BIRC5	ENSG00000089685	ENST00000590449	protein_coding	0	0	0	1	0	0	0	0	0	0	0	0	1	0	0	0	0	0	0	0	0	0	0	0	0	0	0
BIRC5	ENSG00000089685	ENST00000590925	nonsense_mediated_decay	0	0	0	1	0	0	0	0	0	0	0	0	0	0	0	1	0	0	0	0	0	0	0	0	0	0	0
BIRC5	ENSG00000089685	ENST00000591800	nonsense_mediated_decay	0	0	0	1	0	0	0	0	0	0	0	0	0	0	0	1	0	0	0	0	0	0	0	0	0	0	0
BIRC5	ENSG00000089685	ENST00000592115	retained_intron	0	0	0	1	0	0	0	0	0	0	0	0	0	0	0	1	0	0	0	0	0	0	0	0	0	0	0
BIRC5	ENSG00000089685	ENST00000592734	protein_coding	0	0	0	1	0	0	0	0	0	0	0	0	0	0	0	1	0	0	0	0	0	0	0	0	0	0	0
BMS1	ENSG00000165733	ENST00000374518	protein_coding	0	0	1	1	0	0	0	0	0	0	0	0	0	0	0	1	1	0	0	0	0	0	0	0	0	0	0
BMT2	ENSG00000164603	ENST00000297145	protein_coding	0	0	1	0	0	0	0	0	0	0	0	0	0	0	0	0	1	0	0	0	0	0	0	0	0	0	0
BMT2	ENSG00000164603	ENST00000432572	protein_coding	0	0	1	0	0	0	0	0	0	0	0	0	0	0	0	0	1	0	0	0	0	0	0	0	0	0	0
BMT2	ENSG00000164603	ENST00000485446	processed_transcript	0	0	0	1	0	0	0	0	0	0	0	0	1	0	0	0	0	0	0	0	0	0	0	0	0	0	0
BRCA1	ENSG00000012048	ENST00000634433	protein_coding	0	0	0	1	0	0	0	0	0	0	0	0	0	0	0	1	0	0	0	0	0	0	0	0	0	0	0
BRCA2	ENSG00000139618	ENST00000380152	protein_coding	1	0	0	0	0	0	0	0	0	0	0	0	0	0	0	0	0	0	0	0	0	0	0	0	1	0	0
BRCA2	ENSG00000139618	ENST00000544455	protein_coding	1	0	0	0	0	0	0	0	0	0	0	0	0	0	0	0	0	0	0	0	0	0	0	0	1	0	0
BRCA2	ENSG00000139618	ENST00000614259	processed_transcript	0	0	0	1	0	0	0	0	0	0	0	0	0	0	0	0	0	1	0	0	0	0	0	0	0	0	0
BRD7P2	ENSG00000184100	ENST00000466133	processed_pseudogene	0	0	0	1	0	0	0	0	0	0	0	0	0	0	0	0	0	1	0	0	0	0	0	0	0	0	0
BSN	ENSG00000164061	ENST00000296452	protein_coding	0	0	0	1	0	0	0	0	0	0	0	0	1	0	0	0	0	0	0	0	0	0	0	0	0	0	0
BTD	ENSG00000169814	ENST00000672141	protein_coding	0	0	0	2	0	0	0	0	0	0	0	0	0	0	0	2	0	0	0	0	0	0	0	0	0	0	0
BTD	ENSG00000169814	ENST00000672427	protein_coding	0	0	0	2	0	0	0	0	0	0	0	0	0	0	0	2	0	0	0	0	0	0	0	0	0	0	0
BTD	ENSG00000169814	ENST00000672760	protein_coding	0	0	0	2	0	0	0	0	0	0	0	0	0	0	0	2	0	0	0	0	0	0	0	0	0	0	0
BTD	ENSG00000169814	ENST00000672892	protein_coding	0	0	0	2	0	0	0	0	0	0	0	0	0	0	0	2	0	0	0	0	0	0	0	0	0	0	0
BTD	ENSG00000169814	ENST00000673467	protein_coding	0	0	0	2	1	0	0	0	0	0	0	0	1	0	0	0	0	0	0	0	0	0	0	0	0	0	0
BTD	ENSG00000169814	ENST00000673620	protein_coding	0	0	0	2	0	0	0	0	0	0	0	0	0	0	0	2	0	0	0	0	0	0	0	0	0	0	0
C12orf4	ENSG00000047621	ENST00000261250	protein_coding	0	0	0	1	1	0	0	0	0	0	0	0	0	0	0	0	0	0	0	0	0	0	0	0	0	0	0
C12orf4	ENSG00000047621	ENST00000544258	nonsense_mediated_decay	0	0	0	1	0	0	0	0	0	0	0	0	1	0	0	0	0	0	0	0	0	0	0	0	0	0	0
C12orf4	ENSG00000047621	ENST00000545746	protein_coding	0	0	0	1	1	0	0	0	0	0	0	0	0	0	0	0	0	0	0	0	0	0	0	0	0	0	0
C12orf57	ENSG00000111678	ENST00000537087	protein_coding	0	0	0	1	0	0	0	0	0	0	0	0	0	0	0	0	0	0	0	0	0	0	0	0	0	0	1
C12orf57	ENSG00000111678	ENST00000538392	retained_intron	0	0	0	1	0	0	0	0	0	0	0	0	0	0	0	0	0	0	0	0	0	0	0	0	0	0	1
C12orf57	ENSG00000111678	ENST00000542222	processed_transcript	0	0	0	1	0	0	0	0	0	0	0	0	0	0	0	0	0	0	0	0	0	0	0	0	0	0	1
C12orf57	ENSG00000111678	ENST00000544681	protein_coding	0	0	0	1	0	0	0	0	0	0	0	0	0	0	0	0	0	0	0	0	0	0	0	0	0	0	1
C12orf57	ENSG00000111678	ENST00000545581	protein_coding	0	0	0	1	0	0	0	0	0	0	0	0	0	0	0	0	0	0	0	0	0	0	0	0	0	0	1
C12orf60	ENSG00000182993	ENST00000527783	processed_transcript	0	0	0	1	0	0	0	0	0	0	0	0	0	0	0	1	0	0	0	0	0	0	0	0	0	0	0
C12orf60	ENSG00000182993	ENST00000533472	processed_transcript	0	0	0	1	0	0	0	0	0	0	0	0	0	0	0	1	0	0	0	0	0	0	0	0	0	0	0
C12orf60	ENSG00000182993	ENST00000648334	processed_transcript	0	0	0	1	0	0	0	0	0	0	0	0	0	0	0	1	0	0	0	0	0	0	0	0	0	0	0
C12orf76	ENSG00000174456	ENST00000546651	processed_transcript	0	0	0	1	0	0	0	0	0	0	0	0	0	0	0	0	0	1	0	0	0	0	0	0	0	0	0
C17orf100	ENSG00000256806	ENST00000634977	nonsense_mediated_decay	0	0	0	2	1	0	0	0	0	0	0	0	0	0	0	0	0	1	0	0	0	0	0	0	0	0	0
C17orf100	ENSG00000256806	ENST00000635042	nonsense_mediated_decay	0	0	0	1	0	0	0	0	0	0	0	0	0	0	0	1	0	0	0	0	0	0	0	0	0	0	0
C1RL	ENSG00000139178	ENST00000266542	protein_coding	0	0	0	1	0	0	0	0	0	0	0	0	0	0	0	1	0	0	0	0	0	0	0	0	0	0	0
C1RL	ENSG00000139178	ENST00000504702	processed_transcript	0	0	0	1	0	0	0	0	0	0	0	0	0	0	0	0	0	0	0	0	0	0	0	0	0	0	1
C1RL	ENSG00000139178	ENST00000534950	protein_coding	0	0	0	1	0	0	0	0	0	0	0	0	0	0	0	1	0	0	0	0	0	0	0	0	0	0	0
C1RL	ENSG00000139178	ENST00000534969	nonsense_mediated_decay	0	0	0	1	0	0	0	0	0	0	0	0	0	0	0	1	0	0	0	0	0	0	0	0	0	0	0
C1RL	ENSG00000139178	ENST00000537833	nonsense_mediated_decay	0	0	0	1	0	0	0	0	0	0	0	0	0	0	0	1	0	0	0	0	0	0	0	0	0	0	0
C1RL	ENSG00000139178	ENST00000539803	nonsense_mediated_decay	0	0	0	1	0	0	0	0	0	0	0	0	0	0	0	0	0	0	0	0	0	0	0	0	0	0	1
C1RL	ENSG00000139178	ENST00000543933	protein_coding	0	0	0	1	0	0	0	0	0	0	0	0	0	0	0	1	0	0	0	0	0	0	0	0	0	0	0
C1RL	ENSG00000139178	ENST00000543941	retained_intron	0	0	0	1	0	0	0	0	0	0	0	0	1	0	0	0	0	0	0	0	0	0	0	0	0	0	0
C1RL	ENSG00000139178	ENST00000544702	protein_coding	0	0	0	1	0	0	0	0	0	0	0	0	0	0	0	1	0	0	0	0	0	0	0	0	0	0	0
C1RL	ENSG00000139178	ENST00000545280	protein_coding	0	0	0	1	0	0	0	0	0	0	0	0	0	0	0	1	0	0	0	0	0	0	0	0	0	0	0
C1RL	ENSG00000139178	ENST00000545337	protein_coding	0	0	0	1	1	0	0	0	0	0	0	0	0	0	0	0	0	0	0	0	0	0	0	0	0	0	0
C2CD5	ENSG00000111731	ENST00000333957	protein_coding	0	0	0	1	1	0	0	0	0	0	0	0	0	0	0	0	0	0	0	0	0	0	0	0	0	0	0
C2CD5	ENSG00000111731	ENST00000396028	protein_coding	0	0	0	1	1	0	0	0	0	0	0	0	0	0	0	0	0	0	0	0	0	0	0	0	0	0	0
C2CD5	ENSG00000111731	ENST00000446597	protein_coding	0	0	0	1	1	0	0	0	0	0	0	0	0	0	0	0	0	0	0	0	0	0	0	0	0	0	0
C2CD5	ENSG00000111731	ENST00000536386	protein_coding	0	0	0	1	1	0	0	0	0	0	0	0	0	0	0	0	0	0	0	0	0	0	0	0	0	0	0
C2CD5	ENSG00000111731	ENST00000539615	protein_coding	0	0	0	1	0	0	0	0	0	0	0	0	1	0	0	0	0	0	0	0	0	0	0	0	0	0	0
C2CD5	ENSG00000111731	ENST00000542676	protein_coding	0	0	0	1	0	0	0	0	0	0	0	0	1	0	0	0	0	0	0	0	0	0	0	0	0	0	0
C2CD5	ENSG00000111731	ENST00000545552	protein_coding	0	0	0	1	0	0	0	0	0	0	0	0	1	0	0	0	0	0	0	0	0	0	0	0	0	0	0
C7orf61	ENSG00000185955	ENST00000332375	protein_coding	0	0	0	1	0	0	0	0	0	0	0	0	0	0	0	0	0	0	0	0	0	0	0	0	0	0	1
C7orf61	ENSG00000185955	ENST00000418952	protein_coding	0	0	0	1	0	0	0	0	0	0	0	0	0	0	0	0	0	0	0	0	0	0	0	0	0	0	1
CACNA1C	ENSG00000151067	ENST00000543114	protein_coding	0	0	0	1	0	0	0	1	0	0	0	0	0	0	0	0	0	0	0	0	0	0	0	0	0	0	0
CADM2	ENSG00000175161	ENST00000383699	protein_coding	0	0	0	2	0	0	0	0	0	0	0	0	0	0	0	2	0	0	0	0	0	0	0	0	0	0	0
CADM2	ENSG00000175161	ENST00000405615	protein_coding	0	0	0	2	0	0	0	0	0	0	0	0	0	0	0	2	0	0	0	0	0	0	0	0	0	0	0
CADM2	ENSG00000175161	ENST00000407528	protein_coding	0	0	0	2	0	0	0	0	0	0	0	0	0	0	0	2	0	0	0	0	0	0	0	0	0	0	0
CADM2-AS1	ENSG00000239519	ENST00000476021		0	0	0	2	0	0	0	0	0	0	0	0	0	0	0	2	0	0	0	0	0	0	0	0	0	0	0
CADPS	ENSG00000163618	ENST00000283269	protein_coding	0	0	0	1	0	0	0	0	0	0	0	0	0	0	0	1	0	0	0	0	0	0	0	0	0	0	0
CADPS	ENSG00000163618	ENST00000357948	protein_coding	0	0	0	1	0	0	0	0	0	0	0	0	0	0	0	1	0	0	0	0	0	0	0	0	0	0	0
CADPS	ENSG00000163618	ENST00000383710	protein_coding	0	0	0	1	0	0	0	0	0	0	0	0	0	0	0	1	0	0	0	0	0	0	0	0	0	0	0
CADPS	ENSG00000163618	ENST00000542833	protein_coding	0	0	0	1	0	0	0	0	0	0	0	0	0	0	0	0	0	0	0	0	0	0	0	0	0	0	1
CADPS	ENSG00000163618	ENST00000612439	protein_coding	0	0	0	1	0	0	0	0	0	0	0	0	0	0	0	1	0	0	0	0	0	0	0	0	0	0	0
CAMK2B	ENSG00000058404	ENST00000258682	protein_coding	0	0	0	1	0	0	0	0	0	0	0	0	0	0	0	1	0	0	0	0	0	0	0	0	0	0	0
CAMK2B	ENSG00000058404	ENST00000346990	protein_coding	0	0	0	1	0	0	0	0	0	0	0	0	0	0	0	1	0	0	0	0	0	0	0	0	0	0	0
CAMK2B	ENSG00000058404	ENST00000347193	protein_coding	0	0	0	1	0	0	0	0	0	0	0	0	0	0	0	1	0	0	0	0	0	0	0	0	0	0	0
CAMK2B	ENSG00000058404	ENST00000350811	protein_coding	0	0	0	1	0	0	0	0	0	0	0	0	0	0	0	1	0	0	0	0	0	0	0	0	0	0	0
CAMK2B	ENSG00000058404	ENST00000353185	nonsense_mediated_decay	0	0	0	1	0	0	0	0	0	0	0	0	0	0	0	1	0	0	0	0	0	0	0	0	0	0	0
CAMK2B	ENSG00000058404	ENST00000353625	protein_coding	0	0	0	1	0	0	0	0	0	0	0	0	0	0	0	1	0	0	0	0	0	0	0	0	0	0	0
CAMK2B	ENSG00000058404	ENST00000358707	protein_coding	0	0	0	1	0	0	0	0	0	0	0	0	0	0	0	1	0	0	0	0	0	0	0	0	0	0	0
CAMK2B	ENSG00000058404	ENST00000395747	protein_coding	0	0	0	1	0	0	0	0	0	0	0	0	0	0	0	1	0	0	0	0	0	0	0	0	0	0	0
CAMK2B	ENSG00000058404	ENST00000395749	protein_coding	0	0	0	1	0	0	0	0	0	0	0	0	0	0	0	1	0	0	0	0	0	0	0	0	0	0	0
CAMK2B	ENSG00000058404	ENST00000415369	protein_coding	0	0	0	1	0	0	0	0	0	0	0	0	0	0	0	1	0	0	0	0	0	0	0	0	0	0	0
CAMK2B	ENSG00000058404	ENST00000421607	protein_coding	0	0	0	1	0	0	0	0	0	0	0	0	0	0	0	1	0	0	0	0	0	0	0	0	0	0	0
CAMK2B	ENSG00000058404	ENST00000424197	protein_coding	0	0	0	1	0	0	0	0	0	0	0	0	0	0	0	1	0	0	0	0	0	0	0	0	0	0	0
CAMK2B	ENSG00000058404	ENST00000440254	protein_coding	0	0	0	1	0	0	0	0	0	0	0	0	0	0	0	1	0	0	0	0	0	0	0	0	0	0	0
CAMK2B	ENSG00000058404	ENST00000457475	protein_coding	0	0	0	1	0	0	0	0	0	0	0	0	0	0	0	1	0	0	0	0	0	0	0	0	0	0	0
CAMK2B	ENSG00000058404	ENST00000462128	processed_transcript	0	0	0	1	0	0	0	0	0	0	0	0	0	0	0	1	0	0	0	0	0	0	0	0	0	0	0
CAMK2B	ENSG00000058404	ENST00000470984	processed_transcript	0	0	0	1	0	0	0	0	0	0	0	0	0	0	0	1	0	0	0	0	0	0	0	0	0	0	0
CAMK2B	ENSG00000058404	ENST00000484972	processed_transcript	0	0	0	1	0	0	0	0	0	0	0	0	0	0	0	1	0	0	0	0	0	0	0	0	0	0	0
CAMK2B	ENSG00000058404	ENST00000495819	processed_transcript	0	0	0	1	0	0	0	0	0	0	0	0	0	0	0	1	0	0	0	0	0	0	0	0	0	0	0
CAMK2B	ENSG00000058404	ENST00000497127	processed_transcript	0	0	0	1	0	0	0	0	0	0	0	0	0	0	0	1	0	0	0	0	0	0	0	0	0	0	0
CAMK2B	ENSG00000058404	ENST00000497584	processed_transcript	0	0	0	1	0	0	0	0	0	0	0	0	0	0	0	1	0	0	0	0	0	0	0	0	0	0	0
CAMK2B	ENSG00000058404	ENST00000523845	nonsense_mediated_decay	0	0	0	1	0	0	0	0	0	0	0	0	0	0	0	1	0	0	0	0	0	0	0	0	0	0	0
CAPZA2	ENSG00000198898	ENST00000361183	protein_coding	0	0	2	0	0	0	0	0	0	0	0	0	0	0	0	0	2	0	0	0	0	0	0	0	0	0	0
CAPZA2	ENSG00000198898	ENST00000417431	processed_transcript	0	0	0	2	0	0	0	0	0	0	0	0	0	0	0	0	0	2	0	0	0	0	0	0	0	0	0
CAPZA2	ENSG00000198898	ENST00000426421	nonsense_mediated_decay	0	0	0	4	2	0	0	0	0	0	0	0	0	0	0	0	0	2	0	0	0	0	0	0	0	0	0
CAPZA2	ENSG00000198898	ENST00000449080	nonsense_mediated_decay	0	0	0	4	2	0	0	0	0	0	0	0	0	0	0	0	0	2	0	0	0	0	0	0	0	0	0
CAPZA2	ENSG00000198898	ENST00000464669	retained_intron	0	0	0	2	0	0	0	0	0	0	0	0	2	0	0	0	0	0	0	0	0	0	0	0	0	0	0
CAPZA2	ENSG00000198898	ENST00000465607	retained_intron	0	0	0	2	0	0	0	0	0	0	0	0	0	0	0	0	0	2	0	0	0	0	0	0	0	0	0
CAPZA2	ENSG00000198898	ENST00000628758	protein_coding	0	0	0	2	0	0	0	0	0	0	0	0	2	0	0	0	0	0	0	0	0	0	0	0	0	0	0
CASC4P1	ENSG00000238132	ENST00000456608	processed_pseudogene	0	0	0	1	0	0	0	0	0	0	0	0	0	0	0	0	0	0	0	0	0	0	0	0	0	0	1
CASP2	ENSG00000106144	ENST00000310447	protein_coding	0	0	1	0	0	0	0	0	0	0	0	0	0	0	0	0	1	0	0	0	0	0	0	0	0	0	0
CASP2	ENSG00000106144	ENST00000350623	nonsense_mediated_decay	0	0	0	2	1	0	0	0	0	0	0	0	0	0	0	0	0	1	0	0	0	0	0	0	0	0	0
CASP2	ENSG00000106144	ENST00000392925	protein_coding	0	0	0	1	0	0	0	0	0	0	0	0	1	0	0	0	0	0	0	0	0	0	0	0	0	0	0
CASP2	ENSG00000106144	ENST00000472067	retained_intron	0	0	0	1	0	0	0	0	0	0	0	0	0	0	0	0	0	1	0	0	0	0	0	0	0	0	0
CASP2	ENSG00000106144	ENST00000481483	retained_intron	0	0	0	1	0	0	0	0	0	0	0	0	1	0	0	0	0	0	0	0	0	0	0	0	0	0	0
CASP2	ENSG00000106144	ENST00000493642	processed_transcript	0	0	0	1	0	0	0	0	0	0	0	0	0	0	0	0	0	1	0	0	0	0	0	0	0	0	0
CASP2	ENSG00000106144	ENST00000619992	protein_coding	0	0	0	1	1	0	0	0	0	0	0	0	0	0	0	0	0	0	0	0	0	0	0	0	0	0	0
CBLL1	ENSG00000105879	ENST00000222597	protein_coding	0	0	0	2	2	0	0	0	0	0	0	0	0	0	0	0	0	0	0	0	0	0	0	0	0	0	0
CBLL1	ENSG00000105879	ENST00000415884	protein_coding	0	0	0	2	0	0	0	0	0	0	0	0	2	0	0	0	0	0	0	0	0	0	0	0	0	0	0
CBLL1	ENSG00000105879	ENST00000420796	protein_coding	0	0	0	2	0	0	0	0	0	0	0	0	2	0	0	0	0	0	0	0	0	0	0	0	0	0	0
CBLL1	ENSG00000105879	ENST00000432748	nonsense_mediated_decay	0	0	0	2	0	0	0	0	0	0	0	0	2	0	0	0	0	0	0	0	0	0	0	0	0	0	0
CBLL1	ENSG00000105879	ENST00000440859	protein_coding	0	0	0	2	2	0	0	0	0	0	0	0	0	0	0	0	0	0	0	0	0	0	0	0	0	0	0
CBLL1	ENSG00000105879	ENST00000487517	retained_intron	0	0	0	2	0	0	0	0	0	0	0	0	2	0	0	0	0	0	0	0	0	0	0	0	0	0	0
CBX5	ENSG00000094916	ENST00000209875	protein_coding	0	0	0	3	0	0	0	0	0	0	0	0	0	0	0	0	0	0	0	0	0	0	0	0	0	0	3
CBX5	ENSG00000094916	ENST00000618078	processed_transcript	0	0	0	3	0	0	0	0	0	0	0	0	0	0	0	0	0	0	0	0	0	0	0	0	0	0	3
CCDC136	ENSG00000128596	ENST00000297788	protein_coding	0	0	1	0	0	0	0	0	0	0	0	0	0	0	0	0	1	0	0	0	0	0	0	0	0	0	0
CCDC136	ENSG00000128596	ENST00000378685	protein_coding	0	0	0	1	0	0	0	0	0	0	0	0	0	0	0	1	0	0	0	0	0	0	0	0	0	0	0
CCDC136	ENSG00000128596	ENST00000464672	protein_coding	0	0	0	1	0	0	0	0	0	0	0	0	0	0	0	1	0	0	0	0	0	0	0	0	0	0	0
CCDC136	ENSG00000128596	ENST00000464832	protein_coding	0	0	0	1	0	0	0	0	0	0	0	0	0	0	0	1	0	0	0	0	0	0	0	0	0	0	0
CCDC136	ENSG00000128596	ENST00000471729	processed_transcript	0	0	0	1	0	0	0	0	0	0	0	0	0	0	0	0	0	1	0	0	0	0	0	0	0	0	0
CCDC136	ENSG00000128596	ENST00000480137	retained_intron	0	0	0	1	0	0	0	0	0	0	0	0	0	0	0	0	0	1	0	0	0	0	0	0	0	0	0
CCDC136	ENSG00000128596	ENST00000487361	protein_coding	0	0	0	1	0	0	0	0	0	0	0	0	0	0	0	1	0	0	0	0	0	0	0	0	0	0	0
CCDC136	ENSG00000128596	ENST00000494552	protein_coding	0	0	1	0	0	0	0	0	0	0	0	0	0	0	0	0	1	0	0	0	0	0	0	0	0	0	0
CCDC136	ENSG00000128596	ENST00000528772	retained_intron	0	0	0	1	0	0	0	0	0	0	0	0	0	0	0	1	0	0	0	0	0	0	0	0	0	0	0
CCDC144CP	ENSG00000154898	ENST00000433419	transcribed_processed_pseudogene	0	0	0	1	0	0	0	0	0	0	0	0	0	0	0	1	0	0	0	0	0	0	0	0	0	0	0
CCDC144NL	ENSG00000205212	ENST00000539484	processed_transcript	0	0	0	1	0	0	0	0	0	0	0	0	0	0	0	1	0	0	0	0	0	0	0	0	0	0	0
CCDC144NL-AS1	ENSG00000233098	ENST00000423473		0	0	0	1	0	0	0	0	0	0	0	0	1	0	0	0	0	0	0	0	0	0	0	0	0	0	0
CCDC144NL-AS1	ENSG00000233098	ENST00000581958		0	0	0	1	0	0	0	0	0	0	0	0	1	0	0	0	0	0	0	0	0	0	0	0	0	0	0
CCDC144NL-AS1	ENSG00000233098	ENST00000583481		0	0	0	1	0	0	0	0	0	0	0	0	1	0	0	0	0	0	0	0	0	0	0	0	0	0	0
CCDC191	ENSG00000163617	ENST00000295878	protein_coding	0	0	1	0	0	0	0	0	0	0	0	0	0	0	0	0	1	0	0	0	0	0	0	0	0	0	0
CCDC40	ENSG00000141519	ENST00000269318	protein_coding	1	0	0	0	0	0	0	0	0	0	0	0	0	0	0	0	0	0	0	0	0	0	0	0	1	0	0
CCDC40	ENSG00000141519	ENST00000374876	protein_coding	1	0	0	0	0	0	0	0	0	0	0	0	0	0	0	0	0	0	0	0	0	0	0	0	1	0	0
CCDC40	ENSG00000141519	ENST00000374877	protein_coding	1	0	0	0	0	0	0	0	0	0	0	0	0	0	0	0	0	0	0	0	0	0	0	0	1	0	0
CCDC40	ENSG00000141519	ENST00000397545	protein_coding	1	0	0	0	0	0	0	0	0	0	0	0	0	0	0	0	0	0	0	0	0	0	0	0	1	0	0
CCDC40	ENSG00000141519	ENST00000573474	nonsense_mediated_decay	0	0	0	2	1	0	0	0	0	0	0	0	0	0	0	0	0	1	0	0	0	0	0	0	0	0	0
CCDC40	ENSG00000141519	ENST00000574799	retained_intron	0	0	0	1	0	0	0	0	0	0	0	0	0	0	0	0	0	1	0	0	0	0	0	0	0	0	0
CCDC40	ENSG00000141519	ENST00000576241	retained_intron	0	0	0	1	0	0	0	0	0	0	0	0	1	0	0	0	0	0	0	0	0	0	0	0	0	0	0
CCDC57	ENSG00000176155	ENST00000389641	protein_coding	0	0	0	1	0	0	0	0	0	0	0	0	0	0	0	1	0	0	0	0	0	0	0	0	0	0	0
CCDC57	ENSG00000176155	ENST00000392345	protein_coding	0	0	1	0	0	0	0	0	0	0	0	0	0	0	0	0	1	0	0	0	0	0	0	0	0	0	0
CCDC57	ENSG00000176155	ENST00000392346	protein_coding	0	0	0	1	0	0	0	0	0	0	0	0	1	0	0	0	0	0	0	0	0	0	0	0	0	0	0
CCDC57	ENSG00000176155	ENST00000392347	protein_coding	0	0	0	1	0	0	0	0	0	0	0	0	0	0	0	1	0	0	0	0	0	0	0	0	0	0	0
CCDC57	ENSG00000176155	ENST00000419322	protein_coding	0	0	0	1	0	0	0	0	0	0	0	0	1	0	0	0	0	0	0	0	0	0	0	0	0	0	0
CCDC57	ENSG00000176155	ENST00000582100	processed_transcript	0	0	0	1	0	0	0	0	0	0	0	0	0	0	0	0	0	0	0	0	0	0	0	0	0	0	1
CCDC57	ENSG00000176155	ENST00000583593	nonsense_mediated_decay	0	0	0	1	0	0	0	0	0	0	0	0	0	0	0	1	0	0	0	0	0	0	0	0	0	0	0
CCDC57	ENSG00000176155	ENST00000584717	processed_transcript	0	0	0	1	0	0	0	0	0	0	0	0	0	0	0	0	0	0	0	0	0	0	0	0	0	0	1
CCDC57	ENSG00000176155	ENST00000665763	protein_coding	0	0	0	1	0	0	0	0	0	0	0	0	0	0	0	1	0	0	0	0	0	0	0	0	0	0	0
CCDC66	ENSG00000180376	ENST00000326595	protein_coding	0	0	1	0	0	0	0	0	0	0	0	0	0	0	0	0	1	0	0	0	0	0	0	0	0	0	0
CCDC66	ENSG00000180376	ENST00000341455	nonsense_mediated_decay	0	0	0	2	1	0	0	0	0	0	0	0	0	0	0	0	0	1	0	0	0	0	0	0	0	0	0
CCDC66	ENSG00000180376	ENST00000394672	protein_coding	0	0	1	0	0	0	0	0	0	0	0	0	0	0	0	0	1	0	0	0	0	0	0	0	0	0	0
CCDC66	ENSG00000180376	ENST00000422222	protein_coding	0	0	1	0	0	0	0	0	0	0	0	0	0	0	0	0	1	0	0	0	0	0	0	0	0	0	0
CCDC66	ENSG00000180376	ENST00000468108	retained_intron	0	0	0	1	0	0	0	0	0	0	0	0	1	0	0	0	0	0	0	0	0	0	0	0	0	0	0
CCDC66	ENSG00000180376	ENST00000471681	nonsense_mediated_decay	0	0	0	2	1	0	0	0	0	0	0	0	0	0	0	0	0	1	0	0	0	0	0	0	0	0	0
CCDC66	ENSG00000180376	ENST00000476142	retained_intron	0	0	0	1	0	0	0	0	0	0	0	0	0	0	0	0	0	1	0	0	0	0	0	0	0	0	0
CCDC66	ENSG00000180376	ENST00000480884	retained_intron	0	0	0	1	0	0	0	0	0	0	0	0	0	0	0	0	0	1	0	0	0	0	0	0	0	0	0
CCDC66	ENSG00000180376	ENST00000484623	processed_transcript	0	0	0	1	0	0	0	0	0	0	0	0	1	0	0	0	0	0	0	0	0	0	0	0	0	0	0
CCDC75P1	ENSG00000182921	ENST00000469247	processed_pseudogene	0	0	0	1	0	0	0	0	0	0	0	0	0	0	0	0	0	0	0	0	0	0	0	0	0	0	1
CCL18	ENSG00000275385	ENST00000616054	protein_coding	0	0	0	1	1	0	0	0	0	0	0	0	0	0	0	0	0	0	0	0	0	0	0	0	0	0	0
CCL18	ENSG00000275385	ENST00000616474	retained_intron	0	0	0	1	0	0	0	0	0	0	0	0	0	0	0	0	0	1	0	0	0	0	0	0	0	0	0
CCNL1	ENSG00000163660	ENST00000295925	protein_coding	0	0	0	2	0	0	0	0	0	0	0	0	0	0	0	0	0	0	0	0	0	0	0	0	0	0	2
CCNL1	ENSG00000163660	ENST00000295926	protein_coding	0	0	0	2	0	0	0	0	0	0	0	0	0	0	0	0	0	0	0	0	0	0	0	0	0	0	2
CCNL1	ENSG00000163660	ENST00000461804	protein_coding	0	0	0	2	0	0	0	0	0	0	0	0	0	0	0	0	0	0	0	0	0	0	0	0	0	0	2
CCNL1	ENSG00000163660	ENST00000464575	retained_intron	0	0	0	2	0	0	0	0	0	0	0	0	0	0	0	0	0	0	0	0	0	0	0	0	0	0	2
CCNL1	ENSG00000163660	ENST00000465947	nonsense_mediated_decay	0	0	0	2	0	0	0	0	0	0	0	0	0	0	0	0	0	0	0	0	0	0	0	0	0	0	2
CCNL1	ENSG00000163660	ENST00000466101	retained_intron	0	0	0	2	0	0	0	0	0	0	0	0	0	0	0	0	0	0	0	0	0	0	0	0	0	0	2
CCNL1	ENSG00000163660	ENST00000467081	retained_intron	0	0	0	2	0	0	0	0	0	0	0	0	0	0	0	0	0	0	0	0	0	0	0	0	0	0	2
CCNL1	ENSG00000163660	ENST00000470121	nonsense_mediated_decay	0	0	0	2	0	0	0	0	0	0	0	0	0	0	0	0	0	0	0	0	0	0	0	0	0	0	2
CCNL1	ENSG00000163660	ENST00000471044	retained_intron	0	0	0	2	0	0	0	0	0	0	0	0	0	0	0	0	0	0	0	0	0	0	0	0	0	0	2
CCNL1	ENSG00000163660	ENST00000475298	nonsense_mediated_decay	0	0	0	2	0	0	0	0	0	0	0	0	0	0	0	0	0	0	0	0	0	0	0	0	0	0	2
CCNL1	ENSG00000163660	ENST00000476367	retained_intron	0	0	0	2	0	0	0	0	0	0	0	0	0	0	0	0	0	0	0	0	0	0	0	0	0	0	2
CCNL1	ENSG00000163660	ENST00000477127	nonsense_mediated_decay	0	0	0	2	0	0	0	0	0	0	0	0	0	0	0	0	0	0	0	0	0	0	0	0	0	0	2
CCNL1	ENSG00000163660	ENST00000478454	retained_intron	0	0	0	2	0	0	0	0	0	0	0	0	0	0	0	0	0	0	0	0	0	0	0	0	0	0	2
CCNL1	ENSG00000163660	ENST00000479596	retained_intron	0	0	0	2	0	0	0	0	0	0	0	0	0	0	0	0	0	0	0	0	0	0	0	0	0	0	2
CCNL1	ENSG00000163660	ENST00000631619	nonsense_mediated_decay	0	0	0	2	0	0	0	0	0	0	0	0	0	0	0	0	0	0	0	0	0	0	0	0	0	0	2
CCNT1	ENSG00000129315	ENST00000261900	protein_coding	0	0	1	0	0	0	0	0	0	0	0	0	0	0	0	0	1	0	0	0	0	0	0	0	0	0	0
CCNT1	ENSG00000129315	ENST00000417344	nonsense_mediated_decay	0	0	0	2	1	0	0	0	0	0	0	0	0	0	0	0	0	1	0	0	0	0	0	0	0	0	0
CCNT1	ENSG00000129315	ENST00000551989	retained_intron	0	0	0	1	0	0	0	0	0	0	0	0	1	0	0	0	0	0	0	0	0	0	0	0	0	0	0
CCNT1	ENSG00000129315	ENST00000618666	protein_coding	0	0	0	1	1	0	0	0	0	0	0	0	0	0	0	0	0	0	0	0	0	0	0	0	0	0	0
CCNT1	ENSG00000129315	ENST00000640148	protein_coding	0	0	0	1	0	0	0	0	0	0	0	0	1	0	0	0	0	0	0	0	0	0	0	0	0	0	0
CCNY	ENSG00000108100	ENST00000265375	protein_coding	0	0	0	1	0	0	0	0	0	0	0	0	0	0	0	1	0	0	0	0	0	0	0	0	0	0	0
CCNY	ENSG00000108100	ENST00000339497	protein_coding	0	0	0	1	0	0	0	0	0	0	0	0	0	0	0	1	0	0	0	0	0	0	0	0	0	0	0
CCNY	ENSG00000108100	ENST00000374704	protein_coding	0	0	0	1	0	0	0	0	0	0	0	0	0	0	0	1	0	0	0	0	0	0	0	0	0	0	0
CCNY	ENSG00000108100	ENST00000374706	protein_coding	0	0	0	1	0	0	0	0	0	0	0	0	0	0	0	1	0	0	0	0	0	0	0	0	0	0	0
CCNY	ENSG00000108100	ENST00000490012	protein_coding	0	0	0	1	0	0	0	0	0	0	0	0	0	0	0	1	0	0	0	0	0	0	0	0	0	0	0
CCNY	ENSG00000108100	ENST00000492478	processed_transcript	0	0	0	1	0	0	0	0	0	0	0	0	0	0	0	1	0	0	0	0	0	0	0	0	0	0	0
CCNY	ENSG00000108100	ENST00000493157	protein_coding	0	0	0	1	0	0	0	0	0	0	0	0	0	0	0	1	0	0	0	0	0	0	0	0	0	0	0
CCSER2	ENSG00000107771	ENST00000224756	protein_coding	0	0	0	1	1	0	0	0	0	0	0	0	0	0	0	0	0	0	0	0	0	0	0	0	0	0	0
CCSER2	ENSG00000107771	ENST00000372088	protein_coding	0	0	0	1	1	0	0	0	0	0	0	0	0	0	0	0	0	0	0	0	0	0	0	0	0	0	0
CCSER2	ENSG00000107771	ENST00000466105	nonsense_mediated_decay	0	0	0	1	0	0	0	0	0	0	0	0	1	0	0	0	0	0	0	0	0	0	0	0	0	0	0
CCSER2	ENSG00000107771	ENST00000480006	protein_coding	0	0	0	1	0	0	0	0	0	0	0	0	1	0	0	0	0	0	0	0	0	0	0	0	0	0	0
CCSER2	ENSG00000107771	ENST00000493409	protein_coding	0	0	0	1	0	0	0	0	0	0	0	0	1	0	0	0	0	0	0	0	0	0	0	0	0	0	0
CCSER2	ENSG00000107771	ENST00000494144	processed_transcript	0	0	0	1	0	0	0	0	0	0	0	0	1	0	0	0	0	0	0	0	0	0	0	0	0	0	0
CCSER2	ENSG00000107771	ENST00000498300	processed_transcript	0	0	0	1	0	0	0	0	0	0	0	0	1	0	0	0	0	0	0	0	0	0	0	0	0	0	0
CCSER2	ENSG00000107771	ENST00000543283	protein_coding	0	0	0	1	1	0	0	0	0	0	0	0	0	0	0	0	0	0	0	0	0	0	0	0	0	0	0
CD7	ENSG00000173762	ENST00000312648	protein_coding	0	0	0	1	0	0	0	0	0	0	0	0	0	0	0	1	0	0	0	0	0	0	0	0	0	0	0
CD7	ENSG00000173762	ENST00000578509	protein_coding	0	0	0	1	1	0	0	0	0	0	0	0	0	0	0	0	0	0	0	0	0	0	0	0	0	0	0
CD7	ENSG00000173762	ENST00000581434	nonsense_mediated_decay	0	0	0	1	0	0	0	0	0	0	0	0	1	0	0	0	0	0	0	0	0	0	0	0	0	0	0
CD7	ENSG00000173762	ENST00000581744	retained_intron	0	0	0	1	0	0	0	0	0	0	0	0	1	0	0	0	0	0	0	0	0	0	0	0	0	0	0
CD7	ENSG00000173762	ENST00000582480	protein_coding	0	0	0	1	0	0	0	0	0	0	0	0	1	0	0	0	0	0	0	0	0	0	0	0	0	0	0
CD7	ENSG00000173762	ENST00000583376	protein_coding	0	0	0	1	0	0	0	0	0	0	0	0	0	0	0	1	0	0	0	0	0	0	0	0	0	0	0
CD7	ENSG00000173762	ENST00000584284	protein_coding	0	0	0	1	1	0	0	0	0	0	0	0	0	0	0	0	0	0	0	0	0	0	0	0	0	0	0
CDC27	ENSG00000004897	ENST00000066544	protein_coding	0	0	0	1	0	0	0	0	0	0	0	0	0	0	0	1	0	0	0	0	0	0	0	0	0	0	0
CDC27	ENSG00000004897	ENST00000525495	retained_intron	0	0	0	1	0	0	0	0	0	0	0	0	1	0	0	0	0	0	0	0	0	0	0	0	0	0	0
CDC27	ENSG00000004897	ENST00000526866	nonsense_mediated_decay	0	0	0	1	0	0	0	0	0	0	0	0	0	0	0	1	0	0	0	0	0	0	0	0	0	0	0
CDC27	ENSG00000004897	ENST00000527547	protein_coding	0	0	0	1	0	0	0	0	0	0	0	0	0	0	0	1	0	0	0	0	0	0	0	0	0	0	0
CDC27	ENSG00000004897	ENST00000531206	protein_coding	0	0	0	1	0	0	0	0	0	0	0	0	0	0	0	1	0	0	0	0	0	0	0	0	0	0	0
CDC27	ENSG00000004897	ENST00000533415	nonsense_mediated_decay	0	0	0	1	0	0	0	0	0	0	0	0	0	0	0	1	0	0	0	0	0	0	0	0	0	0	0
CDC27	ENSG00000004897	ENST00000571643	protein_coding	0	0	0	1	0	0	0	0	0	0	0	0	0	0	0	1	0	0	0	0	0	0	0	0	0	0	0
CDC27	ENSG00000004897	ENST00000573502	nonsense_mediated_decay	0	0	0	1	0	0	0	0	0	0	0	0	1	0	0	0	0	0	0	0	0	0	0	0	0	0	0
CDC42P2	ENSG00000234844	ENST00000448566	processed_pseudogene	0	0	0	2	0	0	0	0	0	0	0	0	0	0	0	0	0	2	0	0	0	0	0	0	0	0	0
CDCA3	ENSG00000111665	ENST00000229265	protein_coding	0	0	0	1	0	0	0	0	0	0	0	0	0	0	0	1	0	0	0	0	0	0	0	0	0	0	0
CDCA3	ENSG00000111665	ENST00000422785	protein_coding	0	0	0	1	0	0	0	0	0	0	0	0	0	0	0	1	0	0	0	0	0	0	0	0	0	0	0
CDCA3	ENSG00000111665	ENST00000446553	retained_intron	0	0	0	1	0	0	0	0	0	0	0	0	0	0	0	1	0	0	0	0	0	0	0	0	0	0	0
CDCA3	ENSG00000111665	ENST00000535406	protein_coding	0	0	0	1	0	0	0	0	0	0	0	0	0	0	0	1	0	0	0	0	0	0	0	0	0	0	0
CDCA3	ENSG00000111665	ENST00000535871	processed_transcript	0	0	0	1	0	0	0	0	0	0	0	0	0	0	0	0	0	0	0	0	0	0	0	0	0	0	1
CDCA3	ENSG00000111665	ENST00000536241	retained_intron	0	0	0	1	0	0	0	0	0	0	0	0	0	0	0	0	0	1	0	0	0	0	0	0	0	0	0
CDCA3	ENSG00000111665	ENST00000538862	protein_coding	0	0	0	1	0	0	0	0	0	0	0	0	0	0	0	1	0	0	0	0	0	0	0	0	0	0	0
CDCA3	ENSG00000111665	ENST00000540683	protein_coding	0	0	0	1	0	0	0	0	0	0	0	0	0	0	0	1	0	0	0	0	0	0	0	0	0	0	0
CDCA3	ENSG00000111665	ENST00000544610	processed_transcript	0	0	0	1	0	0	0	0	0	0	0	0	0	0	0	0	0	0	0	0	0	0	0	0	0	0	1
CDCA3	ENSG00000111665	ENST00000545368	processed_transcript	0	0	0	1	0	0	0	0	0	0	0	0	0	0	0	1	0	0	0	0	0	0	0	0	0	0	0
CDCA3	ENSG00000111665	ENST00000603043	processed_transcript	0	0	0	1	0	0	0	0	0	0	0	0	0	0	0	0	0	0	0	0	0	0	0	0	0	0	1
CDCA3	ENSG00000111665	ENST00000604599	processed_transcript	0	0	0	1	0	0	0	0	0	0	0	0	0	0	0	0	0	0	0	0	0	0	0	0	0	0	1
CDH23	ENSG00000107736	ENST00000224721	protein_coding	0	0	0	1	0	0	0	0	0	0	0	0	0	0	0	1	0	0	0	0	0	0	0	0	0	0	0
CDH23	ENSG00000107736	ENST00000622827	protein_coding	0	0	0	1	0	0	0	0	0	0	0	0	0	0	0	1	0	0	0	0	0	0	0	0	0	0	0
CDK2AP1	ENSG00000111328	ENST00000261692	protein_coding	0	1	0	0	0	0	0	0	0	0	0	0	0	0	0	0	0	0	0	0	0	0	0	0	0	1	0
CDK2AP1	ENSG00000111328	ENST00000535796	protein_coding	0	1	0	0	0	0	0	0	0	0	0	0	0	0	0	0	0	0	0	0	0	0	0	0	0	1	0
CDK2AP1	ENSG00000111328	ENST00000535979	protein_coding	0	1	0	0	0	0	0	0	0	0	0	0	0	0	0	0	0	0	0	0	0	0	0	0	0	1	0
CDK2AP1	ENSG00000111328	ENST00000538446	protein_coding	0	1	0	0	0	0	0	0	0	0	0	0	0	0	0	0	0	0	0	0	0	0	0	0	0	1	0
CDK2AP1	ENSG00000111328	ENST00000541002	processed_transcript	0	0	0	1	0	0	0	0	0	0	0	0	0	0	0	0	0	0	0	0	0	0	0	0	0	0	1
CDK2AP1	ENSG00000111328	ENST00000542174	protein_coding	0	1	0	0	0	0	0	0	0	0	0	0	0	0	0	0	0	0	0	0	0	0	0	0	0	1	0
CDK2AP1	ENSG00000111328	ENST00000542427	processed_transcript	0	0	0	1	0	0	0	0	0	0	0	0	0	0	0	0	0	0	0	0	0	0	0	0	0	0	1
CDK2AP1	ENSG00000111328	ENST00000543217	processed_transcript	0	0	0	1	0	0	0	0	0	0	0	0	0	0	0	0	0	0	0	0	0	0	0	0	0	0	1
CDK2AP1	ENSG00000111328	ENST00000544658	protein_coding	0	1	0	0	0	0	0	0	0	0	0	0	0	0	0	0	0	0	0	0	0	0	0	0	0	1	0
CDK2AP1	ENSG00000111328	ENST00000544890	processed_transcript	0	0	0	1	0	0	0	0	0	0	0	0	0	0	0	0	0	0	0	0	0	0	0	0	0	0	1
CDK2AP1	ENSG00000111328	ENST00000618072	protein_coding	0	1	0	0	0	0	0	0	0	0	0	0	0	0	0	0	0	0	0	0	0	0	0	0	0	1	0
CDK2AP1	ENSG00000111328	ENST00000652466	nonsense_mediated_decay	0	0	0	1	0	0	0	0	0	0	0	0	0	0	0	0	0	1	0	0	0	0	0	0	0	0	0
CDRT4	ENSG00000239704	ENST00000524205	protein_coding	0	0	0	2	0	0	0	0	0	0	0	0	0	0	0	0	0	0	0	0	0	0	0	0	0	0	2
CELF2	ENSG00000048740	ENST00000354897	protein_coding	0	0	0	1	0	0	0	0	0	0	0	0	1	0	0	0	0	0	0	0	0	0	0	0	0	0	0
CELF2	ENSG00000048740	ENST00000399850	protein_coding	0	0	0	1	1	0	0	0	0	0	0	0	0	0	0	0	0	0	0	0	0	0	0	0	0	0	0
CELF2	ENSG00000048740	ENST00000416382	protein_coding	0	0	0	1	1	0	0	0	0	0	0	0	0	0	0	0	0	0	0	0	0	0	0	0	0	0	0
CELF2	ENSG00000048740	ENST00000417956	protein_coding	0	0	0	1	1	0	0	0	0	0	0	0	0	0	0	0	0	0	0	0	0	0	0	0	0	0	0
CELF2	ENSG00000048740	ENST00000542579	protein_coding	0	0	0	1	1	0	0	0	0	0	0	0	0	0	0	0	0	0	0	0	0	0	0	0	0	0	0
CELF2	ENSG00000048740	ENST00000608830	protein_coding	0	0	0	1	1	0	0	0	0	0	0	0	0	0	0	0	0	0	0	0	0	0	0	0	0	0	0
CELF2	ENSG00000048740	ENST00000609692	protein_coding	0	0	0	1	1	0	0	0	0	0	0	0	0	0	0	0	0	0	0	0	0	0	0	0	0	0	0
CELF2	ENSG00000048740	ENST00000609870	nonsense_mediated_decay	0	0	0	1	0	0	0	0	0	0	0	0	1	0	0	0	0	0	0	0	0	0	0	0	0	0	0
CELF2	ENSG00000048740	ENST00000631460	protein_coding	0	0	0	1	1	0	0	0	0	0	0	0	0	0	0	0	0	0	0	0	0	0	0	0	0	0	0
CELF2	ENSG00000048740	ENST00000631816	protein_coding	0	0	0	1	1	0	0	0	0	0	0	0	0	0	0	0	0	0	0	0	0	0	0	0	0	0	0
CELF2	ENSG00000048740	ENST00000632065	protein_coding	0	0	0	1	0	0	0	0	0	0	0	0	1	0	0	0	0	0	0	0	0	0	0	0	0	0	0
CELF2	ENSG00000048740	ENST00000632728	protein_coding	0	0	0	1	1	0	0	0	0	0	0	0	0	0	0	0	0	0	0	0	0	0	0	0	0	0	0
CELF2	ENSG00000048740	ENST00000633077	protein_coding	0	0	0	1	0	0	0	0	0	0	0	0	1	0	0	0	0	0	0	0	0	0	0	0	0	0	0
CELF2	ENSG00000048740	ENST00000636488	protein_coding	0	0	0	1	1	0	0	0	0	0	0	0	0	0	0	0	0	0	0	0	0	0	0	0	0	0	0
CELF2	ENSG00000048740	ENST00000637215	protein_coding	0	0	0	1	1	0	0	0	0	0	0	0	0	0	0	0	0	0	0	0	0	0	0	0	0	0	0
CELF2	ENSG00000048740	ENST00000638035	protein_coding	0	0	0	1	0	0	0	0	0	0	0	0	1	0	0	0	0	0	0	0	0	0	0	0	0	0	0
CHCHD6	ENSG00000159685	ENST00000290913	protein_coding	0	0	0	3	0	0	0	0	0	0	0	0	0	0	0	3	0	0	0	0	0	0	0	0	0	0	0
CHCHD6	ENSG00000159685	ENST00000503119	nonsense_mediated_decay	0	0	0	3	0	0	0	0	0	0	0	0	0	0	0	3	0	0	0	0	0	0	0	0	0	0	0
CHCHD6	ENSG00000159685	ENST00000508789	protein_coding	0	0	0	3	0	0	0	0	0	0	0	0	0	0	0	3	0	0	0	0	0	0	0	0	0	0	0
CHCHD6	ENSG00000159685	ENST00000513253	protein_coding	0	0	0	3	0	0	0	0	0	0	0	0	0	0	0	3	0	0	0	0	0	0	0	0	0	0	0
CHCHD6	ENSG00000159685	ENST00000514908	processed_transcript	0	0	0	3	0	0	0	0	0	0	0	0	0	0	0	3	0	0	0	0	0	0	0	0	0	0	0
CHD4	ENSG00000111642	ENST00000357008	protein_coding	0	0	0	3	0	0	0	1	0	0	0	0	0	0	0	1	0	0	0	0	0	0	0	1	0	0	0
CHD4	ENSG00000111642	ENST00000430771	processed_transcript	0	0	0	2	0	0	0	0	0	0	0	0	1	0	0	0	0	0	0	0	0	0	0	0	0	0	1
CHD4	ENSG00000111642	ENST00000544040	protein_coding	0	0	0	3	0	0	0	1	0	0	0	0	0	0	0	1	0	0	0	0	0	0	0	1	0	0	0
CHD4	ENSG00000111642	ENST00000544484	protein_coding	0	0	0	3	0	0	0	1	0	0	0	0	0	0	0	1	0	0	0	0	0	0	0	1	0	0	0
CHD4	ENSG00000111642	ENST00000545584	protein_coding	0	0	0	3	0	0	0	1	0	0	0	0	1	0	0	0	0	0	0	0	0	0	0	1	0	0	0
CHD4	ENSG00000111642	ENST00000545942	protein_coding	0	0	0	3	0	0	0	1	0	0	0	0	0	0	0	1	0	0	0	0	0	0	0	1	0	0	0
CHD4	ENSG00000111642	ENST00000642594	protein_coding	0	0	0	2	0	0	0	0	0	0	0	0	0	0	0	1	0	0	0	0	0	0	0	0	0	0	1
CHD4	ENSG00000111642	ENST00000642810	nonsense_mediated_decay	0	0	0	4	0	0	0	1	0	0	0	0	0	0	0	1	0	1	0	0	0	0	0	1	0	0	0
CHD4	ENSG00000111642	ENST00000642879	protein_coding	0	0	0	3	0	0	0	1	0	0	0	0	0	0	0	1	0	0	0	0	0	0	0	1	0	0	0
CHD4	ENSG00000111642	ENST00000643335	protein_coding	0	0	0	3	0	0	0	1	0	0	0	0	0	0	0	1	0	0	0	0	0	0	0	1	0	0	0
CHD4	ENSG00000111642	ENST00000643815	protein_coding	0	0	0	1	0	0	0	0	0	0	0	0	0	0	0	0	0	0	0	0	0	0	0	0	0	0	1
CHD4	ENSG00000111642	ENST00000644132	protein_coding	0	0	0	3	0	0	0	1	0	0	0	0	1	0	0	0	0	0	0	0	0	0	0	1	0	0	0
CHD4	ENSG00000111642	ENST00000644137	nonsense_mediated_decay	0	0	0	4	0	0	0	1	0	0	0	0	0	0	0	1	0	1	0	0	0	0	0	1	0	0	0
CHD4	ENSG00000111642	ENST00000644289	protein_coding	0	0	0	2	0	0	0	0	0	0	0	0	0	0	0	1	0	0	0	0	0	0	0	0	0	0	1
CHD4	ENSG00000111642	ENST00000644801	nonsense_mediated_decay	0	0	0	4	0	0	0	1	0	0	0	0	0	0	0	1	0	1	0	0	0	0	0	1	0	0	0
CHD4	ENSG00000111642	ENST00000645005	protein_coding	0	0	0	3	0	0	0	1	0	0	0	0	0	0	0	1	0	0	0	0	0	0	0	1	0	0	0
CHD4	ENSG00000111642	ENST00000645022	protein_coding	0	0	0	3	0	0	0	1	0	0	0	0	0	0	0	1	0	0	0	0	0	0	0	1	0	0	0
CHD4	ENSG00000111642	ENST00000645095	protein_coding	0	0	0	2	0	0	0	0	0	0	0	0	0	0	0	1	0	0	0	0	0	0	0	0	0	0	1
CHD4	ENSG00000111642	ENST00000645265	processed_transcript	0	0	0	1	0	0	0	0	0	0	0	0	1	0	0	0	0	0	0	0	0	0	0	0	0	0	0
CHD4	ENSG00000111642	ENST00000645645	protein_coding	0	0	0	3	0	0	0	1	0	0	0	0	0	0	0	1	0	0	0	0	0	0	0	1	0	0	0
CHD4	ENSG00000111642	ENST00000646268	nonsense_mediated_decay	0	0	0	4	0	0	0	1	0	0	0	0	0	0	0	1	0	1	0	0	0	0	0	1	0	0	0
CHD4	ENSG00000111642	ENST00000646366	processed_transcript	0	0	0	2	0	0	0	0	0	0	0	0	0	0	0	1	0	0	0	0	0	0	0	0	0	0	1
CHD4	ENSG00000111642	ENST00000646608	protein_coding	0	0	0	1	0	0	0	0	0	0	0	0	0	0	0	0	0	0	0	0	0	0	0	0	0	0	1
CHD4	ENSG00000111642	ENST00000646787	processed_transcript	0	0	0	1	0	0	0	0	0	0	0	0	1	0	0	0	0	0	0	0	0	0	0	0	0	0	0
CHD4	ENSG00000111642	ENST00000646806	protein_coding	0	0	0	3	0	0	0	1	0	0	0	0	0	0	0	1	0	0	0	0	0	0	0	1	0	0	0
CHD4	ENSG00000111642	ENST00000647426	processed_transcript	0	0	0	1	0	0	0	0	0	0	0	0	1	0	0	0	0	0	0	0	0	0	0	0	0	0	0
CHD4	ENSG00000111642	ENST00000647483	protein_coding	0	0	0	1	0	0	0	0	0	0	0	0	0	0	0	0	0	0	0	0	0	0	0	0	0	0	1
CHEK2P5	ENSG00000234541	ENST00000423877	unprocessed_pseudogene	0	0	0	1	0	0	0	0	0	0	0	0	0	0	0	1	0	0	0	0	0	0	0	0	0	0	0
CHL1	ENSG00000134121	ENST00000256509	protein_coding	0	0	0	1	1	0	0	0	0	0	0	0	0	0	0	0	0	0	0	0	0	0	0	0	0	0	0
CHL1	ENSG00000134121	ENST00000397491	protein_coding	0	0	0	1	0	0	0	0	0	0	0	0	1	0	0	0	0	0	0	0	0	0	0	0	0	0	0
CHL1	ENSG00000134121	ENST00000445697	protein_coding	0	0	0	1	0	0	0	0	0	0	0	0	1	0	0	0	0	0	0	0	0	0	0	0	0	0	0
CHL1	ENSG00000134121	ENST00000620033	protein_coding	0	0	0	1	1	0	0	0	0	0	0	0	0	0	0	0	0	0	0	0	0	0	0	0	0	0	0
CHN2	ENSG00000106069	ENST00000222792	protein_coding	0	0	0	1	0	0	0	0	0	0	0	0	0	0	0	1	0	0	0	0	0	0	0	0	0	0	0
CHN2	ENSG00000106069	ENST00000409350	protein_coding	0	0	0	1	0	0	0	0	0	0	0	0	0	0	0	1	0	0	0	0	0	0	0	0	0	0	0
CHN2	ENSG00000106069	ENST00000409964	processed_transcript	0	0	0	1	0	0	0	0	0	0	0	0	0	0	0	1	0	0	0	0	0	0	0	0	0	0	0
CHN2	ENSG00000106069	ENST00000439384	protein_coding	0	0	0	1	0	0	0	0	0	0	0	0	0	0	0	1	0	0	0	0	0	0	0	0	0	0	0
CHN2	ENSG00000106069	ENST00000474070	nonsense_mediated_decay	0	0	0	1	0	0	0	0	0	0	0	0	0	0	0	1	0	0	0	0	0	0	0	0	0	0	0
CHN2	ENSG00000106069	ENST00000495789	protein_coding	0	0	0	1	0	0	0	0	0	0	0	0	0	0	0	1	0	0	0	0	0	0	0	0	0	0	0
CHN2-AS1	ENSG00000235669	ENST00000446246		0	0	0	1	0	0	0	0	0	0	0	0	0	0	0	0	0	0	0	0	0	0	0	0	0	0	1
CICP14	ENSG00000281490	ENST00000629111	processed_pseudogene	0	0	0	1	0	0	0	0	0	0	0	0	1	0	0	0	0	0	0	0	0	0	0	0	0	0	0
CICP6	ENSG00000230304	ENST00000457191	processed_pseudogene	0	0	0	4	0	0	0	0	0	0	0	0	2	0	0	0	0	1	0	0	0	0	0	0	0	0	1
CLCN2	ENSG00000114859	ENST00000265593	protein_coding	0	1	0	0	0	0	0	0	0	0	0	0	0	0	0	0	0	0	0	0	0	0	0	0	0	1	0
CLCN2	ENSG00000114859	ENST00000344937	protein_coding	0	1	0	0	0	0	0	0	0	0	0	0	0	0	0	0	0	0	0	0	0	0	0	0	0	1	0
CLCN2	ENSG00000114859	ENST00000430397	nonsense_mediated_decay	0	0	0	1	0	0	0	0	0	0	0	0	0	0	0	0	0	0	0	0	0	0	0	0	0	0	1
CLCN2	ENSG00000114859	ENST00000434054	protein_coding	0	1	0	0	0	0	0	0	0	0	0	0	0	0	0	0	0	0	0	0	0	0	0	0	0	1	0
CLCN2	ENSG00000114859	ENST00000457512	protein_coding	0	1	0	0	0	0	0	0	0	0	0	0	0	0	0	0	0	0	0	0	0	0	0	0	0	1	0
CLCN2	ENSG00000114859	ENST00000465231	retained_intron	0	0	0	1	0	0	0	0	0	0	0	0	1	0	0	0	0	0	0	0	0	0	0	0	0	0	0
CLCN2	ENSG00000114859	ENST00000475279	nonsense_mediated_decay	0	0	0	1	0	0	0	0	0	0	0	0	0	0	0	0	0	1	0	0	0	0	0	0	0	0	0
CLCN2	ENSG00000114859	ENST00000485667	retained_intron	0	0	0	1	0	0	0	0	0	0	0	0	0	0	0	0	0	1	0	0	0	0	0	0	0	0	0
CLCN2	ENSG00000114859	ENST00000491162	retained_intron	0	0	0	1	0	0	0	0	0	0	0	0	0	0	0	0	0	0	0	0	0	0	0	0	0	0	1
CLCN2	ENSG00000114859	ENST00000636180	nonsense_mediated_decay	0	0	0	1	0	0	0	0	0	0	0	0	0	0	0	0	0	1	0	0	0	0	0	0	0	0	0
CLCN2	ENSG00000114859	ENST00000636241	nonsense_mediated_decay	0	0	0	1	0	0	0	0	0	0	0	0	0	0	0	0	0	1	0	0	0	0	0	0	0	0	0
CLCN2	ENSG00000114859	ENST00000636419	protein_coding	0	0	0	1	0	0	0	0	0	0	0	0	0	0	0	0	0	0	0	0	0	0	0	0	0	0	1
CLCN2	ENSG00000114859	ENST00000636492	protein_coding	0	1	0	0	0	0	0	0	0	0	0	0	0	0	0	0	0	0	0	0	0	0	0	0	0	1	0
CLCN2	ENSG00000114859	ENST00000636658	nonsense_mediated_decay	0	0	0	1	0	0	0	0	0	0	0	0	0	0	0	0	0	0	0	0	0	0	0	0	0	0	1
CLCN2	ENSG00000114859	ENST00000636661	nonsense_mediated_decay	0	0	0	1	0	0	0	0	0	0	0	0	0	0	0	0	0	1	0	0	0	0	0	0	0	0	0
CLCN2	ENSG00000114859	ENST00000636860	processed_transcript	0	0	0	1	0	0	0	0	0	0	0	0	0	0	0	0	0	0	0	0	0	0	0	0	0	0	1
CLCN2	ENSG00000114859	ENST00000637258	retained_intron	0	0	0	1	0	0	0	0	0	0	0	0	0	0	0	0	0	0	0	0	0	0	0	0	0	0	1
CLCN2	ENSG00000114859	ENST00000637392	retained_intron	0	0	0	1	0	0	0	0	0	0	0	0	0	0	0	0	0	1	0	0	0	0	0	0	0	0	0
CLCN2	ENSG00000114859	ENST00000637538	nonsense_mediated_decay	0	0	0	1	0	0	0	0	0	0	0	0	0	0	0	0	0	0	0	0	0	0	0	0	0	0	1
CLCN2	ENSG00000114859	ENST00000637909	nonsense_mediated_decay	0	0	0	1	0	0	0	0	0	0	0	0	0	0	0	0	0	1	0	0	0	0	0	0	0	0	0
CLCN2	ENSG00000114859	ENST00000638134	nonsense_mediated_decay	0	0	0	1	0	0	0	0	0	0	0	0	0	0	0	0	0	1	0	0	0	0	0	0	0	0	0
CLEC4A	ENSG00000111729	ENST00000229332	protein_coding	0	0	0	2	0	0	0	0	0	0	0	0	0	0	0	2	0	0	0	0	0	0	0	0	0	0	0
CLEC4A	ENSG00000111729	ENST00000345999	protein_coding	0	0	0	2	0	0	0	0	0	0	0	0	0	0	0	2	0	0	0	0	0	0	0	0	0	0	0
CLEC4A	ENSG00000111729	ENST00000352620	protein_coding	0	0	0	2	0	0	0	0	0	0	0	0	0	0	0	2	0	0	0	0	0	0	0	0	0	0	0
CLEC4A	ENSG00000111729	ENST00000360500	protein_coding	0	0	0	2	0	0	0	0	0	0	0	0	0	0	0	2	0	0	0	0	0	0	0	0	0	0	0
CLEC4A	ENSG00000111729	ENST00000641376	protein_coding	0	0	0	2	0	0	0	0	0	0	0	0	0	0	0	2	0	0	0	0	0	0	0	0	0	0	0
CMTM8	ENSG00000170293	ENST00000307526	protein_coding	0	0	0	2	0	0	0	0	0	0	0	0	0	0	0	2	0	0	0	0	0	0	0	0	0	0	0
CMTM8	ENSG00000170293	ENST00000458535	protein_coding	0	0	0	2	0	0	0	0	0	0	0	0	0	0	0	2	0	0	0	0	0	0	0	0	0	0	0
CNOT2	ENSG00000111596	ENST00000229195	protein_coding	0	0	0	1	0	0	0	0	0	0	0	0	0	0	0	1	0	0	0	0	0	0	0	0	0	0	0
CNOT2	ENSG00000111596	ENST00000418359	protein_coding	0	0	0	1	0	0	0	0	0	0	0	0	0	0	0	1	0	0	0	0	0	0	0	0	0	0	0
CNOT2	ENSG00000111596	ENST00000546673	nonsense_mediated_decay	0	0	0	1	0	0	0	0	0	0	0	0	0	0	0	0	0	0	0	0	0	0	0	0	0	0	1
CNOT2	ENSG00000111596	ENST00000547149	processed_transcript	0	0	0	1	0	0	0	0	0	0	0	0	1	0	0	0	0	0	0	0	0	0	0	0	0	0	0
CNOT2	ENSG00000111596	ENST00000548021	retained_intron	0	0	0	1	0	0	0	0	0	0	0	0	1	0	0	0	0	0	0	0	0	0	0	0	0	0	0
CNOT2	ENSG00000111596	ENST00000548159	protein_coding	0	0	0	1	0	0	0	0	0	0	0	0	0	0	0	1	0	0	0	0	0	0	0	0	0	0	0
CNOT2	ENSG00000111596	ENST00000548230	processed_transcript	0	0	0	1	0	0	0	0	0	0	0	0	1	0	0	0	0	0	0	0	0	0	0	0	0	0	0
CNOT2	ENSG00000111596	ENST00000548338	protein_coding	0	0	0	1	0	0	0	0	0	0	0	0	0	0	0	0	0	0	0	0	0	0	0	0	0	0	1
CNOT2	ENSG00000111596	ENST00000548599	nonsense_mediated_decay	0	0	0	1	0	0	0	0	0	0	0	0	0	0	0	1	0	0	0	0	0	0	0	0	0	0	0
CNOT2	ENSG00000111596	ENST00000548863	retained_intron	0	0	0	1	0	0	0	0	0	0	0	0	1	0	0	0	0	0	0	0	0	0	0	0	0	0	0
CNOT2	ENSG00000111596	ENST00000548939	retained_intron	0	0	0	1	0	0	0	0	0	0	0	0	0	0	0	0	0	0	0	0	0	0	0	0	0	0	1
CNOT2	ENSG00000111596	ENST00000549443	processed_transcript	0	0	0	1	0	0	0	0	0	0	0	0	1	0	0	0	0	0	0	0	0	0	0	0	0	0	0
CNOT2	ENSG00000111596	ENST00000549947	processed_transcript	0	0	0	1	0	0	0	0	0	0	0	0	0	0	0	1	0	0	0	0	0	0	0	0	0	0	0
CNOT2	ENSG00000111596	ENST00000550155	retained_intron	0	0	0	1	0	0	0	0	0	0	0	0	0	0	0	1	0	0	0	0	0	0	0	0	0	0	0
CNOT2	ENSG00000111596	ENST00000550160	protein_coding	0	0	0	1	0	0	0	0	0	0	0	0	0	0	0	1	0	0	0	0	0	0	0	0	0	0	0
CNOT2	ENSG00000111596	ENST00000550194	protein_coding	0	0	0	1	0	0	0	0	0	0	0	0	1	0	0	0	0	0	0	0	0	0	0	0	0	0	0
CNOT2	ENSG00000111596	ENST00000550641	protein_coding	0	0	0	1	0	0	0	0	0	0	0	0	0	0	0	1	0	0	0	0	0	0	0	0	0	0	0
CNOT2	ENSG00000111596	ENST00000551043	protein_coding	0	0	0	1	0	0	0	0	0	0	0	0	0	0	0	1	0	0	0	0	0	0	0	0	0	0	0
CNOT2	ENSG00000111596	ENST00000551483	protein_coding	0	1	0	1	0	1	0	1	0	0	0	0	0	0	0	0	0	0	0	0	0	0	0	0	0	0	0
CNOT2	ENSG00000111596	ENST00000551873	protein_coding	0	0	0	1	0	0	0	0	0	0	0	0	1	0	0	0	0	0	0	0	0	0	0	0	0	0	0
CNOT2	ENSG00000111596	ENST00000552151	protein_coding	0	0	0	1	0	0	0	0	0	0	0	0	1	0	0	0	0	0	0	0	0	0	0	0	0	0	0
CNOT2	ENSG00000111596	ENST00000552231	protein_coding	0	0	0	1	0	0	0	0	0	0	0	0	0	0	0	1	0	0	0	0	0	0	0	0	0	0	0
CNOT2	ENSG00000111596	ENST00000552483	protein_coding	0	0	0	1	0	0	0	0	0	0	0	0	0	0	0	1	0	0	0	0	0	0	0	0	0	0	0
CNOT2	ENSG00000111596	ENST00000552599	protein_coding	0	0	0	1	0	0	0	0	0	0	0	0	0	0	0	0	0	0	0	0	0	0	0	0	0	0	1
CNOT2	ENSG00000111596	ENST00000552915	protein_coding	0	0	0	1	0	0	0	0	0	0	0	0	0	0	0	1	0	0	0	0	0	0	0	0	0	0	0
CNOT2-DT	ENSG00000257815	ENST00000549419		0	0	0	2	0	0	0	0	0	0	0	0	0	0	0	2	0	0	0	0	0	0	0	0	0	0	0
CNOT2-DT	ENSG00000257815	ENST00000668518		0	0	0	2	0	0	0	0	0	0	0	0	0	0	0	2	0	0	0	0	0	0	0	0	0	0	0
CNP	ENSG00000173786	ENST00000393888	protein_coding	0	0	1	0	0	0	0	0	0	0	0	0	0	0	0	0	1	0	0	0	0	0	0	0	0	0	0
CNP	ENSG00000173786	ENST00000393892	protein_coding	0	0	1	0	0	0	0	0	0	0	0	0	0	0	0	0	1	0	0	0	0	0	0	0	0	0	0
CNP	ENSG00000173786	ENST00000441615	protein_coding	0	0	1	0	0	0	0	0	0	0	0	0	0	0	0	0	1	0	0	0	0	0	0	0	0	0	0
CNP	ENSG00000173786	ENST00000472031	protein_coding	0	0	0	1	0	0	0	0	0	0	0	0	0	0	0	1	0	0	0	0	0	0	0	0	0	0	0
CNP	ENSG00000173786	ENST00000486438	retained_intron	0	0	0	1	0	0	0	0	0	0	0	0	0	0	0	0	0	0	0	0	0	0	0	0	0	0	1
CNP	ENSG00000173786	ENST00000585452	protein_coding	0	0	1	0	0	0	0	0	0	0	0	0	0	0	0	0	1	0	0	0	0	0	0	0	0	0	0
CNP	ENSG00000173786	ENST00000587679	protein_coding	0	0	1	0	0	0	0	0	0	0	0	0	0	0	0	0	1	0	0	0	0	0	0	0	0	0	0
CNP	ENSG00000173786	ENST00000589772	protein_coding	0	0	1	0	0	0	0	0	0	0	0	0	0	0	0	0	1	0	0	0	0	0	0	0	0	0	0
CNP	ENSG00000173786	ENST00000591945	processed_transcript	0	0	0	1	0	0	0	0	0	0	0	0	1	0	0	0	0	0	0	0	0	0	0	0	0	0	0
CNP	ENSG00000173786	ENST00000592105	processed_transcript	0	0	0	1	0	0	0	0	0	0	0	0	0	0	0	0	0	0	0	0	0	0	0	0	0	0	1
CNP	ENSG00000173786	ENST00000592446	processed_transcript	0	0	0	1	0	0	0	0	0	0	0	0	0	0	0	0	0	1	0	0	0	0	0	0	0	0	0
CNP	ENSG00000173786	ENST00000592861	retained_intron	0	0	0	1	0	0	0	0	0	0	0	0	0	0	0	0	0	0	0	0	0	0	0	0	0	0	1
CNPY4	ENSG00000166997	ENST00000262932	protein_coding	0	0	0	1	0	0	0	0	0	0	0	0	1	0	0	0	0	0	0	0	0	0	0	0	0	0	0
CNPY4	ENSG00000166997	ENST00000462193	nonsense_mediated_decay	0	0	0	1	0	0	0	0	0	0	0	0	1	0	0	0	0	0	0	0	0	0	0	0	0	0	0
CNPY4	ENSG00000166997	ENST00000480692	processed_transcript	0	0	0	1	0	0	0	0	0	0	0	0	1	0	0	0	0	0	0	0	0	0	0	0	0	0	0
CNPY4	ENSG00000166997	ENST00000483756	protein_coding	0	0	0	1	0	0	0	0	0	0	0	0	1	0	0	0	0	0	0	0	0	0	0	0	0	0	0
CNTD1	ENSG00000176563	ENST00000315066	processed_transcript	0	0	0	1	0	0	0	0	0	0	0	0	0	0	0	0	0	0	0	0	0	0	0	0	0	0	1
CNTD1	ENSG00000176563	ENST00000585355	protein_coding	0	0	0	1	0	0	0	0	0	0	0	0	0	0	0	1	0	0	0	0	0	0	0	0	0	0	0
CNTD1	ENSG00000176563	ENST00000586652	protein_coding	0	0	0	1	0	0	0	0	0	0	0	0	0	0	0	0	0	0	0	0	0	0	0	0	0	0	1
CNTD1	ENSG00000176563	ENST00000588408	protein_coding	0	0	0	1	0	0	0	0	0	0	0	0	0	0	0	1	0	0	0	0	0	0	0	0	0	0	0
CNTD1	ENSG00000176563	ENST00000588527	protein_coding	0	0	0	1	0	0	0	0	0	0	0	0	0	0	0	1	0	0	0	0	0	0	0	0	0	0	0
CNTD1	ENSG00000176563	ENST00000591559	processed_transcript	0	0	0	1	0	0	0	0	0	0	0	0	0	0	0	1	0	0	0	0	0	0	0	0	0	0	0
CNTD1	ENSG00000176563	ENST00000592166	nonsense_mediated_decay	0	0	0	1	0	0	0	0	0	0	0	0	0	0	0	1	0	0	0	0	0	0	0	0	0	0	0
CNTN1	ENSG00000018236	ENST00000347616	protein_coding	0	0	0	1	0	0	0	0	0	0	0	0	0	0	0	1	0	0	0	0	0	0	0	0	0	0	0
CNTN1	ENSG00000018236	ENST00000348761	protein_coding	0	0	0	1	0	0	0	0	0	0	0	0	0	0	0	1	0	0	0	0	0	0	0	0	0	0	0
CNTN1	ENSG00000018236	ENST00000547702	protein_coding	0	0	0	1	0	0	0	0	0	0	0	0	0	0	0	1	0	0	0	0	0	0	0	0	0	0	0
CNTN1	ENSG00000018236	ENST00000547849	protein_coding	0	0	0	1	0	0	0	0	0	0	0	0	0	0	0	1	0	0	0	0	0	0	0	0	0	0	0
CNTN1	ENSG00000018236	ENST00000551295	protein_coding	0	0	0	1	0	0	0	0	0	0	0	0	0	0	0	1	0	0	0	0	0	0	0	0	0	0	0
COL17A1	ENSG00000065618	ENST00000369733	protein_coding	0	0	0	1	0	0	0	0	0	0	0	0	0	0	0	1	0	0	0	0	0	0	0	0	0	0	0
COL17A1	ENSG00000065618	ENST00000648076	protein_coding	0	0	0	1	0	0	0	0	0	0	0	0	0	0	0	1	0	0	0	0	0	0	0	0	0	0	0
COL6A5	ENSG00000172752	ENST00000265379	protein_coding	0	0	1	0	0	0	0	0	0	0	0	0	0	0	0	0	1	0	0	0	0	0	0	0	0	0	0
COL6A5	ENSG00000172752	ENST00000312481	nonsense_mediated_decay	0	0	0	1	0	0	0	0	0	0	0	0	0	0	0	0	0	1	0	0	0	0	0	0	0	0	0
COL7A1	ENSG00000114270	ENST00000328333	protein_coding	1	1	1	0	0	0	0	0	0	1	0	0	0	0	1	1	0	0	0	0	0	1	0	0	0	0	0
COL7A1	ENSG00000114270	ENST00000487017	retained_intron	0	0	0	1	0	0	0	0	0	0	0	0	0	0	0	0	0	0	0	0	0	0	0	0	0	0	1
COPG2	ENSG00000158623	ENST00000425248	protein_coding	0	0	0	2	0	0	0	0	0	0	0	0	2	0	0	0	0	0	0	0	0	0	0	0	0	0	0
COPG2	ENSG00000158623	ENST00000617523	retained_intron	0	0	0	2	0	0	0	0	0	0	0	0	2	0	0	0	0	0	0	0	0	0	0	0	0	0	0
COX11	ENSG00000166260	ENST00000299335	protein_coding	0	0	1	0	0	0	0	0	0	0	0	0	0	0	0	0	1	0	0	0	0	0	0	0	0	0	0
COX11	ENSG00000166260	ENST00000571584	protein_coding	0	0	1	0	0	0	0	0	0	0	0	0	0	0	0	0	1	0	0	0	0	0	0	0	0	0	0
COX11	ENSG00000166260	ENST00000572558	nonsense_mediated_decay	0	0	0	1	0	0	0	0	0	0	0	0	0	0	0	0	0	1	0	0	0	0	0	0	0	0	0
COX11	ENSG00000166260	ENST00000573912	processed_transcript	0	0	0	1	0	0	0	0	0	0	0	0	0	0	0	0	0	0	0	0	0	0	0	0	0	0	1
COX11	ENSG00000166260	ENST00000574821	nonsense_mediated_decay	0	0	0	1	0	0	0	0	0	0	0	0	0	0	0	0	0	1	0	0	0	0	0	0	0	0	0
COX11	ENSG00000166260	ENST00000574989	processed_transcript	0	0	0	1	0	0	0	0	0	0	0	0	0	0	0	0	0	0	0	0	0	0	0	0	0	0	1
COX11	ENSG00000166260	ENST00000576370	nonsense_mediated_decay	0	0	0	1	0	0	0	0	0	0	0	0	0	0	0	0	0	1	0	0	0	0	0	0	0	0	0
COX11	ENSG00000166260	ENST00000639671	protein_coding	0	0	1	0	0	0	0	0	0	0	0	0	0	0	0	0	1	0	0	0	0	0	0	0	0	0	0
COX7CP1	ENSG00000235957	ENST00000446556	processed_pseudogene	0	0	0	2	0	0	0	0	0	0	0	0	0	0	0	0	0	0	0	0	0	0	0	0	0	0	2
CPEB3	ENSG00000107864	ENST00000265997	protein_coding	0	0	0	1	1	0	0	0	0	0	0	0	0	0	0	0	0	0	0	0	0	0	0	0	0	0	0
CPEB3	ENSG00000107864	ENST00000412050	protein_coding	0	0	0	1	1	0	0	0	0	0	0	0	0	0	0	0	0	0	0	0	0	0	0	0	0	0	0
CPEB3	ENSG00000107864	ENST00000614585	protein_coding	0	0	0	1	1	0	0	0	0	0	0	0	0	0	0	0	0	0	0	0	0	0	0	0	0	0	0
CPED1	ENSG00000106034	ENST00000310396	protein_coding	0	0	0	1	0	0	0	0	0	0	0	0	0	0	0	1	0	0	0	0	0	0	0	0	0	0	0
CPED1	ENSG00000106034	ENST00000340646	protein_coding	0	0	0	1	0	0	0	0	0	0	0	0	1	0	0	0	0	0	0	0	0	0	0	0	0	0	0
CPED1	ENSG00000106034	ENST00000428526	protein_coding	0	0	0	1	0	0	0	0	0	0	0	0	0	0	0	1	0	0	0	0	0	0	0	0	0	0	0
CPED1	ENSG00000106034	ENST00000450913	protein_coding	0	0	0	1	0	0	0	0	0	0	0	0	0	0	0	1	0	0	0	0	0	0	0	0	0	0	0
CPED1	ENSG00000106034	ENST00000495036	processed_transcript	0	0	0	1	0	0	0	0	0	0	0	0	0	0	0	0	0	1	0	0	0	0	0	0	0	0	0
CPED1	ENSG00000106034	ENST00000520801	nonsense_mediated_decay	0	0	0	1	0	0	0	0	0	0	0	0	0	0	0	1	0	0	0	0	0	0	0	0	0	0	0
CPED1	ENSG00000106034	ENST00000521774	processed_transcript	0	0	0	1	0	0	0	0	0	0	0	0	1	0	0	0	0	0	0	0	0	0	0	0	0	0	0
CPNE9	ENSG00000144550	ENST00000273027	protein_coding	0	0	0	1	0	0	0	0	0	0	0	0	0	0	0	1	0	0	0	0	0	0	0	0	0	0	0
CPNE9	ENSG00000144550	ENST00000383831	protein_coding	0	0	0	1	0	0	0	0	0	0	0	0	0	0	0	1	0	0	0	0	0	0	0	0	0	0	0
CPNE9	ENSG00000144550	ENST00000383832	protein_coding	0	0	0	1	0	0	0	0	0	0	0	0	0	0	0	1	0	0	0	0	0	0	0	0	0	0	0
CPNE9	ENSG00000144550	ENST00000613455	protein_coding	0	0	0	1	0	0	0	0	0	0	0	0	0	0	0	1	0	0	0	0	0	0	0	0	0	0	0
CRACR2A	ENSG00000130038	ENST00000252322	protein_coding	0	0	0	1	0	0	0	1	0	0	0	0	0	0	0	0	0	0	0	0	0	0	0	0	0	0	0
CRACR2A	ENSG00000130038	ENST00000440314	protein_coding	0	0	0	1	0	0	0	1	0	0	0	0	0	0	0	0	0	0	0	0	0	0	0	0	0	0	0
CRACR2A	ENSG00000130038	ENST00000514026	processed_transcript	0	0	0	1	0	0	0	0	0	0	0	0	0	0	0	0	0	1	0	0	0	0	0	0	0	0	0
CRACR2A	ENSG00000130038	ENST00000535507	processed_transcript	0	0	0	1	0	0	0	0	0	0	0	0	0	0	0	0	0	1	0	0	0	0	0	0	0	0	0
CREB5	ENSG00000146592	ENST00000357727	protein_coding	0	0	0	1	1	0	0	0	0	0	0	0	0	0	0	0	0	0	0	0	0	0	0	0	0	0	0
CREB5	ENSG00000146592	ENST00000396298	protein_coding	0	0	0	1	0	0	0	0	0	0	0	0	1	0	0	0	0	0	0	0	0	0	0	0	0	0	0
CREB5	ENSG00000146592	ENST00000396299	protein_coding	0	0	0	1	0	0	0	0	0	0	0	0	1	0	0	0	0	0	0	0	0	0	0	0	0	0	0
CREB5	ENSG00000146592	ENST00000396300	protein_coding	0	0	0	1	0	0	0	0	0	0	0	0	1	0	0	0	0	0	0	0	0	0	0	0	0	0	0
CREB5	ENSG00000146592	ENST00000409603	protein_coding	0	0	0	1	0	0	0	0	0	0	0	0	1	0	0	0	0	0	0	0	0	0	0	0	0	0	0
CREB5	ENSG00000146592	ENST00000498316	protein_coding	0	0	0	1	0	0	0	0	0	0	0	0	1	0	0	0	0	0	0	0	0	0	0	0	0	0	0
CREBL2	ENSG00000111269	ENST00000228865	protein_coding	0	0	0	1	0	0	0	0	0	0	0	0	0	0	0	1	0	0	0	0	0	0	0	0	0	0	0
CREBL2	ENSG00000111269	ENST00000540224	processed_transcript	0	0	0	1	0	0	0	0	0	0	0	0	0	0	0	1	0	0	0	0	0	0	0	0	0	0	0
CRELD1	ENSG00000163703	ENST00000326434	protein_coding	0	0	0	1	0	0	0	0	0	0	0	0	0	0	0	0	0	0	0	0	0	0	0	0	0	0	1
CRELD1	ENSG00000163703	ENST00000383811	protein_coding	0	0	0	1	0	0	0	0	0	0	0	0	0	0	0	0	0	0	0	0	0	0	0	0	0	0	1
CRELD1	ENSG00000163703	ENST00000397170	protein_coding	0	0	0	1	0	0	0	0	0	0	0	0	0	0	0	0	0	0	0	0	0	0	0	0	0	0	1
CRELD1	ENSG00000163703	ENST00000414117	nonsense_mediated_decay	0	0	0	1	0	0	0	0	0	0	0	0	0	0	0	0	0	0	0	0	0	0	0	0	0	0	1
CRELD1	ENSG00000163703	ENST00000452070	protein_coding	0	0	0	1	0	0	0	0	0	0	0	0	0	0	0	0	0	0	0	0	0	0	0	0	0	0	1
CRELD1	ENSG00000163703	ENST00000465716	retained_intron	0	0	0	1	0	0	0	0	0	0	0	0	0	0	0	0	0	0	0	0	0	0	0	0	0	0	1
CRELD1	ENSG00000163703	ENST00000491527	retained_intron	0	0	0	1	0	0	0	0	0	0	0	0	0	0	0	0	0	0	0	0	0	0	0	0	0	0	1
CRELD1	ENSG00000163703	ENST00000673635	nonsense_mediated_decay	0	0	0	1	0	0	0	0	0	0	0	0	0	0	0	0	0	0	0	0	0	0	0	0	0	0	1
CRELD1	ENSG00000163703	ENST00000673737	nonsense_mediated_decay	0	0	0	1	0	0	0	0	0	0	0	0	0	0	0	0	0	0	0	0	0	0	0	0	0	0	1
CRELD1	ENSG00000163703	ENST00000674057	nonsense_mediated_decay	0	0	0	1	0	0	0	0	0	0	0	0	0	0	0	0	0	0	0	0	0	0	0	0	0	0	1
CRHR2	ENSG00000106113	ENST00000341843	protein_coding	0	0	0	2	0	0	0	0	0	0	0	0	0	0	0	2	0	0	0	0	0	0	0	0	0	0	0
CRHR2	ENSG00000106113	ENST00000348438	protein_coding	0	0	0	2	0	0	0	0	0	0	0	0	0	0	0	2	0	0	0	0	0	0	0	0	0	0	0
CRHR2	ENSG00000106113	ENST00000423776	nonsense_mediated_decay	0	0	0	1	0	0	0	0	0	0	0	0	0	0	0	1	0	0	0	0	0	0	0	0	0	0	0
CRHR2	ENSG00000106113	ENST00000445981	protein_coding	0	0	0	1	0	0	0	0	0	0	0	0	0	0	0	1	0	0	0	0	0	0	0	0	0	0	0
CRHR2	ENSG00000106113	ENST00000452278	nonsense_mediated_decay	0	0	0	2	0	0	0	0	0	0	0	0	0	0	0	2	0	0	0	0	0	0	0	0	0	0	0
CRHR2	ENSG00000106113	ENST00000462882	processed_transcript	0	0	0	1	0	0	0	0	0	0	0	0	0	0	0	1	0	0	0	0	0	0	0	0	0	0	0
CRHR2	ENSG00000106113	ENST00000471646	protein_coding	0	0	0	1	0	0	0	0	0	0	0	0	0	0	0	1	0	0	0	0	0	0	0	0	0	0	0
CRHR2	ENSG00000106113	ENST00000506074	protein_coding	0	0	0	1	0	0	0	0	0	0	0	0	0	0	0	1	0	0	0	0	0	0	0	0	0	0	0
CSGALNACT2	ENSG00000169826	ENST00000374466	protein_coding	0	0	2	0	0	0	0	0	0	0	0	0	0	0	0	0	2	0	0	0	0	0	0	0	0	0	0
CSNK1D	ENSG00000141551	ENST00000314028	protein_coding	0	0	0	1	0	0	0	0	0	0	0	0	1	0	0	0	0	0	0	0	0	0	0	0	0	0	0
CSNK1D	ENSG00000141551	ENST00000398519	protein_coding	0	0	0	1	0	0	0	0	0	0	0	0	1	0	0	0	0	0	0	0	0	0	0	0	0	0	0
CSNK1D	ENSG00000141551	ENST00000581241	retained_intron	0	0	0	1	0	0	0	0	0	0	0	0	1	0	0	0	0	0	0	0	0	0	0	0	0	0	0
CSNK1D	ENSG00000141551	ENST00000584672	nonsense_mediated_decay	0	0	0	2	1	0	0	0	0	0	0	0	0	0	0	0	0	1	0	0	0	0	0	0	0	0	0
CTAGE11P	ENSG00000214249	ENST00000451540	processed_pseudogene	0	0	0	1	0	0	0	0	0	0	0	0	0	0	0	0	0	1	0	0	0	0	0	0	0	0	0
CUX1	ENSG00000257923	ENST00000292535	protein_coding	0	0	0	1	0	0	0	0	0	0	0	0	0	0	0	0	0	0	0	0	0	0	0	0	0	0	1
CUX1	ENSG00000257923	ENST00000292538	protein_coding	0	0	0	1	0	0	0	0	0	0	0	0	0	0	0	1	0	0	0	0	0	0	0	0	0	0	0
CUX1	ENSG00000257923	ENST00000360264	protein_coding	0	0	0	1	0	0	0	0	0	0	0	0	0	0	0	1	0	0	0	0	0	0	0	0	0	0	0
CUX1	ENSG00000257923	ENST00000393824	protein_coding	0	0	0	1	0	0	0	0	0	0	0	0	0	0	0	1	0	0	0	0	0	0	0	0	0	0	0
CUX1	ENSG00000257923	ENST00000425244	protein_coding	0	0	0	1	0	0	0	0	0	0	0	0	0	0	0	1	0	0	0	0	0	0	0	0	0	0	0
CUX1	ENSG00000257923	ENST00000437600	protein_coding	0	0	0	1	0	0	0	0	0	0	0	0	0	0	0	1	0	0	0	0	0	0	0	0	0	0	0
CUX1	ENSG00000257923	ENST00000497815	retained_intron	0	0	0	1	0	0	0	0	0	0	0	0	0	0	0	1	0	0	0	0	0	0	0	0	0	0	0
CUX1	ENSG00000257923	ENST00000546411	protein_coding	0	0	0	1	0	0	0	0	0	0	0	0	0	0	0	0	0	0	0	0	0	0	0	0	0	0	1
CUX1	ENSG00000257923	ENST00000547394	protein_coding	0	0	0	1	0	0	0	0	0	0	0	0	0	0	0	1	0	0	0	0	0	0	0	0	0	0	0
CUX1	ENSG00000257923	ENST00000549414	protein_coding	0	0	0	1	0	0	0	0	0	0	0	0	0	0	0	0	0	0	0	0	0	0	0	0	0	0	1
CUX1	ENSG00000257923	ENST00000550008	protein_coding	0	0	0	1	0	0	0	0	0	0	0	0	0	0	0	0	0	0	0	0	0	0	0	0	0	0	1
CUX1	ENSG00000257923	ENST00000556210	protein_coding	0	0	0	1	0	0	0	0	0	0	0	0	0	0	0	0	0	0	0	0	0	0	0	0	0	0	1
CUX1	ENSG00000257923	ENST00000558469	processed_transcript	0	0	0	1	0	0	0	0	0	0	0	0	0	0	0	0	0	0	0	0	0	0	0	0	0	0	1
CUX1	ENSG00000257923	ENST00000607092	retained_intron	0	0	0	1	0	0	0	0	0	0	0	0	0	0	0	1	0	0	0	0	0	0	0	0	0	0	0
CUX1	ENSG00000257923	ENST00000622516	protein_coding	0	0	0	1	0	0	0	0	0	0	0	0	0	0	0	1	0	0	0	0	0	0	0	0	0	0	0
CUX1	ENSG00000257923	ENST00000645010	protein_coding	0	0	0	1	0	0	0	0	0	0	0	0	0	0	0	1	0	0	0	0	0	0	0	0	0	0	0
CUX1	ENSG00000257923	ENST00000646649	protein_coding	0	0	0	1	0	0	0	0	0	0	0	0	0	0	0	1	0	0	0	0	0	0	0	0	0	0	0
CWF19L1	ENSG00000095485	ENST00000354105	protein_coding	0	0	0	1	0	0	0	0	0	0	0	0	0	0	0	1	0	0	0	0	0	0	0	0	0	0	0
CWF19L1	ENSG00000095485	ENST00000466408	retained_intron	0	0	0	1	0	0	0	0	0	0	0	0	0	0	0	0	0	0	0	0	0	0	0	0	0	0	1
CWF19L1	ENSG00000095485	ENST00000466955	processed_transcript	0	0	0	1	0	0	0	0	0	0	0	0	0	0	0	1	0	0	0	0	0	0	0	0	0	0	0
CWF19L1	ENSG00000095485	ENST00000468709	nonsense_mediated_decay	0	0	0	1	0	0	0	0	0	0	0	0	0	0	0	1	0	0	0	0	0	0	0	0	0	0	0
CWF19L1	ENSG00000095485	ENST00000473842	protein_coding	0	0	0	1	0	0	0	0	0	0	0	0	1	0	0	0	0	0	0	0	0	0	0	0	0	0	0
CWF19L1	ENSG00000095485	ENST00000478047	retained_intron	0	0	0	1	0	0	0	0	0	0	0	0	0	0	0	1	0	0	0	0	0	0	0	0	0	0	0
CWF19L1	ENSG00000095485	ENST00000482452	nonsense_mediated_decay	0	0	0	1	0	0	0	0	0	0	0	0	0	0	0	1	0	0	0	0	0	0	0	0	0	0	0
CWF19L1	ENSG00000095485	ENST00000496796	processed_transcript	0	0	0	1	0	0	0	0	0	0	0	0	0	0	0	1	0	0	0	0	0	0	0	0	0	0	0
DACH1	ENSG00000276644	ENST00000611519	protein_coding	1	0	0	0	0	0	0	0	0	0	0	0	0	0	1	0	0	0	0	0	0	0	0	0	0	0	0
DACH1	ENSG00000276644	ENST00000613252	protein_coding	1	0	0	0	0	0	0	0	0	0	0	0	0	0	1	0	0	0	0	0	0	0	0	0	0	0	0
DACH1	ENSG00000276644	ENST00000619232	protein_coding	1	0	0	0	0	0	0	0	0	0	0	0	0	0	1	0	0	0	0	0	0	0	0	0	0	0	0
DACH1	ENSG00000276644	ENST00000620444	protein_coding	0	0	0	1	0	0	0	0	0	0	0	0	0	0	0	1	0	0	0	0	0	0	0	0	0	0	0
DBF4B	ENSG00000161692	ENST00000315005	protein_coding	0	0	0	1	0	0	0	0	0	0	0	0	0	0	0	1	0	0	0	0	0	0	0	0	0	0	0
DBF4B	ENSG00000161692	ENST00000393547	protein_coding	0	0	0	1	0	0	0	0	0	0	0	0	0	0	0	1	0	0	0	0	0	0	0	0	0	0	0
DBF4B	ENSG00000161692	ENST00000525140	retained_intron	0	0	0	1	0	0	0	0	0	0	0	0	1	0	0	0	0	0	0	0	0	0	0	0	0	0	0
DBF4B	ENSG00000161692	ENST00000526915	processed_transcript	0	0	0	1	0	0	0	0	0	0	0	0	0	0	0	1	0	0	0	0	0	0	0	0	0	0	0
DBF4B	ENSG00000161692	ENST00000526924	nonsense_mediated_decay	0	0	0	1	0	0	0	0	0	0	0	0	0	0	0	1	0	0	0	0	0	0	0	0	0	0	0
DBF4B	ENSG00000161692	ENST00000527862	retained_intron	0	0	0	1	0	0	0	0	0	0	0	0	0	0	0	0	0	0	0	0	0	0	0	0	0	0	1
DBF4B	ENSG00000161692	ENST00000528353	retained_intron	0	0	0	1	0	0	0	0	0	0	0	0	0	0	0	0	0	1	0	0	0	0	0	0	0	0	0
DBF4B	ENSG00000161692	ENST00000528766	retained_intron	0	0	0	1	0	0	0	0	0	0	0	0	1	0	0	0	0	0	0	0	0	0	0	0	0	0	0
DBF4B	ENSG00000161692	ENST00000531699	retained_intron	0	0	0	1	0	0	0	0	0	0	0	0	1	0	0	0	0	0	0	0	0	0	0	0	0	0	0
DBF4B	ENSG00000161692	ENST00000532789	retained_intron	0	0	0	1	0	0	0	0	0	0	0	0	0	0	0	0	0	1	0	0	0	0	0	0	0	0	0
DBNL	ENSG00000136279	ENST00000411855	nonsense_mediated_decay	0	0	0	1	0	0	0	0	0	0	0	0	0	0	0	0	0	0	0	0	0	0	0	0	0	0	1
DBNL	ENSG00000136279	ENST00000423561	retained_intron	0	0	0	1	0	0	0	0	0	0	0	0	0	0	0	0	0	0	0	0	0	0	0	0	0	0	1
DBNL	ENSG00000136279	ENST00000429716	nonsense_mediated_decay	0	0	0	1	0	0	0	0	0	0	0	0	0	0	0	0	0	0	0	0	0	0	0	0	0	0	1
DBNL	ENSG00000136279	ENST00000439815	nonsense_mediated_decay	0	0	0	1	0	0	0	0	0	0	0	0	0	0	0	0	0	0	0	0	0	0	0	0	0	0	1
DBNL	ENSG00000136279	ENST00000439983	retained_intron	0	0	0	1	0	0	0	0	0	0	0	0	0	0	0	0	0	0	0	0	0	0	0	0	0	0	1
DBNL	ENSG00000136279	ENST00000440166	protein_coding	0	0	0	1	0	0	0	0	0	0	0	0	0	0	0	0	0	0	0	0	0	0	0	0	0	0	1
DBNL	ENSG00000136279	ENST00000441840	nonsense_mediated_decay	0	0	0	1	0	0	0	0	0	0	0	0	0	0	0	0	0	0	0	0	0	0	0	0	0	0	1
DBNL	ENSG00000136279	ENST00000441904	nonsense_mediated_decay	0	0	0	1	0	0	0	0	0	0	0	0	0	0	0	0	0	0	0	0	0	0	0	0	0	0	1
DBNL	ENSG00000136279	ENST00000448521	protein_coding	0	0	0	1	0	0	0	1	0	0	0	0	0	0	0	0	0	0	0	0	0	0	0	0	0	0	0
DBNL	ENSG00000136279	ENST00000452943	protein_coding	0	0	0	1	0	0	0	0	0	0	0	0	0	0	0	0	0	0	0	0	0	0	0	0	0	0	1
DBNL	ENSG00000136279	ENST00000456905	protein_coding	0	0	0	1	0	0	0	0	0	0	0	0	0	0	0	0	0	0	0	0	0	0	0	0	0	0	1
DBNL	ENSG00000136279	ENST00000458579	nonsense_mediated_decay	0	0	0	1	0	0	0	0	0	0	0	0	0	0	0	0	0	0	0	0	0	0	0	0	0	0	1
DBNL	ENSG00000136279	ENST00000464762	nonsense_mediated_decay	0	0	0	1	0	0	0	0	0	0	0	0	0	0	0	0	0	0	0	0	0	0	0	0	0	0	1
DBNL	ENSG00000136279	ENST00000468694	protein_coding	0	0	0	1	0	0	0	0	0	0	0	0	0	0	0	0	0	0	0	0	0	0	0	0	0	0	1
DBNL	ENSG00000136279	ENST00000485932	nonsense_mediated_decay	0	0	0	1	0	0	0	0	0	0	0	0	0	0	0	0	0	0	0	0	0	0	0	0	0	0	1
DBNL	ENSG00000136279	ENST00000490734	protein_coding	0	0	0	1	0	0	0	1	0	0	0	0	0	0	0	0	0	0	0	0	0	0	0	0	0	0	0
DBNL	ENSG00000136279	ENST00000494774	protein_coding	0	0	0	1	0	0	0	0	0	0	0	0	0	0	0	0	0	0	0	0	0	0	0	0	0	0	1
DBNL	ENSG00000136279	ENST00000498733	nonsense_mediated_decay	0	0	0	1	0	0	0	0	0	0	0	0	0	0	0	0	0	0	0	0	0	0	0	0	0	0	1
DCAF1	ENSG00000145041	ENST00000335891	protein_coding	0	0	1	0	0	0	0	0	0	0	0	1	0	0	0	0	0	0	0	0	0	0	0	0	0	0	0
DCAF1	ENSG00000145041	ENST00000423656	protein_coding	0	0	1	0	0	0	0	0	0	0	0	1	0	0	0	0	0	0	0	0	0	0	0	0	0	0	0
DCAF1	ENSG00000145041	ENST00000504652	protein_coding	0	0	1	0	0	0	0	0	0	0	0	1	0	0	0	0	0	0	0	0	0	0	0	0	0	0	0
DCBLD2	ENSG00000057019	ENST00000326840	protein_coding	1	0	1	0	0	0	0	0	0	0	0	1	0	0	1	0	0	0	0	0	0	0	0	0	0	0	0
DCBLD2	ENSG00000057019	ENST00000326857	protein_coding	1	0	1	0	0	0	0	0	0	0	0	1	0	0	1	0	0	0	0	0	0	0	0	0	0	0	0
DCBLD2	ENSG00000057019	ENST00000460008	retained_intron	0	0	0	2	0	0	0	0	0	0	0	0	0	0	0	0	0	0	0	0	0	0	0	0	0	0	2
DCBLD2	ENSG00000057019	ENST00000469648	processed_transcript	0	0	0	2	0	0	0	0	0	0	0	0	0	0	0	0	0	2	0	0	0	0	0	0	0	0	0
DCBLD2	ENSG00000057019	ENST00000479144	retained_intron	0	0	0	2	0	0	0	0	0	0	0	0	0	0	0	0	0	0	0	0	0	0	0	0	0	0	2
DCBLD2	ENSG00000057019	ENST00000486004	processed_transcript	0	0	0	2	0	0	0	0	0	0	0	0	2	0	0	0	0	0	0	0	0	0	0	0	0	0	0
DCLK3	ENSG00000163673	ENST00000416516	protein_coding	0	0	0	1	1	0	0	0	0	0	0	0	0	0	0	0	0	0	0	0	0	0	0	0	0	0	0
DCLK3	ENSG00000163673	ENST00000498047	processed_transcript	0	0	0	1	0	0	0	0	0	0	0	0	1	0	0	0	0	0	0	0	0	0	0	0	0	0	0
DCLK3	ENSG00000163673	ENST00000636136	protein_coding	0	0	0	1	1	0	0	0	0	0	0	0	0	0	0	0	0	0	0	0	0	0	0	0	0	0	0
DCN	ENSG00000011465	ENST00000052754	protein_coding	0	0	0	1	0	0	0	0	0	0	0	0	0	0	0	1	0	0	0	0	0	0	0	0	0	0	0
DCN	ENSG00000011465	ENST00000393155	protein_coding	0	0	0	1	0	0	0	0	0	0	0	0	0	0	0	1	0	0	0	0	0	0	0	0	0	0	0
DCN	ENSG00000011465	ENST00000420120	protein_coding	0	0	0	1	0	0	0	0	0	0	0	0	0	0	0	0	0	0	0	0	0	0	0	0	0	0	1
DCN	ENSG00000011465	ENST00000425043	protein_coding	0	0	0	1	0	0	0	0	0	0	0	0	0	0	0	0	0	0	0	0	0	0	0	0	0	0	1
DCN	ENSG00000011465	ENST00000441303	protein_coding	0	0	0	1	0	0	0	0	0	0	0	0	0	0	0	0	0	0	0	0	0	0	0	0	0	0	1
DCN	ENSG00000011465	ENST00000456569	protein_coding	0	0	0	1	0	0	0	0	0	0	0	0	0	0	0	0	0	0	0	0	0	0	0	0	0	0	1
DCN	ENSG00000011465	ENST00000546370	protein_coding	0	0	0	1	0	0	0	0	0	0	0	0	0	0	0	1	0	0	0	0	0	0	0	0	0	0	0
DCN	ENSG00000011465	ENST00000546391	protein_coding	0	0	0	1	0	0	0	0	0	0	0	0	0	0	0	1	0	0	0	0	0	0	0	0	0	0	0
DCN	ENSG00000011465	ENST00000546745	protein_coding	0	0	0	1	0	0	0	0	0	0	0	0	0	0	0	1	0	0	0	0	0	0	0	0	0	0	0
DCN	ENSG00000011465	ENST00000547568	protein_coding	0	0	0	1	0	0	0	0	0	0	0	0	0	0	0	1	0	0	0	0	0	0	0	0	0	0	0
DCN	ENSG00000011465	ENST00000547937	protein_coding	0	0	0	1	0	0	0	0	0	0	0	0	0	0	0	1	0	0	0	0	0	0	0	0	0	0	0
DCN	ENSG00000011465	ENST00000548768	processed_transcript	0	0	0	1	0	0	0	0	0	0	0	0	1	0	0	0	0	0	0	0	0	0	0	0	0	0	0
DCN	ENSG00000011465	ENST00000549513	protein_coding	0	0	0	1	0	0	0	0	0	0	0	0	0	0	0	1	0	0	0	0	0	0	0	0	0	0	0
DCN	ENSG00000011465	ENST00000550099	protein_coding	0	0	0	1	0	0	0	0	0	0	0	0	0	0	0	1	0	0	0	0	0	0	0	0	0	0	0
DCN	ENSG00000011465	ENST00000550563	protein_coding	0	0	0	1	0	0	0	0	0	0	0	0	0	0	0	1	0	0	0	0	0	0	0	0	0	0	0
DCN	ENSG00000011465	ENST00000551354	protein_coding	0	0	0	1	0	0	0	0	0	0	0	0	0	0	0	1	0	0	0	0	0	0	0	0	0	0	0
DCN	ENSG00000011465	ENST00000552145	protein_coding	0	0	0	1	0	0	0	0	0	0	0	0	0	0	0	1	0	0	0	0	0	0	0	0	0	0	0
DCN	ENSG00000011465	ENST00000552962	protein_coding	0	0	0	1	0	0	0	0	0	0	0	0	0	0	0	1	0	0	0	0	0	0	0	0	0	0	0
DCP1B	ENSG00000151065	ENST00000280665	protein_coding	0	0	0	1	0	0	0	0	0	0	0	0	0	0	0	1	0	0	0	0	0	0	0	0	0	0	0
DCP1B	ENSG00000151065	ENST00000536665	processed_transcript	0	0	0	1	0	0	0	0	0	0	0	0	0	0	0	0	0	0	0	0	0	0	0	0	0	0	1
DCP1B	ENSG00000151065	ENST00000537725	processed_transcript	0	0	0	1	0	0	0	0	0	0	0	0	0	0	0	1	0	0	0	0	0	0	0	0	0	0	0
DCP1B	ENSG00000151065	ENST00000540622	protein_coding	0	0	0	1	0	0	0	0	0	0	0	0	0	0	0	0	0	0	0	0	0	0	0	0	0	0	1
DCP1B	ENSG00000151065	ENST00000541700	processed_transcript	0	0	0	1	0	0	0	0	0	0	0	0	0	0	0	1	0	0	0	0	0	0	0	0	0	0	0
DCP1B	ENSG00000151065	ENST00000543381	nonsense_mediated_decay	0	0	0	1	0	0	0	0	0	0	0	0	0	0	0	1	0	0	0	0	0	0	0	0	0	0	0
DCUN1D2	ENSG00000150401	ENST00000332592	protein_coding	0	0	0	1	0	0	0	0	0	0	0	0	0	0	0	1	0	0	0	0	0	0	0	0	0	0	0
DCUN1D2	ENSG00000150401	ENST00000375403	nonsense_mediated_decay	0	0	0	1	0	0	0	0	0	0	0	0	0	0	0	1	0	0	0	0	0	0	0	0	0	0	0
DCUN1D2	ENSG00000150401	ENST00000438545	nonsense_mediated_decay	0	0	0	1	0	0	0	0	0	0	0	0	0	0	0	1	0	0	0	0	0	0	0	0	0	0	0
DCUN1D2	ENSG00000150401	ENST00000465938	protein_coding	0	0	0	1	0	0	0	0	0	0	0	0	1	0	0	0	0	0	0	0	0	0	0	0	0	0	0
DCUN1D2	ENSG00000150401	ENST00000478244	protein_coding	0	0	0	1	0	0	0	0	0	0	0	0	0	0	0	1	0	0	0	0	0	0	0	0	0	0	0
DCUN1D2	ENSG00000150401	ENST00000496873	protein_coding	0	0	0	1	0	0	0	0	0	0	0	0	1	0	0	0	0	0	0	0	0	0	0	0	0	0	0
DCUN1D2-AS	ENSG00000233613	ENST00000414992		0	0	0	1	0	0	0	0	0	0	0	0	0	0	0	1	0	0	0	0	0	0	0	0	0	0	0
DCUN1D2-AS	ENSG00000233613	ENST00000453584		0	0	0	1	0	0	0	0	0	0	0	0	0	0	0	0	0	0	0	0	0	0	0	0	0	0	1
DDX11L8	ENSG00000256263	ENST00000535849	unprocessed_pseudogene	0	0	0	1	0	0	0	0	0	0	0	0	1	0	0	0	0	0	0	0	0	0	0	0	0	0	0
DDX50	ENSG00000107625	ENST00000373585	protein_coding	0	0	0	1	0	0	0	0	0	0	0	0	0	0	0	1	0	0	0	0	0	0	0	0	0	0	0
DDX50	ENSG00000107625	ENST00000471475	nonsense_mediated_decay	0	0	0	1	0	0	0	0	0	0	0	0	0	0	0	1	0	0	0	0	0	0	0	0	0	0	0
DDX50	ENSG00000107625	ENST00000483593	nonsense_mediated_decay	0	0	0	1	0	0	0	0	0	0	0	0	0	0	0	1	0	0	0	0	0	0	0	0	0	0	0
DDX50	ENSG00000107625	ENST00000610822	protein_coding	0	0	0	1	0	0	0	0	0	0	0	0	0	0	0	1	0	0	0	0	0	0	0	0	0	0	0
DDX52	ENSG00000278053	ENST00000614307	retained_intron	0	0	0	1	0	0	0	0	0	0	0	0	1	0	0	0	0	0	0	0	0	0	0	0	0	0	0
DDX52	ENSG00000278053	ENST00000616646	nonsense_mediated_decay	0	0	0	2	1	0	0	0	0	0	0	0	0	0	0	0	0	1	0	0	0	0	0	0	0	0	0
DDX52	ENSG00000278053	ENST00000617633	protein_coding	0	0	0	1	1	0	0	0	0	0	0	0	0	0	0	0	0	0	0	0	0	0	0	0	0	0	0
DDX52	ENSG00000278053	ENST00000620209	nonsense_mediated_decay	0	0	0	1	0	0	0	0	0	0	0	0	1	0	0	0	0	0	0	0	0	0	0	0	0	0	0
DEFB109F	ENSG00000244050	ENST00000491870	transcribed_unprocessed_pseudogene	0	0	0	1	0	0	0	0	0	0	0	0	0	0	0	0	0	0	0	0	0	0	0	0	0	0	1
DEFB109F	ENSG00000244050	ENST00000542600	processed_transcript	0	0	0	2	0	0	0	0	0	0	0	0	0	0	0	1	0	0	0	0	0	0	0	0	0	0	1
DGAT2L7P	ENSG00000205267	ENST00000602462	unprocessed_pseudogene	0	0	0	1	0	0	0	0	0	0	0	0	1	0	0	0	0	0	0	0	0	0	0	0	0	0	0
DGKG	ENSG00000058866	ENST00000265022	protein_coding	0	0	1	1	0	0	0	0	0	0	0	0	0	0	0	1	1	0	0	0	0	0	0	0	0	0	0
DGKG	ENSG00000058866	ENST00000344484	protein_coding	0	0	1	1	0	0	0	0	0	0	0	0	0	0	0	1	1	0	0	0	0	0	0	0	0	0	0
DGKG	ENSG00000058866	ENST00000382164	protein_coding	0	0	1	1	0	0	0	0	0	0	0	0	0	0	0	1	1	0	0	0	0	0	0	0	0	0	0
DGKG	ENSG00000058866	ENST00000447054	processed_transcript	0	0	0	2	0	0	0	0	0	0	0	0	0	0	0	1	0	0	0	0	0	0	0	0	0	0	1
DGKG	ENSG00000058866	ENST00000480809	retained_intron	0	0	0	2	0	0	0	0	0	0	0	0	0	0	0	1	0	1	0	0	0	0	0	0	0	0	0
DGKG	ENSG00000058866	ENST00000490452	retained_intron	0	0	0	2	0	0	0	0	0	0	0	0	0	0	0	1	0	1	0	0	0	0	0	0	0	0	0
DGKI	ENSG00000157680	ENST00000288490	protein_coding	0	0	0	3	0	0	0	0	0	0	0	0	0	0	0	3	0	0	0	0	0	0	0	0	0	0	0
DGKI	ENSG00000157680	ENST00000424189	protein_coding	0	0	0	3	0	0	0	0	0	0	0	0	0	0	0	3	0	0	0	0	0	0	0	0	0	0	0
DGKI	ENSG00000157680	ENST00000446122	protein_coding	0	0	0	3	0	0	0	0	0	0	0	0	0	0	0	3	0	0	0	0	0	0	0	0	0	0	0
DGKI	ENSG00000157680	ENST00000453654	protein_coding	0	0	0	3	0	0	0	0	0	0	0	0	0	0	0	3	0	0	0	0	0	0	0	0	0	0	0
DGKI	ENSG00000157680	ENST00000460662	processed_transcript	0	0	0	3	0	0	0	0	0	0	0	0	0	0	0	3	0	0	0	0	0	0	0	0	0	0	0
DGKI	ENSG00000157680	ENST00000614521	protein_coding	0	0	0	3	0	0	0	0	0	0	0	0	0	0	0	3	0	0	0	0	0	0	0	0	0	0	0
DHX32	ENSG00000089876	ENST00000284690	protein_coding	0	0	1	0	0	0	0	0	0	0	0	0	0	0	0	0	1	0	0	0	0	0	0	0	0	0	0
DHX32	ENSG00000089876	ENST00000368721	protein_coding	0	0	0	1	0	0	0	0	0	0	0	0	0	0	0	0	0	0	0	0	0	0	0	0	0	0	1
DLEC1	ENSG00000008226	ENST00000308059	protein_coding	0	0	0	1	0	0	0	0	0	0	0	0	0	0	0	1	0	0	0	0	0	0	0	0	0	0	0
DLEC1	ENSG00000008226	ENST00000346219	protein_coding	0	0	0	1	0	0	0	0	0	0	0	0	0	0	0	1	0	0	0	0	0	0	0	0	0	0	0
DLEC1	ENSG00000008226	ENST00000477260	retained_intron	0	0	0	1	0	0	0	0	0	0	0	0	1	0	0	0	0	0	0	0	0	0	0	0	0	0	0
DLG5	ENSG00000151208	ENST00000372391	protein_coding	0	0	0	1	0	0	0	0	0	0	0	0	0	0	0	1	0	0	0	0	0	0	0	0	0	0	0
DLG5	ENSG00000151208	ENST00000424842	protein_coding	0	0	0	1	0	0	0	0	0	0	0	0	0	0	0	0	0	0	0	0	0	0	0	0	0	0	1
DLG5	ENSG00000151208	ENST00000468332	nonsense_mediated_decay	0	0	0	1	0	0	0	0	0	0	0	0	0	0	0	1	0	0	0	0	0	0	0	0	0	0	0
DLG5	ENSG00000151208	ENST00000475613	retained_intron	0	0	0	1	0	0	0	0	0	0	0	0	0	0	0	1	0	0	0	0	0	0	0	0	0	0	0
DNAH10	ENSG00000197653	ENST00000409039	protein_coding	0	0	0	2	0	0	0	0	0	0	0	0	0	0	0	2	0	0	0	0	0	0	0	0	0	0	0
DNAH10	ENSG00000197653	ENST00000497783	nonsense_mediated_decay	0	0	0	2	0	0	0	0	0	0	0	0	0	0	0	2	0	0	0	0	0	0	0	0	0	0	0
DNAH10	ENSG00000197653	ENST00000638045	protein_coding	0	0	0	2	0	0	0	0	0	0	0	0	0	0	0	2	0	0	0	0	0	0	0	0	0	0	0
DNAH10	ENSG00000197653	ENST00000673944	protein_coding	0	0	0	2	0	0	0	0	0	0	0	0	0	0	0	2	0	0	0	0	0	0	0	0	0	0	0
DNAH17	ENSG00000187775	ENST00000389840	protein_coding	0	0	1	0	0	0	0	0	0	0	0	0	0	0	0	0	1	0	0	0	0	0	0	0	0	0	0
DNAH17	ENSG00000187775	ENST00000586052	processed_transcript	0	0	0	1	0	0	0	0	0	0	0	0	0	0	0	0	0	1	0	0	0	0	0	0	0	0	0
DNAH17-AS1	ENSG00000267432	ENST00000588565		0	0	0	1	0	0	0	0	0	0	0	0	0	0	0	0	0	1	0	0	0	0	0	0	0	0	0
DNAH17-AS1	ENSG00000267432	ENST00000591373		0	0	0	1	0	0	0	0	0	0	0	0	0	0	0	0	0	0	0	0	0	0	0	0	0	0	1
DNAH17-AS1	ENSG00000267432	ENST00000663269		0	0	0	1	0	0	0	0	0	0	0	0	0	0	0	0	0	0	0	0	0	0	0	0	0	0	1
DNAH2	ENSG00000183914	ENST00000389173	protein_coding	0	0	0	1	0	0	0	0	0	0	0	0	0	0	0	1	0	0	0	0	0	0	0	0	0	0	0
DNAH2	ENSG00000183914	ENST00000572933	protein_coding	0	0	0	1	0	0	0	0	0	0	0	0	0	0	0	1	0	0	0	0	0	0	0	0	0	0	0
DNAH2	ENSG00000183914	ENST00000575105	protein_coding	0	0	0	1	0	0	0	0	0	0	0	0	0	0	0	1	0	0	0	0	0	0	0	0	0	0	0
DNAH9	ENSG00000007174	ENST00000262442	protein_coding	0	0	2	0	0	0	0	0	0	0	0	0	0	0	0	0	2	0	0	0	0	0	0	0	0	0	0
DNAH9	ENSG00000007174	ENST00000454412	protein_coding	0	0	2	0	0	0	0	0	0	0	0	0	0	0	0	0	2	0	0	0	0	0	0	0	0	0	0
DNAH9	ENSG00000007174	ENST00000584663	processed_transcript	0	0	0	1	0	0	0	0	0	0	0	0	0	0	0	0	0	0	0	0	0	0	0	0	0	0	1
DNAJC13	ENSG00000138246	ENST00000260818	protein_coding	0	0	0	1	0	0	0	0	0	0	0	0	0	0	0	1	0	0	0	0	0	0	0	0	0	0	0
DNAJC13	ENSG00000138246	ENST00000464766	processed_transcript	0	0	0	1	0	0	0	0	0	0	0	0	1	0	0	0	0	0	0	0	0	0	0	0	0	0	0
DNAJC13	ENSG00000138246	ENST00000506813	nonsense_mediated_decay	0	0	0	1	0	0	0	0	0	0	0	0	0	0	0	1	0	0	0	0	0	0	0	0	0	0	0
DNAJC13	ENSG00000138246	ENST00000650455	nonsense_mediated_decay	0	0	0	1	0	0	0	0	0	0	0	0	0	0	0	1	0	0	0	0	0	0	0	0	0	0	0
DNASE1L3	ENSG00000163687	ENST00000394549	protein_coding	0	0	1	1	0	0	0	0	0	0	0	0	0	0	0	1	1	0	0	0	0	0	0	0	0	0	0
DNASE1L3	ENSG00000163687	ENST00000460422	protein_coding	0	0	1	1	0	0	0	0	0	0	0	0	1	0	0	0	1	0	0	0	0	0	0	0	0	0	0
DNASE1L3	ENSG00000163687	ENST00000461914	protein_coding	0	0	1	1	0	0	0	0	0	0	0	0	0	0	0	1	1	0	0	0	0	0	0	0	0	0	0
DNASE1L3	ENSG00000163687	ENST00000463694	retained_intron	0	0	0	2	0	0	0	0	0	0	0	0	1	0	0	0	0	1	0	0	0	0	0	0	0	0	0
DNASE1L3	ENSG00000163687	ENST00000477209	protein_coding	0	0	0	1	0	0	0	0	0	0	0	0	0	0	0	0	0	0	0	0	0	0	0	0	0	0	1
DNASE1L3	ENSG00000163687	ENST00000483681	protein_coding	0	0	1	1	0	0	0	0	0	0	0	0	0	0	0	1	1	0	0	0	0	0	0	0	0	0	0
DNASE1L3	ENSG00000163687	ENST00000486455	protein_coding	0	0	1	1	0	0	0	0	0	0	0	0	0	0	0	1	1	0	0	0	0	0	0	0	0	0	0
DOCK9	ENSG00000088387	ENST00000339416	nonsense_mediated_decay	0	0	0	1	0	0	0	0	0	0	0	0	0	0	0	1	0	0	0	0	0	0	0	0	0	0	0
DOCK9	ENSG00000088387	ENST00000340449	protein_coding	0	0	0	1	0	0	0	0	0	0	0	0	0	0	0	1	0	0	0	0	0	0	0	0	0	0	0
DOCK9	ENSG00000088387	ENST00000376460	protein_coding	0	0	0	1	0	0	0	0	0	0	0	0	0	0	0	1	0	0	0	0	0	0	0	0	0	0	0
DOCK9	ENSG00000088387	ENST00000400228	protein_coding	0	0	0	1	0	0	0	0	0	0	0	0	0	0	0	1	0	0	0	0	0	0	0	0	0	0	0
DOCK9	ENSG00000088387	ENST00000419908	protein_coding	0	0	0	1	0	0	0	0	0	0	0	0	0	0	0	0	0	0	0	0	0	0	0	0	0	0	1
DOCK9	ENSG00000088387	ENST00000442173	protein_coding	0	0	0	1	0	0	0	0	0	0	0	0	0	0	0	1	0	0	0	0	0	0	0	0	0	0	0
DOCK9	ENSG00000088387	ENST00000448493	protein_coding	0	0	0	1	0	0	0	0	0	0	0	0	0	0	0	1	0	0	0	0	0	0	0	0	0	0	0
DOCK9	ENSG00000088387	ENST00000449796	protein_coding	0	0	0	1	0	0	0	0	0	0	0	0	1	0	0	0	0	0	0	0	0	0	0	0	0	0	0
DOCK9	ENSG00000088387	ENST00000450257	protein_coding	0	0	0	1	0	0	0	0	0	0	0	0	1	0	0	0	0	0	0	0	0	0	0	0	0	0	0
DOCK9	ENSG00000088387	ENST00000451563	protein_coding	0	0	0	1	0	0	0	0	0	0	0	0	0	0	0	0	0	0	0	0	0	0	0	0	0	0	1
DOCK9	ENSG00000088387	ENST00000481051	processed_transcript	0	0	0	1	0	0	0	0	0	0	0	0	0	0	0	0	0	0	0	0	0	0	0	0	0	0	1
DOCK9	ENSG00000088387	ENST00000630992	nonsense_mediated_decay	0	0	0	1	0	0	0	0	0	0	0	0	0	0	0	1	0	0	0	0	0	0	0	0	0	0	0
DOCK9	ENSG00000088387	ENST00000652315	protein_coding	0	0	0	1	0	0	0	0	0	0	0	0	0	0	0	1	0	0	0	0	0	0	0	0	0	0	0
DOCK9-AS1	ENSG00000229918	ENST00000439367		0	0	0	1	0	0	0	0	0	0	0	0	0	0	0	0	0	0	0	0	0	0	0	0	0	0	1
DPP6	ENSG00000130226	ENST00000332007	protein_coding	0	0	0	1	0	0	0	0	0	0	0	0	0	0	0	1	0	0	0	0	0	0	0	0	0	0	0
DPP6	ENSG00000130226	ENST00000377770	protein_coding	0	0	0	1	0	0	0	0	0	0	0	0	0	0	0	1	0	0	0	0	0	0	0	0	0	0	0
DPP6	ENSG00000130226	ENST00000404039	protein_coding	0	0	0	1	0	0	0	0	0	0	0	0	0	0	0	1	0	0	0	0	0	0	0	0	0	0	0
DPP6	ENSG00000130226	ENST00000406326	protein_coding	0	0	1	0	0	0	0	0	0	0	0	0	0	0	0	0	1	0	0	0	0	0	0	0	0	0	0
DPP6	ENSG00000130226	ENST00000427557	protein_coding	0	0	0	1	0	0	0	0	0	0	0	0	0	0	0	1	0	0	0	0	0	0	0	0	0	0	0
DPP6	ENSG00000130226	ENST00000496611	processed_transcript	0	0	0	1	0	0	0	0	0	0	0	0	1	0	0	0	0	0	0	0	0	0	0	0	0	0	0
DPP6	ENSG00000130226	ENST00000619756	protein_coding	0	0	1	0	0	0	0	0	0	0	0	0	0	0	0	0	1	0	0	0	0	0	0	0	0	0	0
DPPA2	ENSG00000163530	ENST00000478945	protein_coding	0	0	1	0	0	0	0	0	0	0	0	0	0	0	0	0	1	0	0	0	0	0	0	0	0	0	0
DTX3L	ENSG00000163840	ENST00000296161	protein_coding	0	0	0	1	1	0	0	0	0	0	0	0	0	0	0	0	0	0	0	0	0	0	0	0	0	0	0
DTX3L	ENSG00000163840	ENST00000383661	protein_coding	0	0	0	1	0	0	0	0	0	0	0	0	1	0	0	0	0	0	0	0	0	0	0	0	0	0	0
DUSP12P1	ENSG00000277000	ENST00000612874	unprocessed_pseudogene	0	0	0	1	0	0	0	0	0	0	0	0	0	0	0	0	0	1	0	0	0	0	0	0	0	0	0
DUSP14	ENSG00000276023	ENST00000613659	protein_coding	0	0	0	1	0	0	0	0	0	0	0	0	1	0	0	0	0	0	0	0	0	0	0	0	0	0	0
DUSP14	ENSG00000276023	ENST00000614411	protein_coding	0	0	0	1	0	0	0	0	0	0	0	0	1	0	0	0	0	0	0	0	0	0	0	0	0	0	0
DUSP14	ENSG00000276023	ENST00000617516	protein_coding	0	0	0	1	0	0	0	0	0	0	0	0	1	0	0	0	0	0	0	0	0	0	0	0	0	0	0
DUSP16	ENSG00000111266	ENST00000228862	protein_coding	0	1	0	1	0	1	0	1	0	0	0	0	0	0	0	0	0	0	0	0	0	0	0	0	0	0	0
DUSP16	ENSG00000111266	ENST00000298573	protein_coding	0	1	0	1	0	1	0	1	0	0	0	0	0	0	0	0	0	0	0	0	0	0	0	0	0	0	0
DUSP16	ENSG00000111266	ENST00000536236	processed_transcript	0	0	0	1	0	0	0	0	0	0	0	0	0	0	0	0	0	0	0	0	0	0	0	0	0	0	1
DUSP16	ENSG00000111266	ENST00000539940	protein_coding	0	0	0	1	0	0	0	0	0	0	0	0	0	0	0	0	0	0	0	0	0	0	0	0	0	0	1
DUSP16	ENSG00000111266	ENST00000541207	protein_coding	0	0	0	1	0	0	0	0	0	0	0	0	0	0	0	0	0	0	0	0	0	0	0	0	0	0	1
DUX4L20	ENSG00000276164	ENST00000619712	unprocessed_pseudogene	0	0	0	1	0	0	0	0	0	0	0	0	1	0	0	0	0	0	0	0	0	0	0	0	0	0	0
DUX4L26	ENSG00000236138	ENST00000489078	processed_pseudogene	0	0	0	1	0	0	0	0	0	0	0	0	0	0	0	0	0	0	0	0	0	0	0	0	0	0	1
DYRK2	ENSG00000127334	ENST00000319833	protein_coding	0	0	0	1	0	0	0	1	0	0	0	0	0	0	0	0	0	0	0	0	0	0	0	0	0	0	0
DYRK2	ENSG00000127334	ENST00000344096	protein_coding	0	0	0	1	0	0	0	0	0	0	0	0	0	0	0	1	0	0	0	0	0	0	0	0	0	0	0
DYRK2	ENSG00000127334	ENST00000393555	protein_coding	0	0	0	1	0	0	0	0	0	0	0	0	0	0	0	1	0	0	0	0	0	0	0	0	0	0	0
DYRK2	ENSG00000127334	ENST00000537632	processed_transcript	0	0	0	1	0	0	0	0	0	0	0	0	0	0	0	1	0	0	0	0	0	0	0	0	0	0	0
DYRK2	ENSG00000127334	ENST00000542503	protein_coding	0	0	0	1	0	0	0	0	0	0	0	0	0	0	0	0	0	0	0	0	0	0	0	0	0	0	1
DYRK2	ENSG00000127334	ENST00000543747	protein_coding	0	0	0	1	0	0	0	0	0	0	0	0	0	0	0	1	0	0	0	0	0	0	0	0	0	0	0
E2F3P1	ENSG00000267046	ENST00000589887	processed_pseudogene	0	0	0	1	0	0	0	0	0	0	0	0	0	0	0	0	0	1	0	0	0	0	0	0	0	0	0
EDRF1	ENSG00000107938	ENST00000337623	protein_coding	0	1	0	2	0	0	0	0	0	0	0	0	0	0	0	2	0	0	0	0	0	0	0	0	0	1	0
EDRF1	ENSG00000107938	ENST00000356792	protein_coding	0	1	0	2	0	0	0	0	0	0	0	0	0	0	0	2	0	0	0	0	0	0	0	0	0	1	0
EDRF1	ENSG00000107938	ENST00000368812	retained_intron	0	0	0	2	0	0	0	0	0	0	0	0	0	0	0	2	0	0	0	0	0	0	0	0	0	0	0
EDRF1	ENSG00000107938	ENST00000368813	protein_coding	0	1	0	0	0	0	0	0	0	0	0	0	0	0	0	0	0	0	0	0	0	0	0	0	0	1	0
EDRF1	ENSG00000107938	ENST00000368815	nonsense_mediated_decay	0	0	0	4	1	0	0	0	0	0	0	0	0	0	0	2	0	1	0	0	0	0	0	0	0	0	0
EDRF1	ENSG00000107938	ENST00000419769	nonsense_mediated_decay	0	0	0	3	0	0	0	0	0	0	0	0	0	0	0	2	0	1	0	0	0	0	0	0	0	0	0
EDRF1	ENSG00000107938	ENST00000481600	nonsense_mediated_decay	0	0	0	4	1	0	0	0	0	0	0	0	0	0	0	2	0	1	0	0	0	0	0	0	0	0	0
EDRF1	ENSG00000107938	ENST00000525091	retained_intron	0	0	0	1	0	0	0	0	0	0	0	0	0	0	0	0	0	1	0	0	0	0	0	0	0	0	0
EDRF1	ENSG00000107938	ENST00000525358	nonsense_mediated_decay	0	0	0	2	0	0	0	0	0	0	0	0	0	0	0	2	0	0	0	0	0	0	0	0	0	0	0
EDRF1	ENSG00000107938	ENST00000527655	retained_intron	0	0	0	2	0	0	0	0	0	0	0	0	0	0	0	2	0	0	0	0	0	0	0	0	0	0	0
EDRF1	ENSG00000107938	ENST00000530795	nonsense_mediated_decay	0	0	0	1	0	0	0	0	0	0	0	0	1	0	0	0	0	0	0	0	0	0	0	0	0	0	0
EDRF1-AS1	ENSG00000236991	ENST00000449436		0	0	0	1	0	0	0	0	0	0	0	0	1	0	0	0	0	0	0	0	0	0	0	0	0	0	0
EDRF1-AS1	ENSG00000236991	ENST00000593871		0	0	0	3	0	0	0	0	0	0	0	0	1	0	0	0	0	0	0	0	0	0	0	0	0	0	2
EDRF1-AS1	ENSG00000236991	ENST00000594025		0	0	0	3	0	0	0	0	0	0	0	0	1	0	0	0	0	0	0	0	0	0	0	0	0	0	2
EDRF1-AS1	ENSG00000236991	ENST00000600784		0	0	0	1	0	0	0	0	0	0	0	0	1	0	0	0	0	0	0	0	0	0	0	0	0	0	0
EDRF1-AS1	ENSG00000236991	ENST00000601363		0	0	0	2	0	0	0	0	0	0	0	0	0	0	0	0	0	0	0	0	0	0	0	0	0	0	2
EDRF1-AS1	ENSG00000236991	ENST00000602030		0	0	0	3	0	0	0	0	0	0	0	0	1	0	0	0	0	0	0	0	0	0	0	0	0	0	2
EDRF1-AS1	ENSG00000236991	ENST00000610534		0	0	0	3	0	0	0	0	0	0	0	0	1	0	0	0	0	0	0	0	0	0	0	0	0	0	2
EDRF1-AS1	ENSG00000236991	ENST00000612306		0	0	0	3	0	0	0	0	0	0	0	0	1	0	0	0	0	0	0	0	0	0	0	0	0	0	2
EDRF1-AS1	ENSG00000236991	ENST00000612420		0	0	0	3	0	0	0	0	0	0	0	0	1	0	0	0	0	0	0	0	0	0	0	0	0	0	2
EDRF1-AS1	ENSG00000236991	ENST00000613304		0	0	0	3	0	0	0	0	0	0	0	0	1	0	0	0	0	0	0	0	0	0	0	0	0	0	2
EDRF1-AS1	ENSG00000236991	ENST00000615461		0	0	0	3	0	0	0	0	0	0	0	0	1	0	0	0	0	0	0	0	0	0	0	0	0	0	2
EDRF1-AS1	ENSG00000236991	ENST00000615795		0	0	0	3	0	0	0	0	0	0	0	0	1	0	0	0	0	0	0	0	0	0	0	0	0	0	2
EDRF1-AS1	ENSG00000236991	ENST00000621717		0	0	0	3	0	0	0	0	0	0	0	0	1	0	0	0	0	0	0	0	0	0	0	0	0	0	2
EDRF1-AS1	ENSG00000236991	ENST00000622798		0	0	0	3	0	0	0	0	0	0	0	0	1	0	0	0	0	0	0	0	0	0	0	0	0	0	2
EDRF1-AS1	ENSG00000236991	ENST00000627990		0	0	0	1	0	0	0	0	0	0	0	0	0	0	0	1	0	0	0	0	0	0	0	0	0	0	0
EDRF1-AS1	ENSG00000236991	ENST00000630227		0	0	0	1	0	0	0	0	0	0	0	0	0	0	0	1	0	0	0	0	0	0	0	0	0	0	0
EEA1	ENSG00000102189	ENST00000322349	protein_coding	0	0	1	0	0	0	0	0	0	1	0	0	0	0	0	0	0	0	0	0	0	0	0	0	0	0	0
EEF1B2P4	ENSG00000257119	ENST00000551398	processed_pseudogene	0	0	0	2	0	0	0	0	0	0	0	0	0	0	0	0	0	2	0	0	0	0	0	0	0	0	0
EIF2B5	ENSG00000145191	ENST00000432569	protein_coding	0	0	0	2	1	0	0	0	0	0	0	0	0	0	0	1	0	0	0	0	0	0	0	0	0	0	0
EIF2B5	ENSG00000145191	ENST00000432982	nonsense_mediated_decay	0	0	0	2	0	0	0	0	0	0	0	0	0	0	0	2	0	0	0	0	0	0	0	0	0	0	0
EIF2B5	ENSG00000145191	ENST00000465218	retained_intron	0	0	0	4	0	0	0	0	0	0	0	0	2	0	0	2	0	0	0	0	0	0	0	0	0	0	0
EIF2B5	ENSG00000145191	ENST00000468748	retained_intron	0	0	0	4	0	0	0	0	0	0	0	0	2	0	0	2	0	0	0	0	0	0	0	0	0	0	0
EIF2B5	ENSG00000145191	ENST00000471832	nonsense_mediated_decay	0	0	0	3	1	0	0	0	0	0	0	0	0	0	0	0	0	2	0	0	0	0	0	0	0	0	0
EIF2B5	ENSG00000145191	ENST00000481054	retained_intron	0	0	0	4	0	0	0	0	0	0	0	0	2	0	0	2	0	0	0	0	0	0	0	0	0	0	0
EIF2B5	ENSG00000145191	ENST00000484154	retained_intron	0	0	0	4	0	0	0	0	0	0	0	0	2	0	0	0	0	1	0	0	0	0	0	0	0	0	1
EIF2B5	ENSG00000145191	ENST00000491008	retained_intron	0	0	0	4	0	0	0	0	0	0	0	0	2	0	0	1	0	1	0	0	0	0	0	0	0	0	0
EIF2B5	ENSG00000145191	ENST00000491144	retained_intron	0	0	0	4	0	0	0	0	0	0	0	0	2	0	0	2	0	0	0	0	0	0	0	0	0	0	0
EIF2B5	ENSG00000145191	ENST00000492226	retained_intron	0	0	0	4	0	0	0	0	0	0	0	0	2	0	0	2	0	0	0	0	0	0	0	0	0	0	0
EIF2B5	ENSG00000145191	ENST00000492773	nonsense_mediated_decay	0	0	0	4	0	0	0	0	0	0	0	0	2	0	0	1	0	0	0	0	0	0	0	0	0	0	1
EIF2B5	ENSG00000145191	ENST00000493740	retained_intron	0	0	0	2	0	0	0	0	0	0	0	0	0	0	0	0	0	0	0	0	0	0	0	0	0	0	2
EIF2B5	ENSG00000145191	ENST00000498831	processed_transcript	0	0	0	2	0	0	0	0	0	0	0	0	0	0	0	1	0	0	0	0	0	0	0	0	0	0	1
EIF2B5	ENSG00000145191	ENST00000647636	nonsense_mediated_decay	0	0	0	4	0	0	0	0	0	0	0	0	2	0	0	2	0	0	0	0	0	0	0	0	0	0	0
EIF2B5	ENSG00000145191	ENST00000647909	protein_coding	0	0	0	2	0	0	0	0	0	0	0	0	0	0	0	2	0	0	0	0	0	0	0	0	0	0	0
EIF2B5	ENSG00000145191	ENST00000648145	nonsense_mediated_decay	0	0	0	4	0	0	0	0	0	0	0	0	2	0	0	1	0	0	0	0	0	0	0	0	0	0	1
EIF2B5	ENSG00000145191	ENST00000648189	nonsense_mediated_decay	0	0	0	4	0	0	0	0	0	0	0	0	2	0	0	1	0	0	0	0	0	0	0	0	0	0	1
EIF2B5	ENSG00000145191	ENST00000648256	nonsense_mediated_decay	0	0	0	4	0	0	0	0	0	0	0	0	2	0	0	2	0	0	0	0	0	0	0	0	0	0	0
EIF2B5	ENSG00000145191	ENST00000648314	nonsense_mediated_decay	0	0	0	4	0	0	0	0	0	0	0	0	2	0	0	2	0	0	0	0	0	0	0	0	0	0	0
EIF2B5	ENSG00000145191	ENST00000648599	nonsense_mediated_decay	0	0	0	4	0	0	0	0	0	0	0	0	2	0	0	2	0	0	0	0	0	0	0	0	0	0	0
EIF2B5	ENSG00000145191	ENST00000648630	nonsense_mediated_decay	0	0	0	4	0	0	0	0	0	0	0	0	2	0	0	2	0	0	0	0	0	0	0	0	0	0	0
EIF2B5	ENSG00000145191	ENST00000648682	nonsense_mediated_decay	0	0	0	4	0	0	0	0	0	0	0	0	2	0	0	2	0	0	0	0	0	0	0	0	0	0	0
EIF2B5	ENSG00000145191	ENST00000648882	nonsense_mediated_decay	0	0	0	4	0	0	0	0	0	0	0	0	2	0	0	1	0	1	0	0	0	0	0	0	0	0	0
EIF2B5	ENSG00000145191	ENST00000648890	nonsense_mediated_decay	0	0	0	4	0	0	0	0	0	0	0	0	2	0	0	2	0	0	0	0	0	0	0	0	0	0	0
EIF2B5	ENSG00000145191	ENST00000648915	protein_coding	0	0	0	4	0	0	0	0	0	0	0	0	2	0	0	2	0	0	0	0	0	0	0	0	0	0	0
EIF2B5	ENSG00000145191	ENST00000649545	nonsense_mediated_decay	0	0	0	4	0	0	0	0	0	0	0	0	2	0	0	1	0	0	0	0	0	0	0	0	0	0	1
EIF2B5	ENSG00000145191	ENST00000649688	nonsense_mediated_decay	0	0	0	4	0	0	0	0	0	0	0	0	2	0	0	2	0	0	0	0	0	0	0	0	0	0	0
EIF2B5	ENSG00000145191	ENST00000649814	retained_intron	0	0	0	4	0	0	0	0	0	0	0	0	2	0	0	2	0	0	0	0	0	0	0	0	0	0	0
EIF2B5	ENSG00000145191	ENST00000650244	nonsense_mediated_decay	0	0	0	3	1	0	0	0	0	0	0	0	0	0	0	1	0	1	0	0	0	0	0	0	0	0	0
EIF2B5	ENSG00000145191	ENST00000650270	nonsense_mediated_decay	0	0	0	4	0	0	0	0	0	0	0	0	2	0	0	2	0	0	0	0	0	0	0	0	0	0	0
EIF3LP2	ENSG00000233837	ENST00000457262	processed_pseudogene	0	0	0	2	0	0	0	0	0	0	0	0	2	0	0	0	0	0	0	0	0	0	0	0	0	0	0
EIF4E2P2	ENSG00000244157	ENST00000492033	processed_pseudogene	0	0	0	1	0	0	0	0	0	0	0	0	0	0	0	0	0	1	0	0	0	0	0	0	0	0	0
EIF4H	ENSG00000106682	ENST00000265753	protein_coding	0	0	0	1	0	0	0	0	0	0	0	0	0	0	0	1	0	0	0	0	0	0	0	0	0	0	0
EIF4H	ENSG00000106682	ENST00000353999	protein_coding	0	0	0	1	0	0	0	0	0	0	0	0	0	0	0	1	0	0	0	0	0	0	0	0	0	0	0
EIF4H	ENSG00000106682	ENST00000479338	retained_intron	0	0	0	1	0	0	0	0	0	0	0	0	0	0	0	1	0	0	0	0	0	0	0	0	0	0	0
EIF4H	ENSG00000106682	ENST00000489484	retained_intron	0	0	0	1	0	0	0	0	0	0	0	0	0	0	0	1	0	0	0	0	0	0	0	0	0	0	0
EIF4H	ENSG00000106682	ENST00000495187	processed_transcript	0	0	0	1	0	0	0	0	0	0	0	0	0	0	0	1	0	0	0	0	0	0	0	0	0	0	0
ELMO1	ENSG00000155849	ENST00000310758	protein_coding	0	0	0	1	0	0	0	0	0	0	0	0	0	0	0	1	0	0	0	0	0	0	0	0	0	0	0
ELMO1	ENSG00000155849	ENST00000445322	protein_coding	0	0	0	1	0	0	0	0	0	0	0	0	0	0	0	1	0	0	0	0	0	0	0	0	0	0	0
ELMO1	ENSG00000155849	ENST00000448602	protein_coding	0	0	0	1	0	0	0	0	0	0	0	0	0	0	0	1	0	0	0	0	0	0	0	0	0	0	0
ELMO1	ENSG00000155849	ENST00000453399	protein_coding	0	0	0	1	0	0	0	0	0	0	0	0	0	0	0	1	0	0	0	0	0	0	0	0	0	0	0
ELMO1	ENSG00000155849	ENST00000463390	retained_intron	0	0	0	1	0	0	0	0	0	0	0	0	0	0	0	1	0	0	0	0	0	0	0	0	0	0	0
EMG1	ENSG00000126749	ENST00000261406	nonsense_mediated_decay	0	0	0	1	0	0	0	0	0	0	0	0	0	0	0	0	0	0	0	0	0	0	0	0	0	0	1
EMG1	ENSG00000126749	ENST00000539196	protein_coding	0	0	0	1	0	0	0	0	0	0	0	0	0	0	0	0	0	0	0	0	0	0	0	0	0	0	1
EMG1	ENSG00000126749	ENST00000599672	protein_coding	0	0	0	1	0	0	0	0	0	0	0	0	0	0	0	0	0	0	0	0	0	0	0	0	0	0	1
EMG1	ENSG00000126749	ENST00000607161	nonsense_mediated_decay	0	0	0	1	0	0	0	0	0	0	0	0	0	0	0	0	0	0	0	0	0	0	0	0	0	0	1
EMG1	ENSG00000126749	ENST00000611981	retained_intron	0	0	0	1	0	0	0	0	0	0	0	0	0	0	0	0	0	0	0	0	0	0	0	0	0	0	1
EMG1	ENSG00000126749	ENST00000620255	retained_intron	0	0	0	1	0	0	0	0	0	0	0	0	0	0	0	0	0	0	0	0	0	0	0	0	0	0	1
EP400	ENSG00000183495	ENST00000330386	protein_coding	0	1	0	0	0	0	0	0	0	0	0	0	0	0	0	0	0	0	0	0	0	0	0	0	0	1	0
EP400	ENSG00000183495	ENST00000389561	protein_coding	0	1	0	0	0	0	0	0	0	0	0	0	0	0	0	0	0	0	0	0	0	0	0	0	0	1	0
EP400	ENSG00000183495	ENST00000611739	retained_intron	0	0	0	1	0	0	0	0	0	0	0	0	0	0	0	0	0	1	0	0	0	0	0	0	0	0	0
EP400	ENSG00000183495	ENST00000616136	retained_intron	0	0	0	1	0	0	0	0	0	0	0	0	0	0	0	0	0	0	0	0	0	0	0	0	0	0	1
EPHB1	ENSG00000154928	ENST00000398015	protein_coding	0	0	0	1	1	0	0	0	0	0	0	0	0	0	0	0	0	0	0	0	0	0	0	0	0	0	0
EPHB1	ENSG00000154928	ENST00000493838	protein_coding	0	0	0	1	0	0	0	0	0	0	0	0	1	0	0	0	0	0	0	0	0	0	0	0	0	0	0
EPHB1	ENSG00000154928	ENST00000647596	protein_coding	0	0	0	1	1	0	0	0	0	0	0	0	0	0	0	0	0	0	0	0	0	0	0	0	0	0	0
EPHB4	ENSG00000196411	ENST00000358173	protein_coding	0	0	0	1	0	0	0	0	0	0	0	0	0	0	0	1	0	0	0	0	0	0	0	0	0	0	0
EPHB4	ENSG00000196411	ENST00000360620	protein_coding	0	0	0	1	0	0	0	0	0	0	0	0	0	0	0	1	0	0	0	0	0	0	0	0	0	0	0
EPHB4	ENSG00000196411	ENST00000467515	retained_intron	0	0	0	1	0	0	0	0	0	0	0	0	0	0	0	1	0	0	0	0	0	0	0	0	0	0	0
EPHB4	ENSG00000196411	ENST00000477446	processed_transcript	0	0	0	1	0	0	0	0	0	0	0	0	1	0	0	0	0	0	0	0	0	0	0	0	0	0	0
EPHB4	ENSG00000196411	ENST00000478459	retained_intron	0	0	0	1	0	0	0	0	0	0	0	0	0	0	0	1	0	0	0	0	0	0	0	0	0	0	0
EPHB4	ENSG00000196411	ENST00000487222	retained_intron	0	0	0	1	0	0	0	0	0	0	0	0	0	0	0	1	0	0	0	0	0	0	0	0	0	0	0
EPHB4	ENSG00000196411	ENST00000489808	processed_transcript	0	0	0	1	0	0	0	0	0	0	0	0	1	0	0	0	0	0	0	0	0	0	0	0	0	0	0
EPHB4	ENSG00000196411	ENST00000616502	protein_coding	0	0	0	1	0	0	0	0	0	0	0	0	0	0	0	1	0	0	0	0	0	0	0	0	0	0	0
ERC2	ENSG00000187672	ENST00000288221	protein_coding	0	1	0	0	0	0	0	0	0	0	0	0	0	0	0	0	0	0	0	0	0	0	0	0	0	1	0
ERC2	ENSG00000187672	ENST00000460849	nonsense_mediated_decay	0	0	0	1	0	0	0	0	0	0	0	0	0	0	0	0	0	1	0	0	0	0	0	0	0	0	0
ERC2	ENSG00000187672	ENST00000492584	protein_coding	0	1	0	0	0	0	0	0	0	0	0	0	0	0	0	0	0	0	0	0	0	0	0	0	0	1	0
ERC2	ENSG00000187672	ENST00000612797	protein_coding	0	1	0	0	0	0	0	0	0	0	0	0	0	0	0	0	0	0	0	0	0	0	0	0	0	1	0
ERGIC2	ENSG00000087502	ENST00000360150	protein_coding	0	0	0	2	2	0	0	0	0	0	0	0	0	0	0	0	0	0	0	0	0	0	0	0	0	0	0
ERGIC2	ENSG00000087502	ENST00000548098	retained_intron	0	0	0	2	0	0	0	0	0	0	0	0	2	0	0	0	0	0	0	0	0	0	0	0	0	0	0
ERGIC2	ENSG00000087502	ENST00000548909	protein_coding	0	0	0	2	0	0	0	0	0	0	0	0	2	0	0	0	0	0	0	0	0	0	0	0	0	0	0
ERGIC2	ENSG00000087502	ENST00000549182	nonsense_mediated_decay	0	0	0	2	0	0	0	0	0	0	0	0	2	0	0	0	0	0	0	0	0	0	0	0	0	0	0
ERGIC2	ENSG00000087502	ENST00000551467	protein_coding	0	0	0	2	0	0	0	0	0	0	0	0	2	0	0	0	0	0	0	0	0	0	0	0	0	0	0
ERGIC2	ENSG00000087502	ENST00000611644	protein_coding	0	0	0	2	2	0	0	0	0	0	0	0	0	0	0	0	0	0	0	0	0	0	0	0	0	0	0
ERLIN1	ENSG00000107566	ENST00000370408	protein_coding	0	0	0	1	0	0	0	0	0	0	0	0	0	0	0	1	0	0	0	0	0	0	0	0	0	0	0
ERLIN1	ENSG00000107566	ENST00000407654	protein_coding	0	0	0	1	0	0	0	0	0	0	0	0	0	0	0	1	0	0	0	0	0	0	0	0	0	0	0
ERLIN1	ENSG00000107566	ENST00000421367	protein_coding	0	0	0	1	0	0	0	0	0	0	0	0	0	0	0	1	0	0	0	0	0	0	0	0	0	0	0
ERVW-1	ENSG00000242950	ENST00000493463	protein_coding	0	0	1	0	0	0	0	0	0	0	0	0	0	0	0	0	1	0	0	0	0	0	0	0	0	0	0
ERVW-1	ENSG00000242950	ENST00000603053	protein_coding	0	0	1	0	0	0	0	0	0	0	0	0	0	0	0	0	1	0	0	0	0	0	0	0	0	0	0
ERVW-1	ENSG00000242950	ENST00000603704	processed_transcript	0	0	0	1	0	0	0	0	0	0	0	0	0	0	0	0	0	1	0	0	0	0	0	0	0	0	0
ERVW-1	ENSG00000242950	ENST00000604270	processed_transcript	0	0	0	1	0	0	0	0	0	0	0	0	0	0	0	0	0	1	0	0	0	0	0	0	0	0	0
ESRRAP1	ENSG00000215572	ENST00000400596	processed_pseudogene	0	0	0	1	0	0	0	0	0	0	0	0	0	0	0	0	0	0	0	0	0	0	0	0	0	0	1
ESRRAP2	ENSG00000235438	ENST00000427890	processed_transcript	0	0	0	1	0	0	0	0	0	0	0	0	1	0	0	0	0	0	0	0	0	0	0	0	0	0	0
ESRRAP2	ENSG00000235438	ENST00000453309	processed_transcript	0	0	0	1	0	0	0	0	0	0	0	0	1	0	0	0	0	0	0	0	0	0	0	0	0	0	0
ESRRAP2	ENSG00000235438	ENST00000631002	processed_transcript	0	0	0	1	0	0	0	0	0	0	0	0	1	0	0	0	0	0	0	0	0	0	0	0	0	0	0
FAM157A	ENSG00000236438	ENST00000634862	processed_transcript	0	0	0	3	0	0	0	0	0	0	0	0	1	0	0	0	0	2	0	0	0	0	0	0	0	0	0
FAM171A2	ENSG00000161682	ENST00000293443	protein_coding	0	0	0	1	0	0	0	0	0	0	0	0	0	0	0	0	0	0	0	0	0	0	0	0	0	0	1
FAM171A2	ENSG00000161682	ENST00000588067	nonsense_mediated_decay	0	0	0	1	0	0	0	0	0	0	0	0	0	0	0	0	0	0	0	0	0	0	0	0	0	0	1
FAM171A2	ENSG00000161682	ENST00000589407	nonsense_mediated_decay	0	0	0	1	0	0	0	0	0	0	0	0	0	0	0	0	0	0	0	0	0	0	0	0	0	0	1
FAM171A2	ENSG00000161682	ENST00000592560	retained_intron	0	0	0	1	0	0	0	0	0	0	0	0	0	0	0	0	0	0	0	0	0	0	0	0	0	0	1
FAM207BP	ENSG00000228797	ENST00000447172	processed_pseudogene	0	0	0	1	0	0	0	0	0	0	0	0	0	0	0	0	0	1	0	0	0	0	0	0	0	0	0
FAM230C	ENSG00000279516	ENST00000623511		0	0	0	1	0	0	0	0	0	0	0	0	0	0	0	1	0	0	0	0	0	0	0	0	0	0	0
FAM230C	ENSG00000279516	ENST00000651051		0	0	0	1	0	0	0	0	0	0	0	0	0	0	0	1	0	0	0	0	0	0	0	0	0	0	0
FAM230C	ENSG00000279516	ENST00000651377		0	0	0	1	0	0	0	0	0	0	0	0	0	0	0	1	0	0	0	0	0	0	0	0	0	0	0
FAM53B	ENSG00000189319	ENST00000337318	protein_coding	0	0	0	1	1	0	0	0	0	0	0	0	0	0	0	0	0	0	0	0	0	0	0	0	0	0	0
FAM53B	ENSG00000189319	ENST00000392754	protein_coding	0	0	0	1	0	0	0	0	0	0	0	0	1	0	0	0	0	0	0	0	0	0	0	0	0	0	0
FAM66C	ENSG00000226711	ENST00000372173		0	0	0	1	0	0	0	0	0	0	0	0	0	0	0	1	0	0	0	0	0	0	0	0	0	0	0
FAM66C	ENSG00000226711	ENST00000454799		0	0	0	2	0	0	0	0	0	0	0	0	0	0	0	1	0	0	0	0	0	0	0	0	0	0	1
FAM66C	ENSG00000226711	ENST00000456135		0	0	0	1	0	0	0	0	0	0	0	0	0	0	0	0	0	0	0	0	0	0	0	0	0	0	1
FAM66C	ENSG00000226711	ENST00000541558		0	0	0	1	0	0	0	0	0	0	0	0	0	0	0	0	0	0	0	0	0	0	0	0	0	0	1
FAM66C	ENSG00000226711	ENST00000544214		0	0	0	1	0	0	0	0	0	0	0	0	0	0	0	0	0	0	0	0	0	0	0	0	0	0	1
FAM71F2	ENSG00000205085	ENST00000474069	protein_coding	0	0	1	0	0	0	0	0	0	0	0	0	0	0	0	0	1	0	0	0	0	0	0	0	0	0	0
FAM71F2	ENSG00000205085	ENST00000477515	protein_coding	0	0	0	1	0	0	0	0	0	0	0	0	0	0	0	1	0	0	0	0	0	0	0	0	0	0	0
FAM71F2	ENSG00000205085	ENST00000641443	processed_transcript	0	0	0	1	0	0	0	0	0	0	0	0	0	0	0	0	0	1	0	0	0	0	0	0	0	0	0
FAM71F2	ENSG00000205085	ENST00000641605	protein_coding	0	0	1	0	0	0	0	0	0	0	0	0	0	0	0	0	1	0	0	0	0	0	0	0	0	0	0
FAM71F2	ENSG00000205085	ENST00000641888	nonsense_mediated_decay	0	0	0	1	0	0	0	0	0	0	0	0	0	0	0	0	0	1	0	0	0	0	0	0	0	0	0
FAM71F2	ENSG00000205085	ENST00000641987	nonsense_mediated_decay	0	0	0	1	0	0	0	0	0	0	0	0	0	0	0	0	0	1	0	0	0	0	0	0	0	0	0
FAM86LP	ENSG00000242731	ENST00000478302	unprocessed_pseudogene	0	0	0	1	0	0	0	0	0	0	0	0	1	0	0	0	0	0	0	0	0	0	0	0	0	0	0
FAM90A1	ENSG00000171847	ENST00000307435	protein_coding	0	0	0	1	0	0	0	0	0	0	0	0	0	0	0	1	0	0	0	0	0	0	0	0	0	0	0
FAM90A1	ENSG00000171847	ENST00000442295	protein_coding	0	0	0	1	0	0	0	0	0	0	0	0	1	0	0	0	0	0	0	0	0	0	0	0	0	0	0
FAM90A1	ENSG00000171847	ENST00000538603	protein_coding	0	0	0	1	0	0	0	0	0	0	0	0	0	0	0	1	0	0	0	0	0	0	0	0	0	0	0
FAR2	ENSG00000064763	ENST00000182377	protein_coding	0	0	1	3	0	0	0	0	0	0	0	0	2	0	0	1	1	0	0	0	0	0	0	0	0	0	0
FAR2	ENSG00000064763	ENST00000536681	protein_coding	0	0	1	3	0	0	0	0	0	0	0	0	2	0	0	1	1	0	0	0	0	0	0	0	0	0	0
FAR2	ENSG00000064763	ENST00000547116	protein_coding	0	0	1	3	0	0	0	0	0	0	0	0	2	0	0	1	1	0	0	0	0	0	0	0	0	0	0
FAR2	ENSG00000064763	ENST00000547759	protein_coding	0	0	0	2	0	0	0	0	0	0	0	0	2	0	0	0	0	0	0	0	0	0	0	0	0	0	0
FAR2	ENSG00000064763	ENST00000551193	protein_coding	0	0	0	2	0	0	0	0	0	0	0	0	0	0	0	2	0	0	0	0	0	0	0	0	0	0	0
FAR2	ENSG00000064763	ENST00000552137	nonsense_mediated_decay	0	0	0	2	0	0	0	0	0	0	0	0	2	0	0	0	0	0	0	0	0	0	0	0	0	0	0
FEM1AP4	ENSG00000235876	ENST00000443167	processed_pseudogene	0	0	0	1	0	0	0	0	0	0	0	0	0	0	0	0	0	1	0	0	0	0	0	0	0	0	0
FGF6	ENSG00000111241	ENST00000228837	protein_coding	0	1	0	0	0	0	0	0	0	0	0	0	0	0	0	0	0	0	0	0	0	0	0	0	0	1	0
FGF6	ENSG00000111241	ENST00000543077	protein_coding	0	0	0	1	0	0	0	0	0	0	0	0	0	0	0	1	0	0	0	0	0	0	0	0	0	0	0
FGFR1OP2P1	ENSG00000230256	ENST00000395943	processed_pseudogene	0	0	0	1	0	0	0	0	0	0	0	0	0	0	0	0	0	0	0	0	0	0	0	0	0	0	1
FKBP4	ENSG00000004478	ENST00000001008	protein_coding	1	0	0	2	2	0	0	0	0	0	0	0	0	0	1	0	0	0	0	0	0	0	0	0	0	0	0
FKBP4	ENSG00000004478	ENST00000538622	protein_coding	0	0	0	1	0	0	0	0	0	0	0	0	1	0	0	0	0	0	0	0	0	0	0	0	0	0	0
FKBP4	ENSG00000004478	ENST00000539181	protein_coding	0	0	0	3	0	0	0	0	0	0	0	0	2	0	0	0	0	0	0	0	0	0	0	0	0	0	1
FKBP4	ENSG00000004478	ENST00000540260	processed_transcript	0	0	0	1	0	0	0	0	0	0	0	0	1	0	0	0	0	0	0	0	0	0	0	0	0	0	0
FKBP4	ENSG00000004478	ENST00000543037	retained_intron	0	0	0	3	0	0	0	0	0	0	0	0	2	0	0	0	0	1	0	0	0	0	0	0	0	0	0
FKBP4	ENSG00000004478	ENST00000543769	nonsense_mediated_decay	0	0	0	1	0	0	0	0	0	0	0	0	1	0	0	0	0	0	0	0	0	0	0	0	0	0	0
FKBP4	ENSG00000004478	ENST00000544366	protein_coding	0	0	0	3	0	0	0	0	0	0	0	0	0	0	0	2	0	0	0	0	0	0	0	0	0	0	1
FKBP4	ENSG00000004478	ENST00000630279	protein_coding	0	0	0	1	0	0	0	0	0	0	0	0	1	0	0	0	0	0	0	0	0	0	0	0	0	0	0
FMNL3	ENSG00000161791	ENST00000335154	protein_coding	0	1	0	0	0	0	0	0	0	0	0	0	0	0	0	0	0	0	0	0	0	0	0	0	0	1	0
FMNL3	ENSG00000161791	ENST00000352151	protein_coding	0	1	0	0	0	0	0	0	0	0	0	0	0	0	0	0	0	0	0	0	0	0	0	0	0	1	0
FMNL3	ENSG00000161791	ENST00000549137	retained_intron	0	0	0	1	0	0	0	0	0	0	0	0	0	0	0	0	0	1	0	0	0	0	0	0	0	0	0
FMNL3	ENSG00000161791	ENST00000550488	protein_coding	0	1	0	0	0	0	0	0	0	0	0	0	0	0	0	0	0	0	0	0	0	0	0	0	0	1	0
FNDC3A	ENSG00000102531	ENST00000398316	protein_coding	0	0	0	2	0	0	0	0	0	0	0	0	0	0	0	2	0	0	0	0	0	0	0	0	0	0	0
FNDC3A	ENSG00000102531	ENST00000484074	nonsense_mediated_decay	0	0	0	2	0	0	0	0	0	0	0	0	0	0	0	2	0	0	0	0	0	0	0	0	0	0	0
FNDC3A	ENSG00000102531	ENST00000492622	protein_coding	0	0	0	2	0	0	0	0	0	0	0	0	0	0	0	2	0	0	0	0	0	0	0	0	0	0	0
FNDC3A	ENSG00000102531	ENST00000541916	protein_coding	0	0	0	2	0	0	0	0	0	0	0	0	0	0	0	2	0	0	0	0	0	0	0	0	0	0	0
FNDC3B	ENSG00000075420	ENST00000336824	protein_coding	0	0	1	0	0	0	0	0	0	0	0	0	0	0	0	0	1	0	0	0	0	0	0	0	0	0	0
FNDC3B	ENSG00000075420	ENST00000415807	protein_coding	0	0	1	0	0	0	0	0	0	0	0	0	0	0	0	0	1	0	0	0	0	0	0	0	0	0	0
FNDC3B	ENSG00000075420	ENST00000416957	protein_coding	0	0	1	0	0	0	0	0	0	0	0	0	0	0	0	0	1	0	0	0	0	0	0	0	0	0	0
FNDC3B	ENSG00000075420	ENST00000490832	retained_intron	0	0	0	1	0	0	0	0	0	0	0	0	1	0	0	0	0	0	0	0	0	0	0	0	0	0	0
FNDC8	ENSG00000073598	ENST00000158009	protein_coding	0	0	0	1	0	0	0	0	0	0	0	0	1	0	0	0	0	0	0	0	0	0	0	0	0	0	0
FO681491.1	ENSG00000268486	ENST00000594133	processed_transcript	0	0	0	2	0	0	0	0	0	0	0	0	0	0	0	0	0	0	0	0	0	0	0	0	0	0	2
FO681491.1	ENSG00000268486	ENST00000623392	transcribed_unprocessed_pseudogene	0	0	0	2	0	0	0	0	0	0	0	0	0	0	0	0	0	0	0	0	0	0	0	0	0	0	2
FO681491.1	ENSG00000268486	ENST00000623586	processed_transcript	0	0	0	2	0	0	0	0	0	0	0	0	0	0	0	2	0	0	0	0	0	0	0	0	0	0	0
FOXI2	ENSG00000186766	ENST00000388920	protein_coding	0	0	0	1	0	0	0	0	0	0	0	0	0	0	0	0	0	0	0	0	0	0	0	0	0	0	1
FOXN1	ENSG00000109101	ENST00000226247	protein_coding	0	0	0	1	0	0	0	0	0	0	0	0	0	0	0	1	0	0	0	0	0	0	0	0	0	0	0
FOXN1	ENSG00000109101	ENST00000579795	protein_coding	0	0	0	1	0	0	0	0	0	0	0	0	0	0	0	1	0	0	0	0	0	0	0	0	0	0	0
FOXP1	ENSG00000114861	ENST00000318789	protein_coding	0	0	0	1	1	0	0	0	0	0	0	0	0	0	0	0	0	0	0	0	0	0	0	0	0	0	0
FOXP1	ENSG00000114861	ENST00000327590	nonsense_mediated_decay	0	0	0	1	0	0	0	0	0	0	0	0	1	0	0	0	0	0	0	0	0	0	0	0	0	0	0
FOXP1	ENSG00000114861	ENST00000460805	retained_intron	0	0	0	1	0	0	0	0	0	0	0	0	1	0	0	0	0	0	0	0	0	0	0	0	0	0	0
FOXP1	ENSG00000114861	ENST00000468577	protein_coding	0	0	0	1	0	0	0	0	0	0	0	0	1	0	0	0	0	0	0	0	0	0	0	0	0	0	0
FOXP1	ENSG00000114861	ENST00000475937	protein_coding	0	0	0	1	0	0	0	0	0	0	0	0	1	0	0	0	0	0	0	0	0	0	0	0	0	0	0
FOXP1	ENSG00000114861	ENST00000484350	protein_coding	0	0	0	1	0	0	0	0	0	0	0	0	1	0	0	0	0	0	0	0	0	0	0	0	0	0	0
FOXP1	ENSG00000114861	ENST00000491238	protein_coding	0	0	0	1	0	0	0	0	0	0	0	0	1	0	0	0	0	0	0	0	0	0	0	0	0	0	0
FOXP1	ENSG00000114861	ENST00000493089	protein_coding	0	0	0	1	0	0	0	0	0	0	0	0	1	0	0	0	0	0	0	0	0	0	0	0	0	0	0
FOXP1	ENSG00000114861	ENST00000497355	protein_coding	0	0	0	1	0	0	0	0	0	0	0	0	1	0	0	0	0	0	0	0	0	0	0	0	0	0	0
FOXP1	ENSG00000114861	ENST00000498215	protein_coding	0	0	0	1	0	0	0	0	0	0	0	0	1	0	0	0	0	0	0	0	0	0	0	0	0	0	0
FOXP1	ENSG00000114861	ENST00000614176	protein_coding	0	0	0	1	0	0	0	0	0	0	0	0	1	0	0	0	0	0	0	0	0	0	0	0	0	0	0
FOXP1	ENSG00000114861	ENST00000615603	protein_coding	0	0	0	1	1	0	0	0	0	0	0	0	0	0	0	0	0	0	0	0	0	0	0	0	0	0	0
FOXP1	ENSG00000114861	ENST00000647741	processed_transcript	0	0	0	1	0	0	0	0	0	0	0	0	1	0	0	0	0	0	0	0	0	0	0	0	0	0	0
FOXP1	ENSG00000114861	ENST00000648113	retained_intron	0	0	0	1	0	0	0	0	0	0	0	0	1	0	0	0	0	0	0	0	0	0	0	0	0	0	0
FOXP1	ENSG00000114861	ENST00000648321	nonsense_mediated_decay	0	0	0	1	0	0	0	0	0	0	0	0	1	0	0	0	0	0	0	0	0	0	0	0	0	0	0
FOXP1	ENSG00000114861	ENST00000648380	protein_coding	0	0	0	1	0	0	0	0	0	0	0	0	1	0	0	0	0	0	0	0	0	0	0	0	0	0	0
FOXP1	ENSG00000114861	ENST00000648384	nonsense_mediated_decay	0	0	0	1	0	0	0	0	0	0	0	0	1	0	0	0	0	0	0	0	0	0	0	0	0	0	0
FOXP1	ENSG00000114861	ENST00000648426	protein_coding	0	0	0	1	0	0	0	0	0	0	0	0	1	0	0	0	0	0	0	0	0	0	0	0	0	0	0
FOXP1	ENSG00000114861	ENST00000648710	protein_coding	0	0	0	1	0	0	0	0	0	0	0	0	1	0	0	0	0	0	0	0	0	0	0	0	0	0	0
FOXP1	ENSG00000114861	ENST00000648718	protein_coding	0	0	0	1	0	0	0	0	0	0	0	0	1	0	0	0	0	0	0	0	0	0	0	0	0	0	0
FOXP1	ENSG00000114861	ENST00000648748	protein_coding	0	0	0	1	0	0	0	0	0	0	0	0	1	0	0	0	0	0	0	0	0	0	0	0	0	0	0
FOXP1	ENSG00000114861	ENST00000648794	protein_coding	0	0	0	1	0	0	0	0	0	0	0	0	1	0	0	0	0	0	0	0	0	0	0	0	0	0	0
FOXP1	ENSG00000114861	ENST00000649431	protein_coding	0	0	0	1	0	0	0	0	0	0	0	0	1	0	0	0	0	0	0	0	0	0	0	0	0	0	0
FOXP1	ENSG00000114861	ENST00000649513	protein_coding	0	0	0	1	0	0	0	0	0	0	0	0	1	0	0	0	0	0	0	0	0	0	0	0	0	0	0
FOXP1	ENSG00000114861	ENST00000649528	protein_coding	0	0	0	1	1	0	0	0	0	0	0	0	0	0	0	0	0	0	0	0	0	0	0	0	0	0	0
FOXP1	ENSG00000114861	ENST00000649592	protein_coding	0	0	0	1	0	0	0	0	0	0	0	0	1	0	0	0	0	0	0	0	0	0	0	0	0	0	0
FOXP1	ENSG00000114861	ENST00000649596	protein_coding	0	0	0	1	0	0	0	0	0	0	0	0	1	0	0	0	0	0	0	0	0	0	0	0	0	0	0
FOXP1	ENSG00000114861	ENST00000649610	protein_coding	0	0	0	1	0	0	0	0	0	0	0	0	1	0	0	0	0	0	0	0	0	0	0	0	0	0	0
FOXP1	ENSG00000114861	ENST00000649631	protein_coding	0	0	0	1	0	0	0	0	0	0	0	0	1	0	0	0	0	0	0	0	0	0	0	0	0	0	0
FOXP1	ENSG00000114861	ENST00000649695	protein_coding	0	0	0	1	0	0	0	0	0	0	0	0	1	0	0	0	0	0	0	0	0	0	0	0	0	0	0
FOXP1	ENSG00000114861	ENST00000650188	protein_coding	0	0	0	1	0	0	0	0	0	0	0	0	1	0	0	0	0	0	0	0	0	0	0	0	0	0	0
FOXP1	ENSG00000114861	ENST00000650387	protein_coding	0	0	0	1	0	0	0	0	0	0	0	0	1	0	0	0	0	0	0	0	0	0	0	0	0	0	0
FOXP1	ENSG00000114861	ENST00000650402	nonsense_mediated_decay	0	0	0	1	0	0	0	0	0	0	0	0	1	0	0	0	0	0	0	0	0	0	0	0	0	0	0
FOXP1	ENSG00000114861	ENST00000650580	retained_intron	0	0	0	1	0	0	0	0	0	0	0	0	1	0	0	0	0	0	0	0	0	0	0	0	0	0	0
FP565171.1	ENSG00000283095	ENST00000634373		0	0	0	2	0	0	0	0	0	0	0	0	2	0	0	0	0	0	0	0	0	0	0	0	0	0	0
FRG2B	ENSG00000225899	ENST00000425520	protein_coding	0	0	0	1	0	0	0	0	0	0	0	0	0	0	0	1	0	0	0	0	0	0	0	0	0	0	0
FRG2B	ENSG00000225899	ENST00000443774	protein_coding	0	0	0	1	0	0	0	0	0	0	0	0	0	0	0	1	0	0	0	0	0	0	0	0	0	0	0
FRG2C	ENSG00000172969	ENST00000308062	protein_coding	0	0	0	1	1	0	0	0	0	0	0	0	0	0	0	0	0	0	0	0	0	0	0	0	0	0	0
FRG2C	ENSG00000172969	ENST00000464571	protein_coding	0	0	0	1	1	0	0	0	0	0	0	0	0	0	0	0	0	0	0	0	0	0	0	0	0	0	0
FRMD4A	ENSG00000151474	ENST00000264546	protein_coding	0	0	0	1	0	0	0	0	0	0	0	0	0	0	0	1	0	0	0	0	0	0	0	0	0	0	0
FRMD4A	ENSG00000151474	ENST00000342409	retained_intron	0	0	0	1	0	0	0	0	0	0	0	0	0	0	0	1	0	0	0	0	0	0	0	0	0	0	0
FRMD4A	ENSG00000151474	ENST00000357447	protein_coding	0	0	0	1	0	0	0	0	0	0	0	0	0	0	0	1	0	0	0	0	0	0	0	0	0	0	0
FRY	ENSG00000073910	ENST00000380250	protein_coding	0	0	0	1	0	0	0	0	0	0	0	0	0	0	0	1	0	0	0	0	0	0	0	0	0	0	0
FRY	ENSG00000073910	ENST00000477712	nonsense_mediated_decay	0	0	0	1	0	0	0	0	0	0	0	0	0	0	0	1	0	0	0	0	0	0	0	0	0	0	0
FRY	ENSG00000073910	ENST00000542859	protein_coding	0	0	0	1	0	0	0	0	0	0	0	0	0	0	0	1	0	0	0	0	0	0	0	0	0	0	0
FRY	ENSG00000073910	ENST00000642040	protein_coding	0	0	0	1	0	0	0	0	0	0	0	0	0	0	0	1	0	0	0	0	0	0	0	0	0	0	0
FRY	ENSG00000073910	ENST00000645780	protein_coding	0	0	0	1	0	0	0	0	0	0	0	0	0	0	0	1	0	0	0	0	0	0	0	0	0	0	0
FRY	ENSG00000073910	ENST00000647500	protein_coding	0	0	0	1	0	0	0	0	0	0	0	0	0	0	0	1	0	0	0	0	0	0	0	0	0	0	0
FTH1P7	ENSG00000232187	ENST00000450676	processed_pseudogene	0	0	0	1	0	0	0	0	0	0	0	0	0	0	0	0	0	1	0	0	0	0	0	0	0	0	0
FXR2	ENSG00000129245	ENST00000250113	protein_coding	0	0	0	1	0	0	0	0	0	0	0	0	1	0	0	0	0	0	0	0	0	0	0	0	0	0	0
FXR2	ENSG00000129245	ENST00000573057	processed_transcript	0	0	0	1	0	0	0	0	0	0	0	0	1	0	0	0	0	0	0	0	0	0	0	0	0	0	0
GABARAPL1	ENSG00000139112	ENST00000266458	protein_coding	0	0	0	1	0	0	0	0	0	0	0	0	0	0	0	1	0	0	0	0	0	0	0	0	0	0	0
GABARAPL1	ENSG00000139112	ENST00000421801	protein_coding	0	0	0	1	0	0	0	0	0	0	0	0	0	0	0	1	0	0	0	0	0	0	0	0	0	0	0
GABARAPL1	ENSG00000139112	ENST00000535576	protein_coding	0	0	0	1	0	0	0	1	0	0	0	0	0	0	0	0	0	0	0	0	0	0	0	0	0	0	0
GABARAPL1	ENSG00000139112	ENST00000537201	nonsense_mediated_decay	0	0	0	2	1	0	0	0	0	0	0	0	0	0	0	0	0	1	0	0	0	0	0	0	0	0	0
GABARAPL1	ENSG00000139112	ENST00000539170	protein_coding	0	0	0	1	0	0	0	0	0	0	0	0	0	0	0	1	0	0	0	0	0	0	0	0	0	0	0
GABARAPL1	ENSG00000139112	ENST00000539289	processed_transcript	0	0	0	1	0	0	0	0	0	0	0	0	0	0	0	1	0	0	0	0	0	0	0	0	0	0	0
GABARAPL1	ENSG00000139112	ENST00000539408	nonsense_mediated_decay	0	0	0	2	1	0	0	0	0	0	0	0	0	0	0	0	0	1	0	0	0	0	0	0	0	0	0
GABARAPL1	ENSG00000139112	ENST00000540424	nonsense_mediated_decay	0	0	0	2	1	0	0	0	0	0	0	0	0	0	0	0	0	1	0	0	0	0	0	0	0	0	0
GABARAPL1	ENSG00000139112	ENST00000541453	nonsense_mediated_decay	0	0	0	1	0	0	0	0	0	0	0	0	0	0	0	1	0	0	0	0	0	0	0	0	0	0	0
GABARAPL1	ENSG00000139112	ENST00000541960	nonsense_mediated_decay	0	0	0	2	1	0	0	0	0	0	0	0	0	0	0	0	0	1	0	0	0	0	0	0	0	0	0
GABARAPL1	ENSG00000139112	ENST00000542722	nonsense_mediated_decay	0	0	0	2	1	0	0	0	0	0	0	0	0	0	0	0	0	1	0	0	0	0	0	0	0	0	0
GABARAPL1	ENSG00000139112	ENST00000543602	protein_coding	0	0	0	1	0	0	0	0	0	0	0	0	0	0	0	1	0	0	0	0	0	0	0	0	0	0	0
GABARAPL1	ENSG00000139112	ENST00000544284	protein_coding	0	0	0	1	0	0	0	0	0	0	0	0	0	0	0	1	0	0	0	0	0	0	0	0	0	0	0
GABARAPL1	ENSG00000139112	ENST00000545047	protein_coding	0	0	0	1	0	0	0	0	0	0	0	0	0	0	0	1	0	0	0	0	0	0	0	0	0	0	0
GABARAPL1	ENSG00000139112	ENST00000545290	protein_coding	0	0	0	1	0	0	0	1	0	0	0	0	0	0	0	0	0	0	0	0	0	0	0	0	0	0	0
GABARAPL1	ENSG00000139112	ENST00000545859	protein_coding	0	0	0	1	0	0	0	0	0	0	0	0	0	0	0	1	0	0	0	0	0	0	0	0	0	0	0
GABARAPL1	ENSG00000139112	ENST00000545887	protein_coding	0	0	0	1	0	0	0	0	0	0	0	0	0	0	0	1	0	0	0	0	0	0	0	0	0	0	0
GABARAPL1	ENSG00000139112	ENST00000546017	protein_coding	0	0	0	1	0	0	0	1	0	0	0	0	0	0	0	0	0	0	0	0	0	0	0	0	0	0	0
GABARAPL1	ENSG00000139112	ENST00000629504	protein_coding	0	0	0	1	0	0	0	0	0	0	0	0	1	0	0	0	0	0	0	0	0	0	0	0	0	0	0
GALNT11	ENSG00000178234	ENST00000423337	protein_coding	0	0	0	1	0	0	0	0	0	0	0	0	0	0	0	1	0	0	0	0	0	0	0	0	0	0	0
GALNT11	ENSG00000178234	ENST00000430044	protein_coding	0	0	0	1	0	0	0	0	0	0	0	0	0	0	0	1	0	0	0	0	0	0	0	0	0	0	0
GALNT11	ENSG00000178234	ENST00000431668	protein_coding	0	0	0	1	0	0	0	0	0	0	0	0	0	0	0	1	0	0	0	0	0	0	0	0	0	0	0
GALNT11	ENSG00000178234	ENST00000446096	protein_coding	0	0	0	1	0	0	0	0	0	0	0	0	0	0	0	1	0	0	0	0	0	0	0	0	0	0	0
GALNT11	ENSG00000178234	ENST00000447778	nonsense_mediated_decay	0	0	0	1	0	0	0	0	0	0	0	0	0	0	0	1	0	0	0	0	0	0	0	0	0	0	0
GALNT11	ENSG00000178234	ENST00000482812	processed_transcript	0	0	0	1	0	0	0	0	0	0	0	0	0	0	0	1	0	0	0	0	0	0	0	0	0	0	0
GALNT17	ENSG00000185274	ENST00000333538	protein_coding	0	0	1	0	0	0	0	0	0	0	0	0	0	0	0	0	1	0	0	0	0	0	0	0	0	0	0
GALNT17	ENSG00000185274	ENST00000467723	processed_transcript	0	0	0	1	0	0	0	0	0	0	0	0	0	0	0	0	0	1	0	0	0	0	0	0	0	0	0
GALNT17	ENSG00000185274	ENST00000498380	processed_transcript	0	0	0	1	0	0	0	0	0	0	0	0	0	0	0	0	0	1	0	0	0	0	0	0	0	0	0
GALNT17	ENSG00000185274	ENST00000618959	protein_coding	0	0	1	0	0	0	0	0	0	0	0	0	0	0	0	0	1	0	0	0	0	0	0	0	0	0	0
GAPDHP44	ENSG00000213352	ENST00000513513	processed_pseudogene	0	0	0	1	0	0	0	0	0	0	0	0	0	0	0	0	0	1	0	0	0	0	0	0	0	0	0
GCN1	ENSG00000089154	ENST00000300648	protein_coding	0	1	0	0	0	0	0	0	0	0	0	0	0	0	0	0	0	0	0	0	0	0	0	0	0	1	0
GGACT	ENSG00000134864	ENST00000376250	protein_coding	0	0	0	1	0	0	0	0	0	0	0	0	0	0	0	1	0	0	0	0	0	0	0	0	0	0	0
GGACT	ENSG00000134864	ENST00000471912	protein_coding	0	0	0	1	0	0	0	0	0	0	0	0	0	0	0	1	0	0	0	0	0	0	0	0	0	0	0
GGACT	ENSG00000134864	ENST00000492399	protein_coding	0	0	0	1	0	0	0	0	0	0	0	0	0	0	0	1	0	0	0	0	0	0	0	0	0	0	0
GLI3	ENSG00000106571	ENST00000395925	protein_coding	0	0	0	1	0	0	0	1	0	0	0	0	0	0	0	0	0	0	0	0	0	0	0	0	0	0	0
GLI3	ENSG00000106571	ENST00000428534	retained_intron	0	0	0	1	0	0	0	0	0	0	0	0	0	0	0	1	0	0	0	0	0	0	0	0	0	0	0
GLI3	ENSG00000106571	ENST00000437480	protein_coding	0	0	0	1	0	0	0	0	0	0	0	0	0	0	0	0	0	0	0	0	0	0	0	0	0	0	1
GLRX3	ENSG00000108010	ENST00000331244	protein_coding	0	0	2	0	0	0	0	0	0	0	0	0	0	0	0	0	2	0	0	0	0	0	0	0	0	0	0
GLRX3	ENSG00000108010	ENST00000368644	protein_coding	0	0	2	0	0	0	0	0	0	0	0	0	0	0	0	0	2	0	0	0	0	0	0	0	0	0	0
GLRX3	ENSG00000108010	ENST00000481034	nonsense_mediated_decay	0	0	0	2	0	0	0	0	0	0	0	0	0	0	0	0	0	2	0	0	0	0	0	0	0	0	0
GNB3	ENSG00000111664	ENST00000229264	protein_coding	0	0	0	1	0	0	0	0	0	0	0	0	1	0	0	0	0	0	0	0	0	0	0	0	0	0	0
GNB3	ENSG00000111664	ENST00000435982	protein_coding	0	0	0	1	0	0	0	0	0	0	0	0	1	0	0	0	0	0	0	0	0	0	0	0	0	0	0
GNB3	ENSG00000111664	ENST00000537035	protein_coding	0	0	0	1	0	0	0	0	0	0	0	0	1	0	0	0	0	0	0	0	0	0	0	0	0	0	0
GNB3	ENSG00000111664	ENST00000540458	retained_intron	0	0	0	1	0	0	0	0	0	0	0	0	1	0	0	0	0	0	0	0	0	0	0	0	0	0	0
GNB3	ENSG00000111664	ENST00000542751	retained_intron	0	0	0	1	0	0	0	0	0	0	0	0	1	0	0	0	0	0	0	0	0	0	0	0	0	0	0
GOLGB1	ENSG00000173230	ENST00000340645	protein_coding	0	0	1	0	0	0	0	0	0	0	0	0	0	0	0	0	1	0	0	0	0	0	0	0	0	0	0
GOLGB1	ENSG00000173230	ENST00000393667	protein_coding	0	0	1	0	0	0	0	0	0	0	0	0	0	0	0	0	1	0	0	0	0	0	0	0	0	0	0
GOLGB1	ENSG00000173230	ENST00000482512	nonsense_mediated_decay	0	0	0	2	1	0	0	0	0	0	0	0	0	0	0	0	0	1	0	0	0	0	0	0	0	0	0
GOLGB1	ENSG00000173230	ENST00000489400	protein_coding	0	0	1	0	0	0	0	0	0	0	0	0	0	0	0	0	1	0	0	0	0	0	0	0	0	0	0
GOLGB1	ENSG00000173230	ENST00000494517	protein_coding	0	0	1	0	0	0	0	0	0	0	0	0	0	0	0	0	1	0	0	0	0	0	0	0	0	0	0
GOLGB1	ENSG00000173230	ENST00000614479	protein_coding	0	0	1	0	0	0	0	0	0	0	0	0	0	0	0	0	1	0	0	0	0	0	0	0	0	0	0
GOSR2	ENSG00000108433	ENST00000225567	protein_coding	0	0	0	1	0	0	0	0	0	0	0	0	0	0	0	1	0	0	0	0	0	0	0	0	0	0	0
GOSR2	ENSG00000108433	ENST00000393456	protein_coding	0	0	0	1	0	0	0	0	0	0	0	0	0	0	0	1	0	0	0	0	0	0	0	0	0	0	0
GOSR2	ENSG00000108433	ENST00000415811	protein_coding	0	0	0	1	0	0	0	0	0	0	0	0	1	0	0	0	0	0	0	0	0	0	0	0	0	0	0
GOSR2	ENSG00000108433	ENST00000570879	protein_coding	0	0	0	1	0	0	0	0	0	0	0	0	0	0	0	1	0	0	0	0	0	0	0	0	0	0	0
GOSR2	ENSG00000108433	ENST00000572403	processed_transcript	0	0	0	1	0	0	0	0	0	0	0	0	0	0	0	1	0	0	0	0	0	0	0	0	0	0	0
GOSR2	ENSG00000108433	ENST00000573224	protein_coding	0	0	0	1	0	0	0	0	0	0	0	0	0	0	0	1	0	0	0	0	0	0	0	0	0	0	0
GOSR2	ENSG00000108433	ENST00000576910	protein_coding	0	0	0	1	0	0	0	0	0	0	0	0	0	0	0	1	0	0	0	0	0	0	0	0	0	0	0
GOSR2	ENSG00000108433	ENST00000623037	protein_coding	0	0	0	1	0	0	0	0	0	0	0	0	0	0	0	1	0	0	0	0	0	0	0	0	0	0	0
GOSR2	ENSG00000108433	ENST00000638189	nonsense_mediated_decay	0	0	0	1	0	0	0	0	0	0	0	0	0	0	0	1	0	0	0	0	0	0	0	0	0	0	0
GOSR2	ENSG00000108433	ENST00000638216	protein_coding	0	0	0	1	0	0	0	0	0	0	0	0	0	0	0	1	0	0	0	0	0	0	0	0	0	0	0
GOSR2	ENSG00000108433	ENST00000638219	nonsense_mediated_decay	0	0	0	1	0	0	0	0	0	0	0	0	0	0	0	1	0	0	0	0	0	0	0	0	0	0	0
GOSR2	ENSG00000108433	ENST00000638374	protein_coding	0	0	0	1	0	0	0	0	0	0	0	0	0	0	0	1	0	0	0	0	0	0	0	0	0	0	0
GOSR2	ENSG00000108433	ENST00000638468	nonsense_mediated_decay	0	0	0	1	0	0	0	0	0	0	0	0	0	0	0	1	0	0	0	0	0	0	0	0	0	0	0
GOSR2	ENSG00000108433	ENST00000638579	nonsense_mediated_decay	0	0	0	1	0	0	0	0	0	0	0	0	0	0	0	1	0	0	0	0	0	0	0	0	0	0	0
GOSR2	ENSG00000108433	ENST00000638634	protein_coding	0	0	0	1	0	0	0	0	0	0	0	0	0	0	0	1	0	0	0	0	0	0	0	0	0	0	0
GOSR2	ENSG00000108433	ENST00000638697	protein_coding	0	0	0	1	0	0	0	0	0	0	0	0	0	0	0	1	0	0	0	0	0	0	0	0	0	0	0
GOSR2	ENSG00000108433	ENST00000638838	protein_coding	0	0	0	1	0	0	0	0	0	0	0	0	0	0	0	1	0	0	0	0	0	0	0	0	0	0	0
GOSR2	ENSG00000108433	ENST00000638892	protein_coding	0	0	0	1	0	0	0	0	0	0	0	0	0	0	0	1	0	0	0	0	0	0	0	0	0	0	0
GOSR2	ENSG00000108433	ENST00000639031	protein_coding	0	0	0	1	0	0	0	0	0	0	0	0	1	0	0	0	0	0	0	0	0	0	0	0	0	0	0
GOSR2	ENSG00000108433	ENST00000639066	processed_transcript	0	0	0	1	0	0	0	0	0	0	0	0	0	0	0	1	0	0	0	0	0	0	0	0	0	0	0
GOSR2	ENSG00000108433	ENST00000639080	retained_intron	0	0	0	1	0	0	0	0	0	0	0	0	1	0	0	0	0	0	0	0	0	0	0	0	0	0	0
GOSR2	ENSG00000108433	ENST00000639199	nonsense_mediated_decay	0	0	0	1	0	0	0	0	0	0	0	0	0	0	0	1	0	0	0	0	0	0	0	0	0	0	0
GOSR2	ENSG00000108433	ENST00000639287	protein_coding	0	0	0	1	0	0	0	0	0	0	0	0	1	0	0	0	0	0	0	0	0	0	0	0	0	0	0
GOSR2	ENSG00000108433	ENST00000639365	nonsense_mediated_decay	0	0	0	1	0	0	0	0	0	0	0	0	0	0	0	1	0	0	0	0	0	0	0	0	0	0	0
GOSR2	ENSG00000108433	ENST00000639388	nonsense_mediated_decay	0	0	0	1	0	0	0	0	0	0	0	0	0	0	0	1	0	0	0	0	0	0	0	0	0	0	0
GOSR2	ENSG00000108433	ENST00000639713	protein_coding	0	0	0	1	0	0	0	0	0	0	0	0	0	0	0	1	0	0	0	0	0	0	0	0	0	0	0
GOSR2	ENSG00000108433	ENST00000639985	nonsense_mediated_decay	0	0	0	1	0	0	0	0	0	0	0	0	0	0	0	1	0	0	0	0	0	0	0	0	0	0	0
GOSR2	ENSG00000108433	ENST00000640051	protein_coding	0	0	0	1	0	0	0	0	0	0	0	0	0	0	0	1	0	0	0	0	0	0	0	0	0	0	0
GOSR2	ENSG00000108433	ENST00000640068	protein_coding	0	0	0	1	0	0	0	0	0	0	0	0	0	0	0	1	0	0	0	0	0	0	0	0	0	0	0
GOSR2	ENSG00000108433	ENST00000640138	protein_coding	0	0	0	1	0	0	0	0	0	0	0	0	0	0	0	1	0	0	0	0	0	0	0	0	0	0	0
GOSR2	ENSG00000108433	ENST00000640269	protein_coding	0	0	0	1	0	0	0	0	0	0	0	0	1	0	0	0	0	0	0	0	0	0	0	0	0	0	0
GOSR2	ENSG00000108433	ENST00000640358	nonsense_mediated_decay	0	0	0	1	0	0	0	0	0	0	0	0	0	0	0	1	0	0	0	0	0	0	0	0	0	0	0
GOSR2	ENSG00000108433	ENST00000640443	protein_coding	0	0	0	1	0	0	0	0	0	0	0	0	0	0	0	1	0	0	0	0	0	0	0	0	0	0	0
GOSR2	ENSG00000108433	ENST00000640495	protein_coding	0	0	0	1	0	0	0	0	0	0	0	0	0	0	0	1	0	0	0	0	0	0	0	0	0	0	0
GOSR2	ENSG00000108433	ENST00000640608	protein_coding	0	0	0	1	0	0	0	0	0	0	0	0	0	0	0	1	0	0	0	0	0	0	0	0	0	0	0
GOSR2	ENSG00000108433	ENST00000640621	protein_coding	0	0	0	1	0	0	0	0	0	0	0	0	1	0	0	0	0	0	0	0	0	0	0	0	0	0	0
GOSR2	ENSG00000108433	ENST00000640709	retained_intron	0	0	0	1	0	0	0	0	0	0	0	0	1	0	0	0	0	0	0	0	0	0	0	0	0	0	0
GOSR2	ENSG00000108433	ENST00000640711	protein_coding	0	0	0	1	0	0	0	0	0	0	0	0	0	0	0	1	0	0	0	0	0	0	0	0	0	0	0
GOSR2	ENSG00000108433	ENST00000640723	protein_coding	0	0	0	1	0	0	0	0	0	0	0	0	0	0	0	1	0	0	0	0	0	0	0	0	0	0	0
GOSR2	ENSG00000108433	ENST00000640792	nonsense_mediated_decay	0	0	0	1	0	0	0	0	0	0	0	0	0	0	0	1	0	0	0	0	0	0	0	0	0	0	0
GOSR2	ENSG00000108433	ENST00000640806	protein_coding	0	0	0	1	0	0	0	0	0	0	0	0	1	0	0	0	0	0	0	0	0	0	0	0	0	0	0
GOSR2	ENSG00000108433	ENST00000640866	nonsense_mediated_decay	0	0	0	1	0	0	0	0	0	0	0	0	0	0	0	0	0	0	0	0	0	0	0	0	0	0	1
GOSR2	ENSG00000108433	ENST00000640871	protein_coding	0	0	0	1	0	0	0	0	0	0	0	0	0	0	0	1	0	0	0	0	0	0	0	0	0	0	0
GOT2P3	ENSG00000233719	ENST00000426641	transcribed_processed_pseudogene	0	0	0	1	0	0	0	0	0	0	0	0	1	0	0	0	0	0	0	0	0	0	0	0	0	0	0
GPC5	ENSG00000179399	ENST00000377067	protein_coding	0	0	0	1	0	0	0	1	0	0	0	0	0	0	0	0	0	0	0	0	0	0	0	0	0	0	0
GPX1	ENSG00000233276	ENST00000419349	protein_coding	0	1	0	0	0	0	0	0	0	0	0	0	0	0	0	0	0	0	0	0	0	0	0	0	0	1	0
GPX1	ENSG00000233276	ENST00000419783	protein_coding	0	1	0	0	0	0	0	0	0	0	0	0	0	0	0	0	0	0	0	0	0	0	0	0	0	1	0
GPX1	ENSG00000233276	ENST00000496791	polymorphic_pseudogene	0	0	0	1	0	0	0	0	0	0	0	0	0	0	0	0	0	1	0	0	0	0	0	0	0	0	0
GPX1	ENSG00000233276	ENST00000620890	protein_coding	0	1	0	0	0	0	0	0	0	0	0	0	0	0	0	0	0	0	0	0	0	0	0	0	0	1	0
GPX1	ENSG00000233276	ENST00000643797	protein_coding	0	1	0	0	0	0	0	0	0	0	0	0	0	0	0	0	0	0	0	0	0	0	0	0	0	1	0
GPX1	ENSG00000233276	ENST00000646881	polymorphic_pseudogene	0	0	0	1	0	0	0	0	0	0	0	0	0	0	0	0	0	1	0	0	0	0	0	0	0	0	0
GPX1	ENSG00000233276	ENST00000651279	protein_coding	0	1	0	0	0	0	0	0	0	0	0	0	0	0	0	0	0	0	0	0	0	0	0	0	0	1	0
GPX1	ENSG00000233276	ENST00000651740	protein_coding	0	1	0	0	0	0	0	0	0	0	0	0	0	0	0	0	0	0	0	0	0	0	0	0	0	1	0
GRAMD1C	ENSG00000178075	ENST00000358160	protein_coding	0	0	0	1	0	0	0	0	0	0	0	0	0	0	0	1	0	0	0	0	0	0	0	0	0	0	0
GRAMD1C	ENSG00000178075	ENST00000463760	processed_transcript	0	0	0	1	0	0	0	0	0	0	0	0	0	0	0	1	0	0	0	0	0	0	0	0	0	0	0
GRAMD1C	ENSG00000178075	ENST00000472384	nonsense_mediated_decay	0	0	0	1	0	0	0	0	0	0	0	0	0	0	0	1	0	0	0	0	0	0	0	0	0	0	0
GRAMD1C	ENSG00000178075	ENST00000479212	processed_transcript	0	0	0	1	0	0	0	0	0	0	0	0	0	0	0	1	0	0	0	0	0	0	0	0	0	0	0
GRAMD1C	ENSG00000178075	ENST00000484714	nonsense_mediated_decay	0	0	0	1	0	0	0	0	0	0	0	0	0	0	0	1	0	0	0	0	0	0	0	0	0	0	0
GRAMD1C	ENSG00000178075	ENST00000486457	processed_transcript	0	0	0	1	0	0	0	0	0	0	0	0	0	0	0	1	0	0	0	0	0	0	0	0	0	0	0
GRAMD1C	ENSG00000178075	ENST00000498183	retained_intron	0	0	0	1	0	0	0	0	0	0	0	0	0	0	0	1	0	0	0	0	0	0	0	0	0	0	0
GRB10	ENSG00000106070	ENST00000335866	protein_coding	0	0	0	1	0	0	0	0	0	0	0	0	0	0	0	1	0	0	0	0	0	0	0	0	0	0	0
GRB10	ENSG00000106070	ENST00000357271	protein_coding	0	0	0	1	0	0	0	0	0	0	0	0	0	0	0	1	0	0	0	0	0	0	0	0	0	0	0
GRB10	ENSG00000106070	ENST00000398810	protein_coding	0	0	0	1	0	0	0	0	0	0	0	0	0	0	0	1	0	0	0	0	0	0	0	0	0	0	0
GRB10	ENSG00000106070	ENST00000398812	protein_coding	0	0	0	1	0	0	0	0	0	0	0	0	0	0	0	1	0	0	0	0	0	0	0	0	0	0	0
GRB10	ENSG00000106070	ENST00000401949	protein_coding	0	0	0	1	0	0	0	0	0	0	0	0	0	0	0	1	0	0	0	0	0	0	0	0	0	0	0
GRB10	ENSG00000106070	ENST00000402497	protein_coding	0	0	0	1	0	0	0	0	0	0	0	0	0	0	0	1	0	0	0	0	0	0	0	0	0	0	0
GRB10	ENSG00000106070	ENST00000402578	protein_coding	0	0	0	1	0	0	0	0	0	0	0	0	0	0	0	1	0	0	0	0	0	0	0	0	0	0	0
GRB10	ENSG00000106070	ENST00000403097	protein_coding	0	0	0	1	0	0	0	0	0	0	0	0	0	0	0	1	0	0	0	0	0	0	0	0	0	0	0
GRB10	ENSG00000106070	ENST00000406641	protein_coding	0	0	0	1	0	0	0	0	0	0	0	0	0	0	0	1	0	0	0	0	0	0	0	0	0	0	0
GRB10	ENSG00000106070	ENST00000407526	protein_coding	0	0	0	1	0	0	0	0	0	0	0	0	0	0	0	1	0	0	0	0	0	0	0	0	0	0	0
GRB10	ENSG00000106070	ENST00000428711	protein_coding	0	0	0	1	0	0	0	0	0	0	0	0	1	0	0	0	0	0	0	0	0	0	0	0	0	0	0
GRB10	ENSG00000106070	ENST00000643299	protein_coding	0	0	0	1	0	0	0	0	0	0	0	0	0	0	0	1	0	0	0	0	0	0	0	0	0	0	0
GRB10	ENSG00000106070	ENST00000644769	nonsense_mediated_decay	0	0	0	1	0	0	0	0	0	0	0	0	0	0	0	1	0	0	0	0	0	0	0	0	0	0	0
GRB10	ENSG00000106070	ENST00000644879	protein_coding	0	0	0	1	0	0	0	0	0	0	0	0	0	0	0	1	0	0	0	0	0	0	0	0	0	0	0
GRB10	ENSG00000106070	ENST00000645075	protein_coding	0	0	0	1	0	0	0	0	0	0	0	0	0	0	0	1	0	0	0	0	0	0	0	0	0	0	0
GRIN2C	ENSG00000161509	ENST00000293190	protein_coding	0	1	0	0	0	0	0	0	0	0	0	0	0	0	0	0	0	0	0	0	0	0	0	0	0	1	0
GRIN2C	ENSG00000161509	ENST00000347612	protein_coding	0	1	0	0	0	0	0	0	0	0	0	0	0	0	0	0	0	0	0	0	0	0	0	0	0	1	0
GRIN2C	ENSG00000161509	ENST00000584176	retained_intron	0	0	0	1	0	0	0	0	0	0	0	0	0	0	0	0	0	1	0	0	0	0	0	0	0	0	0
GRM3	ENSG00000198822	ENST00000361669	protein_coding	0	0	0	1	0	0	0	1	0	0	0	0	0	0	0	0	0	0	0	0	0	0	0	0	0	0	0
GRM3	ENSG00000198822	ENST00000421579	protein_coding	0	0	0	1	0	0	0	0	0	0	0	0	0	0	0	0	0	0	0	0	0	0	0	0	0	0	1
GRM3	ENSG00000198822	ENST00000439827	protein_coding	0	0	0	1	0	0	0	0	0	0	0	0	0	0	0	0	0	0	0	0	0	0	0	0	0	0	1
GRM3	ENSG00000198822	ENST00000454217	protein_coding	0	0	0	1	0	0	0	0	0	0	0	0	0	0	0	0	0	0	0	0	0	0	0	0	0	0	1
GTF2IP3	ENSG00000187721	ENST00000433887	unprocessed_pseudogene	0	0	0	1	0	0	0	0	0	0	0	0	1	0	0	0	0	0	0	0	0	0	0	0	0	0	0
GTF2IRD1	ENSG00000006704	ENST00000265755	protein_coding	0	0	1	1	0	0	0	0	0	0	0	0	0	0	0	1	1	0	0	0	0	0	0	0	0	0	0
GTF2IRD1	ENSG00000006704	ENST00000424337	protein_coding	0	0	1	1	0	0	0	0	0	0	0	0	0	0	0	1	1	0	0	0	0	0	0	0	0	0	0
GTF2IRD1	ENSG00000006704	ENST00000455841	protein_coding	0	0	1	1	0	0	0	0	0	0	0	0	0	0	0	1	1	0	0	0	0	0	0	0	0	0	0
GTF2IRD1	ENSG00000006704	ENST00000470715	protein_coding	0	0	0	2	0	0	0	0	0	0	0	0	2	0	0	0	0	0	0	0	0	0	0	0	0	0	0
GTF2IRD1	ENSG00000006704	ENST00000476977	protein_coding	0	0	0	2	2	0	0	0	0	0	0	0	0	0	0	0	0	0	0	0	0	0	0	0	0	0	0
GTF2IRD1	ENSG00000006704	ENST00000486086	retained_intron	0	0	0	2	0	0	0	0	0	0	0	0	0	0	0	1	0	1	0	0	0	0	0	0	0	0	0
GUSB	ENSG00000169919	ENST00000304895	protein_coding	0	0	0	1	0	0	0	0	0	0	0	0	0	0	0	1	0	0	0	0	0	0	0	0	0	0	0
GUSB	ENSG00000169919	ENST00000421103	protein_coding	0	0	0	1	0	0	0	0	0	0	0	0	0	0	0	1	0	0	0	0	0	0	0	0	0	0	0
GUSB	ENSG00000169919	ENST00000430730	nonsense_mediated_decay	0	0	0	1	0	0	0	0	0	0	0	0	0	0	0	1	0	0	0	0	0	0	0	0	0	0	0
GUSB	ENSG00000169919	ENST00000447929	nonsense_mediated_decay	0	0	0	1	0	0	0	0	0	0	0	0	0	0	0	1	0	0	0	0	0	0	0	0	0	0	0
GUSB	ENSG00000169919	ENST00000461622	retained_intron	0	0	0	1	0	0	0	0	0	0	0	0	0	0	0	0	0	0	0	0	0	0	0	0	0	0	1
GUSB	ENSG00000169919	ENST00000462371	retained_intron	0	0	0	1	0	0	0	0	0	0	0	0	0	0	0	1	0	0	0	0	0	0	0	0	0	0	0
GUSB	ENSG00000169919	ENST00000465785	processed_transcript	0	0	0	1	0	0	0	0	0	0	0	0	1	0	0	0	0	0	0	0	0	0	0	0	0	0	0
GUSB	ENSG00000169919	ENST00000466883	retained_intron	0	0	0	1	0	0	0	0	0	0	0	0	0	0	0	1	0	0	0	0	0	0	0	0	0	0	0
GUSB	ENSG00000169919	ENST00000475316	processed_transcript	0	0	0	1	0	0	0	0	0	0	0	0	1	0	0	0	0	0	0	0	0	0	0	0	0	0	0
GUSB	ENSG00000169919	ENST00000476486	processed_transcript	0	0	0	1	0	0	0	0	0	0	0	0	1	0	0	0	0	0	0	0	0	0	0	0	0	0	0
GUSB	ENSG00000169919	ENST00000479038	processed_transcript	0	0	0	1	0	0	0	0	0	0	0	0	1	0	0	0	0	0	0	0	0	0	0	0	0	0	0
GUSB	ENSG00000169919	ENST00000489482	retained_intron	0	0	0	1	0	0	0	0	0	0	0	0	1	0	0	0	0	0	0	0	0	0	0	0	0	0	0
GXYLT2	ENSG00000172986	ENST00000491839	protein_coding	0	0	0	1	0	0	0	0	0	0	0	0	0	0	0	1	0	0	0	0	0	0	0	0	0	0	0
GYG1	ENSG00000163754	ENST00000296048	protein_coding	0	1	0	0	0	0	0	0	0	0	0	0	0	0	0	0	0	0	0	0	0	0	0	0	0	1	0
GYG1	ENSG00000163754	ENST00000345003	protein_coding	0	1	0	0	0	0	0	0	0	0	0	0	0	0	0	0	0	0	0	0	0	0	0	0	0	1	0
GYG1	ENSG00000163754	ENST00000461191	protein_coding	0	1	0	0	0	0	0	0	0	0	0	0	0	0	0	0	0	0	0	0	0	0	0	0	0	1	0
GYG1	ENSG00000163754	ENST00000469873	retained_intron	0	0	0	1	0	0	0	0	0	0	0	0	0	0	0	0	0	1	0	0	0	0	0	0	0	0	0
GYG1	ENSG00000163754	ENST00000479119	processed_transcript	0	0	0	1	0	0	0	0	0	0	0	0	0	0	0	0	0	1	0	0	0	0	0	0	0	0	0
GYG1	ENSG00000163754	ENST00000483267	protein_coding	0	0	0	1	0	0	0	0	0	0	0	0	0	0	0	1	0	0	0	0	0	0	0	0	0	0	0
GYG1	ENSG00000163754	ENST00000484197	protein_coding	0	1	0	0	0	0	0	0	0	0	0	0	0	0	0	0	0	0	0	0	0	0	0	0	0	1	0
GYG1	ENSG00000163754	ENST00000488851	processed_transcript	0	0	0	1	0	0	0	0	0	0	0	0	1	0	0	0	0	0	0	0	0	0	0	0	0	0	0
GYG1	ENSG00000163754	ENST00000497528	processed_transcript	0	0	0	1	0	0	0	0	0	0	0	0	0	0	0	0	0	1	0	0	0	0	0	0	0	0	0
GYG1	ENSG00000163754	ENST00000627418	protein_coding	0	0	0	1	0	0	0	0	0	0	0	0	0	0	0	1	0	0	0	0	0	0	0	0	0	0	0
HADHAP2	ENSG00000255967	ENST00000540341	processed_pseudogene	0	0	0	1	0	0	0	0	0	0	0	0	0	0	0	0	0	1	0	0	0	0	0	0	0	0	0
HDAC11	ENSG00000163517	ENST00000295757	protein_coding	0	0	0	1	1	0	0	0	0	0	0	0	0	0	0	0	0	0	0	0	0	0	0	0	0	0	0
HDAC11	ENSG00000163517	ENST00000402259	protein_coding	0	0	0	1	0	0	0	0	0	0	0	0	1	0	0	0	0	0	0	0	0	0	0	0	0	0	0
HDAC11	ENSG00000163517	ENST00000402271	protein_coding	0	0	0	1	0	0	0	0	0	0	0	0	1	0	0	0	0	0	0	0	0	0	0	0	0	0	0
HDAC11	ENSG00000163517	ENST00000404040	protein_coding	0	0	0	1	0	0	0	0	0	0	0	0	1	0	0	0	0	0	0	0	0	0	0	0	0	0	0
HDAC11	ENSG00000163517	ENST00000404548	protein_coding	0	0	0	1	0	0	0	0	0	0	0	0	1	0	0	0	0	0	0	0	0	0	0	0	0	0	0
HDAC11	ENSG00000163517	ENST00000405025	protein_coding	0	0	0	1	0	0	0	0	0	0	0	0	1	0	0	0	0	0	0	0	0	0	0	0	0	0	0
HDAC11	ENSG00000163517	ENST00000405478	protein_coding	0	0	0	1	0	0	0	0	0	0	0	0	1	0	0	0	0	0	0	0	0	0	0	0	0	0	0
HDAC11	ENSG00000163517	ENST00000425430	nonsense_mediated_decay	0	0	0	1	0	0	0	0	0	0	0	0	1	0	0	0	0	0	0	0	0	0	0	0	0	0	0
HDAC11	ENSG00000163517	ENST00000433119	protein_coding	0	0	0	1	0	0	0	0	0	0	0	0	1	0	0	0	0	0	0	0	0	0	0	0	0	0	0
HDAC11	ENSG00000163517	ENST00000434848	protein_coding	0	0	0	1	0	0	0	0	0	0	0	0	1	0	0	0	0	0	0	0	0	0	0	0	0	0	0
HDAC11	ENSG00000163517	ENST00000437379	protein_coding	0	0	0	1	1	0	0	0	0	0	0	0	0	0	0	0	0	0	0	0	0	0	0	0	0	0	0
HDAC11	ENSG00000163517	ENST00000446613	protein_coding	0	0	0	1	1	0	0	0	0	0	0	0	0	0	0	0	0	0	0	0	0	0	0	0	0	0	0
HDAC11	ENSG00000163517	ENST00000455904	protein_coding	0	0	0	1	0	0	0	0	0	0	0	0	1	0	0	0	0	0	0	0	0	0	0	0	0	0	0
HDAC11	ENSG00000163517	ENST00000458642	processed_transcript	0	0	0	1	0	0	0	0	0	0	0	0	1	0	0	0	0	0	0	0	0	0	0	0	0	0	0
HDAC11	ENSG00000163517	ENST00000475818	retained_intron	0	0	0	1	0	0	0	0	0	0	0	0	1	0	0	0	0	0	0	0	0	0	0	0	0	0	0
HDAC11	ENSG00000163517	ENST00000487585	retained_intron	0	0	0	1	0	0	0	0	0	0	0	0	1	0	0	0	0	0	0	0	0	0	0	0	0	0	0
HDAC11	ENSG00000163517	ENST00000495099	processed_transcript	0	0	0	1	0	0	0	0	0	0	0	0	1	0	0	0	0	0	0	0	0	0	0	0	0	0	0
HDAC11	ENSG00000163517	ENST00000498532	retained_intron	0	0	0	1	0	0	0	0	0	0	0	0	1	0	0	0	0	0	0	0	0	0	0	0	0	0	0
HDAC11	ENSG00000163517	ENST00000522202	protein_coding	0	0	0	1	0	0	0	0	0	0	0	0	1	0	0	0	0	0	0	0	0	0	0	0	0	0	0
HDAC7	ENSG00000061273	ENST00000080059	protein_coding	0	0	0	1	0	0	0	0	0	0	0	0	0	0	0	1	0	0	0	0	0	0	0	0	0	0	0
HDAC7	ENSG00000061273	ENST00000354334	protein_coding	0	0	0	1	0	0	0	0	0	0	0	0	0	0	0	1	0	0	0	0	0	0	0	0	0	0	0
HDAC7	ENSG00000061273	ENST00000380610	protein_coding	0	0	0	1	0	0	0	0	0	0	0	0	0	0	0	1	0	0	0	0	0	0	0	0	0	0	0
HDAC7	ENSG00000061273	ENST00000417107	protein_coding	0	0	0	1	0	0	0	0	0	0	0	0	1	0	0	0	0	0	0	0	0	0	0	0	0	0	0
HDAC7	ENSG00000061273	ENST00000417902	protein_coding	0	0	0	1	0	0	0	0	0	0	0	0	1	0	0	0	0	0	0	0	0	0	0	0	0	0	0
HDAC7	ENSG00000061273	ENST00000421231	protein_coding	0	0	0	1	0	0	0	0	0	0	0	0	1	0	0	0	0	0	0	0	0	0	0	0	0	0	0
HDAC7	ENSG00000061273	ENST00000422254	protein_coding	0	0	0	1	0	0	0	0	0	0	0	0	1	0	0	0	0	0	0	0	0	0	0	0	0	0	0
HDAC7	ENSG00000061273	ENST00000425451	nonsense_mediated_decay	0	0	0	1	0	0	0	0	0	0	0	0	0	0	0	1	0	0	0	0	0	0	0	0	0	0	0
HDAC7	ENSG00000061273	ENST00000427332	protein_coding	0	0	0	1	0	0	0	0	0	0	0	0	0	0	0	1	0	0	0	0	0	0	0	0	0	0	0
HDAC7	ENSG00000061273	ENST00000430670	protein_coding	0	0	0	1	0	0	0	0	0	0	0	0	0	0	0	1	0	0	0	0	0	0	0	0	0	0	0
HDAC7	ENSG00000061273	ENST00000433685	protein_coding	0	0	0	1	0	0	0	0	0	0	0	0	1	0	0	0	0	0	0	0	0	0	0	0	0	0	0
HDAC7	ENSG00000061273	ENST00000434070	protein_coding	0	0	0	1	0	0	0	0	0	0	0	0	1	0	0	0	0	0	0	0	0	0	0	0	0	0	0
HDAC7	ENSG00000061273	ENST00000440293	protein_coding	0	0	0	1	0	0	0	0	0	0	0	0	1	0	0	0	0	0	0	0	0	0	0	0	0	0	0
HDAC7	ENSG00000061273	ENST00000445237	protein_coding	0	0	0	1	0	0	0	0	0	0	0	0	1	0	0	0	0	0	0	0	0	0	0	0	0	0	0
HDAC7	ENSG00000061273	ENST00000447463	protein_coding	0	0	0	1	0	0	0	0	0	0	0	0	1	0	0	0	0	0	0	0	0	0	0	0	0	0	0
HDAC7	ENSG00000061273	ENST00000450805	protein_coding	0	0	0	1	0	0	0	0	0	0	0	0	1	0	0	0	0	0	0	0	0	0	0	0	0	0	0
HDAC7	ENSG00000061273	ENST00000459625	retained_intron	0	0	0	1	0	0	0	0	0	0	0	0	0	0	0	0	0	0	0	0	0	0	0	0	0	0	1
HDAC7	ENSG00000061273	ENST00000463732	retained_intron	0	0	0	1	0	0	0	0	0	0	0	0	0	0	0	0	0	1	0	0	0	0	0	0	0	0	0
HDAC7	ENSG00000061273	ENST00000470668	retained_intron	0	0	0	1	0	0	0	0	0	0	0	0	0	0	0	1	0	0	0	0	0	0	0	0	0	0	0
HDAC7	ENSG00000061273	ENST00000477203	nonsense_mediated_decay	0	0	0	1	0	0	0	0	0	0	0	0	0	0	0	1	0	0	0	0	0	0	0	0	0	0	0
HDAC7	ENSG00000061273	ENST00000477937	processed_transcript	0	0	0	1	0	0	0	0	0	0	0	0	0	0	0	0	0	0	0	0	0	0	0	0	0	0	1
HDAC7	ENSG00000061273	ENST00000485796	nonsense_mediated_decay	0	0	0	1	0	0	0	0	0	0	0	0	0	0	0	1	0	0	0	0	0	0	0	0	0	0	0
HDAC7	ENSG00000061273	ENST00000488927	nonsense_mediated_decay	0	0	0	1	0	0	0	0	0	0	0	0	0	0	0	0	0	0	0	0	0	0	0	0	0	0	1
HDAC7	ENSG00000061273	ENST00000491464	retained_intron	0	0	0	1	0	0	0	0	0	0	0	0	0	0	0	0	0	0	0	0	0	0	0	0	0	0	1
HDAC7	ENSG00000061273	ENST00000548080	protein_coding	0	0	0	1	0	0	0	0	0	0	0	0	0	0	0	0	0	0	0	0	0	0	0	0	0	0	1
HDAC7	ENSG00000061273	ENST00000548938	nonsense_mediated_decay	0	0	0	1	0	0	0	0	0	0	0	0	0	0	0	0	0	0	0	0	0	0	0	0	0	0	1
HDAC7	ENSG00000061273	ENST00000552960	protein_coding	0	0	0	1	0	0	0	0	0	0	0	0	0	0	0	1	0	0	0	0	0	0	0	0	0	0	0
HEBP1	ENSG00000013583	ENST00000014930	protein_coding	0	1	0	1	0	1	0	1	0	0	0	0	0	0	0	0	0	0	0	0	0	0	0	0	0	0	0
HEBP1	ENSG00000013583	ENST00000536942	protein_coding	0	1	0	1	0	1	0	1	0	0	0	0	0	0	0	0	0	0	0	0	0	0	0	0	0	0	0
HEBP1	ENSG00000013583	ENST00000647702	protein_coding	0	0	0	1	0	0	0	0	0	0	0	0	0	0	0	0	0	0	0	0	0	0	0	0	0	0	1
HELLPAR	ENSG00000281344	ENST00000626826		0	0	0	3	0	0	0	0	0	0	0	0	0	0	0	0	0	2	0	0	0	0	0	0	0	0	1
HEMK1	ENSG00000114735	ENST00000232854	protein_coding	0	0	0	1	0	0	0	0	0	0	0	0	0	0	0	1	0	0	0	0	0	0	0	0	0	0	0
HEMK1	ENSG00000114735	ENST00000424388	nonsense_mediated_decay	0	0	0	1	0	0	0	0	0	0	0	0	1	0	0	0	0	0	0	0	0	0	0	0	0	0	0
HEMK1	ENSG00000114735	ENST00000434410	protein_coding	0	0	0	1	0	0	0	0	0	0	0	0	0	0	0	1	0	0	0	0	0	0	0	0	0	0	0
HEMK1	ENSG00000114735	ENST00000443894	protein_coding	0	0	0	1	0	0	0	0	0	0	0	0	0	0	0	1	0	0	0	0	0	0	0	0	0	0	0
HEMK1	ENSG00000114735	ENST00000448997	nonsense_mediated_decay	0	0	0	1	0	0	0	0	0	0	0	0	0	0	0	1	0	0	0	0	0	0	0	0	0	0	0
HEMK1	ENSG00000114735	ENST00000455834	protein_coding	0	0	0	1	0	0	0	0	0	0	0	0	0	0	0	1	0	0	0	0	0	0	0	0	0	0	0
HEMK1	ENSG00000114735	ENST00000482974	retained_intron	0	0	0	1	0	0	0	0	0	0	0	0	0	0	0	1	0	0	0	0	0	0	0	0	0	0	0
HES1	ENSG00000114315	ENST00000232424	protein_coding	1	0	0	0	0	0	0	0	0	0	1	0	0	0	0	1	0	0	0	1	0	1	0	0	0	0	0
HES1	ENSG00000114315	ENST00000476918	retained_intron	0	0	0	1	0	0	0	0	0	0	0	0	1	0	0	0	0	0	0	0	0	0	0	0	0	0	0
HGS	ENSG00000185359	ENST00000329138	protein_coding	0	0	0	2	0	0	0	0	0	0	0	0	0	0	0	0	0	0	0	0	0	0	0	0	0	0	2
HGS	ENSG00000185359	ENST00000571518	protein_coding	0	0	0	2	0	0	0	0	0	0	0	0	0	0	0	0	0	0	0	0	0	0	0	0	0	0	2
HGS	ENSG00000185359	ENST00000572392	protein_coding	0	0	0	2	0	0	0	0	0	0	0	0	0	0	0	0	0	0	0	0	0	0	0	0	0	0	2
HGS	ENSG00000185359	ENST00000576087	retained_intron	0	0	0	2	0	0	0	0	0	0	0	0	0	0	0	0	0	0	0	0	0	0	0	0	0	0	2
HGS	ENSG00000185359	ENST00000576393	retained_intron	0	0	0	2	0	0	0	0	0	0	0	0	0	0	0	0	0	0	0	0	0	0	0	0	0	0	2
HGS	ENSG00000185359	ENST00000576498	retained_intron	0	0	0	2	0	0	0	0	0	0	0	0	0	0	0	0	0	0	0	0	0	0	0	0	0	0	2
HGS	ENSG00000185359	ENST00000577012	protein_coding	0	0	0	2	0	0	0	0	0	0	0	0	0	0	0	0	0	0	0	0	0	0	0	0	0	0	2
HIP1	ENSG00000127946	ENST00000336926	protein_coding	0	0	0	1	1	0	0	0	0	0	0	0	0	0	0	0	0	0	0	0	0	0	0	0	0	0	0
HIP1	ENSG00000127946	ENST00000434438	protein_coding	0	0	0	1	1	0	0	0	0	0	0	0	0	0	0	0	0	0	0	0	0	0	0	0	0	0	0
HIP1	ENSG00000127946	ENST00000616821	protein_coding	0	0	0	1	0	0	0	0	0	0	0	0	1	0	0	0	0	0	0	0	0	0	0	0	0	0	0
HMGA1P3	ENSG00000258011	ENST00000549577	processed_pseudogene	0	0	0	1	0	0	0	0	0	0	0	0	0	0	0	0	0	1	0	0	0	0	0	0	0	0	0
HMGA2	ENSG00000149948	ENST00000393577	protein_coding	0	0	0	1	0	0	0	0	0	0	0	0	0	0	0	1	0	0	0	0	0	0	0	0	0	0	0
HMGA2	ENSG00000149948	ENST00000403681	protein_coding	0	0	0	1	0	0	0	0	0	0	0	0	0	0	0	1	0	0	0	0	0	0	0	0	0	0	0
HMGA2	ENSG00000149948	ENST00000539662	nonsense_mediated_decay	0	0	0	1	0	0	0	0	0	0	0	0	0	0	0	1	0	0	0	0	0	0	0	0	0	0	0
HMGA2	ENSG00000149948	ENST00000541363	protein_coding	0	0	0	1	0	0	0	0	0	0	0	0	0	0	0	1	0	0	0	0	0	0	0	0	0	0	0
HMGB1P5	ENSG00000132967	ENST00000255320	transcribed_processed_pseudogene	0	0	0	2	0	0	0	0	0	0	0	0	0	0	0	0	0	0	0	0	0	0	0	0	0	0	2
HMGB1P5	ENSG00000132967	ENST00000451497	processed_transcript	0	0	0	2	0	0	0	0	0	0	0	0	0	0	0	0	0	0	0	0	0	0	0	0	0	0	2
HMGN1P18	ENSG00000234927	ENST00000457642	processed_pseudogene	0	0	0	1	0	0	0	0	0	0	0	0	1	0	0	0	0	0	0	0	0	0	0	0	0	0	0
HMGN2P7	ENSG00000226427	ENST00000456186	processed_pseudogene	0	0	0	1	0	0	0	0	0	0	0	0	0	0	0	0	0	0	0	0	0	0	0	0	0	0	1
HNRNPA1	ENSG00000135486	ENST00000330752	protein_coding	0	1	1	1	0	0	0	0	0	0	0	0	0	0	0	1	1	0	0	0	0	0	0	0	0	1	0
HNRNPA1	ENSG00000135486	ENST00000340913	protein_coding	0	1	1	1	0	0	0	0	0	0	0	0	0	0	0	1	1	0	0	0	0	0	0	0	0	1	0
HNRNPA1	ENSG00000135486	ENST00000546500	protein_coding	0	1	1	1	0	0	0	0	0	0	0	0	0	0	0	1	1	0	0	0	0	0	0	0	0	1	0
HNRNPA1	ENSG00000135486	ENST00000547276	protein_coding	0	1	1	1	0	0	0	0	0	0	0	0	0	0	0	1	1	0	0	0	0	0	0	0	0	1	0
HNRNPA1	ENSG00000135486	ENST00000547566	nonsense_mediated_decay	0	0	0	3	0	0	0	0	0	0	0	0	0	0	0	1	0	2	0	0	0	0	0	0	0	0	0
HNRNPA1	ENSG00000135486	ENST00000547708	protein_coding	0	0	0	3	0	0	0	0	0	0	0	0	2	0	0	1	0	0	0	0	0	0	0	0	0	0	0
HNRNPA1	ENSG00000135486	ENST00000547870	retained_intron	0	0	0	3	0	0	0	0	0	0	0	0	2	0	0	1	0	0	0	0	0	0	0	0	0	0	0
HNRNPA1	ENSG00000135486	ENST00000548688	protein_coding	0	1	0	2	0	0	0	0	0	0	0	0	2	0	0	0	0	0	0	0	0	0	0	0	0	1	0
HNRNPA1	ENSG00000135486	ENST00000550482	protein_coding	0	1	1	1	0	0	0	0	0	0	0	0	0	0	0	0	1	0	0	0	0	0	0	0	0	1	1
HNRNPA1	ENSG00000135486	ENST00000550994	protein_coding	0	0	0	3	0	0	0	0	0	0	0	0	2	0	0	0	0	0	0	0	0	0	0	0	0	0	1
HNRNPA1	ENSG00000135486	ENST00000551665	retained_intron	0	0	0	3	0	0	0	0	0	0	0	0	0	0	0	0	0	0	0	0	0	0	0	0	0	0	3
HNRNPA1	ENSG00000135486	ENST00000551679	retained_intron	0	0	0	3	0	0	0	0	0	0	0	0	0	0	0	0	0	2	0	0	0	0	0	0	0	0	1
HNRNPA1	ENSG00000135486	ENST00000551702	protein_coding	0	0	0	3	0	0	0	0	0	0	0	0	2	0	0	1	0	0	0	0	0	0	0	0	0	0	0
HNRNPA1	ENSG00000135486	ENST00000551803	processed_transcript	0	0	0	3	0	0	0	0	0	0	0	0	0	0	0	0	0	0	0	0	0	0	0	0	0	0	3
HOXA-AS2	ENSG00000253552	ENST00000517550		0	0	0	1	0	0	0	0	0	0	0	0	1	0	0	0	0	0	0	0	0	0	0	0	0	0	0
HOXA-AS2	ENSG00000253552	ENST00000521159		0	0	0	1	0	0	0	0	0	0	0	0	0	0	0	1	0	0	0	0	0	0	0	0	0	0	0
HOXA-AS2	ENSG00000253552	ENST00000521687		0	0	0	1	0	0	0	0	0	0	0	0	1	0	0	0	0	0	0	0	0	0	0	0	0	0	0
HOXA-AS3	ENSG00000254369	ENST00000518848		0	0	0	1	0	0	0	0	0	0	0	0	0	0	0	1	0	0	0	0	0	0	0	0	0	0	0
HOXA3	ENSG00000105997	ENST00000317201	protein_coding	0	0	0	1	0	0	0	0	0	0	0	0	0	0	0	1	0	0	0	0	0	0	0	0	0	0	0
HOXA3	ENSG00000105997	ENST00000518451	processed_transcript	0	0	0	1	0	0	0	0	0	0	0	0	0	0	0	1	0	0	0	0	0	0	0	0	0	0	0
HOXA3	ENSG00000105997	ENST00000521401	processed_transcript	0	0	0	1	0	0	0	0	0	0	0	0	0	0	0	1	0	0	0	0	0	0	0	0	0	0	0
HOXA3	ENSG00000105997	ENST00000522788	protein_coding	0	0	0	1	0	0	0	0	0	0	0	0	0	0	0	1	0	0	0	0	0	0	0	0	0	0	0
HOXA3	ENSG00000105997	ENST00000612286	protein_coding	0	0	0	1	0	0	0	0	0	0	0	0	0	0	0	0	0	0	0	0	0	0	0	0	0	0	1
HOXA4	ENSG00000197576	ENST00000360046	protein_coding	0	0	1	0	0	0	0	0	0	0	0	0	0	0	0	0	1	0	0	0	0	0	0	0	0	0	0
HOXA4	ENSG00000197576	ENST00000428284	protein_coding	0	0	1	0	0	0	0	0	0	0	0	0	0	0	0	0	1	0	0	0	0	0	0	0	0	0	0
HOXA4	ENSG00000197576	ENST00000511914	protein_coding	0	0	0	1	0	0	0	0	0	0	0	0	0	0	0	0	0	0	0	0	0	0	0	0	0	0	1
HOXA4	ENSG00000197576	ENST00000610970	protein_coding	0	0	1	0	0	0	0	0	0	0	0	0	0	0	0	0	1	0	0	0	0	0	0	0	0	0	0
HPSE2	ENSG00000172987	ENST00000370546	protein_coding	0	0	0	1	0	0	0	0	0	0	0	0	0	0	0	1	0	0	0	0	0	0	0	0	0	0	0
HPSE2	ENSG00000172987	ENST00000370549	protein_coding	0	0	0	1	0	0	0	0	0	0	0	0	0	0	0	1	0	0	0	0	0	0	0	0	0	0	0
HPSE2	ENSG00000172987	ENST00000370552	protein_coding	0	0	0	1	0	0	0	0	0	0	0	0	0	0	0	1	0	0	0	0	0	0	0	0	0	0	0
HPSE2	ENSG00000172987	ENST00000628193	protein_coding	0	0	0	1	0	0	0	0	0	0	0	0	0	0	0	1	0	0	0	0	0	0	0	0	0	0	0
HSP90AB7P	ENSG00000235838	ENST00000450068	processed_pseudogene	0	0	0	1	0	0	0	0	0	0	0	0	0	0	0	0	0	1	0	0	0	0	0	0	0	0	0
HSPA8P5	ENSG00000256356	ENST00000456928	processed_pseudogene	0	0	0	2	0	0	0	0	0	0	0	0	0	0	0	0	0	2	0	0	0	0	0	0	0	0	0
HSPA8P8	ENSG00000229091	ENST00000419827	processed_pseudogene	0	0	0	1	0	0	0	0	0	0	0	0	0	0	0	0	0	1	0	0	0	0	0	0	0	0	0
HSPB9	ENSG00000260325	ENST00000565659	protein_coding	0	0	0	1	0	0	0	0	0	0	0	0	1	0	0	0	0	0	0	0	0	0	0	0	0	0	0
HTR2A	ENSG00000102468	ENST00000378688	protein_coding	0	0	0	1	1	0	0	0	0	0	0	0	0	0	0	0	0	0	0	0	0	0	0	0	0	0	0
HTR2A	ENSG00000102468	ENST00000542664	protein_coding	0	0	0	1	1	0	0	0	0	0	0	0	0	0	0	0	0	0	0	0	0	0	0	0	0	0	0
HTR2A	ENSG00000102468	ENST00000543956	protein_coding	0	0	0	1	1	0	0	0	0	0	0	0	0	0	0	0	0	0	0	0	0	0	0	0	0	0	0
HTR7P1	ENSG00000183935	ENST00000538670	transcribed_processed_pseudogene	0	0	0	1	0	0	0	0	0	0	0	0	0	0	0	0	0	0	0	0	0	0	0	0	0	0	1
HTR7P1	ENSG00000183935	ENST00000624664	TEC	0	0	0	1	0	0	0	0	0	0	0	0	0	0	0	0	0	0	0	0	0	0	0	0	0	0	1
HYAL2	ENSG00000068001	ENST00000357750	protein_coding	0	0	0	1	0	0	0	0	0	0	0	0	0	0	0	0	0	0	0	0	0	0	0	0	0	0	1
HYAL2	ENSG00000068001	ENST00000395139	protein_coding	0	0	0	1	0	0	0	0	0	0	0	0	0	0	0	0	0	0	0	0	0	0	0	0	0	0	1
HYAL2	ENSG00000068001	ENST00000415028	protein_coding	0	0	0	1	0	0	0	0	0	0	0	0	0	0	0	0	0	0	0	0	0	0	0	0	0	0	1
HYAL2	ENSG00000068001	ENST00000428028	protein_coding	0	0	0	1	0	0	0	0	0	0	0	0	0	0	0	0	0	0	0	0	0	0	0	0	0	0	1
HYAL2	ENSG00000068001	ENST00000442581	protein_coding	0	0	0	1	0	0	0	0	0	0	0	0	0	0	0	0	0	0	0	0	0	0	0	0	0	0	1
HYAL2	ENSG00000068001	ENST00000447092	protein_coding	0	0	0	1	0	0	0	0	0	0	0	0	0	0	0	0	0	0	0	0	0	0	0	0	0	0	1
HYAL2	ENSG00000068001	ENST00000458018	protein_coding	0	0	0	1	0	0	0	0	0	0	0	0	0	0	0	0	0	0	0	0	0	0	0	0	0	0	1
HYAL2	ENSG00000068001	ENST00000481597	retained_intron	0	0	0	1	0	0	0	0	0	0	0	0	0	0	0	0	0	0	0	0	0	0	0	0	0	0	1
IFFO1	ENSG00000010295	ENST00000336604	protein_coding	0	0	0	1	0	0	0	0	0	0	0	0	0	0	0	1	0	0	0	0	0	0	0	0	0	0	0
IFFO1	ENSG00000010295	ENST00000356896	protein_coding	0	0	0	1	0	0	0	0	0	0	0	0	0	0	0	1	0	0	0	0	0	0	0	0	0	0	0
IFFO1	ENSG00000010295	ENST00000396830	retained_intron	0	0	0	1	0	0	0	0	0	0	0	0	0	0	0	0	0	0	0	0	0	0	0	0	0	0	1
IFFO1	ENSG00000010295	ENST00000396840	protein_coding	0	0	0	1	0	0	0	0	0	0	0	0	0	0	0	1	0	0	0	0	0	0	0	0	0	0	0
IFFO1	ENSG00000010295	ENST00000436152	protein_coding	0	0	0	1	0	0	0	0	0	0	0	0	0	0	0	0	0	0	0	0	0	0	0	0	0	0	1
IFFO1	ENSG00000010295	ENST00000465801	protein_coding	0	0	0	1	0	0	0	0	0	0	0	0	0	0	0	0	0	0	0	0	0	0	0	0	0	0	1
IFFO1	ENSG00000010295	ENST00000471408	retained_intron	0	0	0	1	0	0	0	0	0	0	0	0	0	0	0	0	0	0	0	0	0	0	0	0	0	0	1
IFFO1	ENSG00000010295	ENST00000472558	retained_intron	0	0	0	1	0	0	0	0	0	0	0	0	0	0	0	0	0	0	0	0	0	0	0	0	0	0	1
IFFO1	ENSG00000010295	ENST00000487279	nonsense_mediated_decay	0	0	0	1	0	0	0	0	0	0	0	0	0	0	0	1	0	0	0	0	0	0	0	0	0	0	0
IFFO1	ENSG00000010295	ENST00000488007	retained_intron	0	0	0	1	0	0	0	0	0	0	0	0	0	0	0	1	0	0	0	0	0	0	0	0	0	0	0
IFFO1	ENSG00000010295	ENST00000615885	protein_coding	0	0	0	1	0	0	0	0	0	0	0	0	0	0	0	1	0	0	0	0	0	0	0	0	0	0	0
IFFO1	ENSG00000010295	ENST00000619571	protein_coding	0	0	0	1	0	0	0	0	0	0	0	0	0	0	0	1	0	0	0	0	0	0	0	0	0	0	0
IFIT5	ENSG00000152778	ENST00000371795	protein_coding	0	0	0	1	1	0	0	0	0	0	0	0	0	0	0	0	0	0	0	0	0	0	0	0	0	0	0
IFT122	ENSG00000163913	ENST00000296266	protein_coding	0	0	1	0	0	0	0	0	0	0	0	0	0	0	0	0	1	0	0	0	0	0	0	0	0	0	0
IFT122	ENSG00000163913	ENST00000347300	protein_coding	0	0	1	0	0	0	0	0	0	0	0	0	0	0	0	0	1	0	0	0	0	0	0	0	0	0	0
IFT122	ENSG00000163913	ENST00000348417	protein_coding	0	0	1	0	0	0	0	0	0	0	0	0	0	0	0	0	1	0	0	0	0	0	0	0	0	0	0
IFT122	ENSG00000163913	ENST00000349441	protein_coding	0	0	1	0	0	0	0	0	0	0	0	0	0	0	0	0	1	0	0	0	0	0	0	0	0	0	0
IFT122	ENSG00000163913	ENST00000431818	protein_coding	0	1	0	1	0	1	0	1	0	0	0	0	0	0	0	0	0	0	0	0	0	0	0	0	0	0	0
IFT122	ENSG00000163913	ENST00000440957	protein_coding	0	1	0	1	0	1	0	1	0	0	0	0	0	0	0	0	0	0	0	0	0	0	0	0	0	0	0
IFT122	ENSG00000163913	ENST00000504021	protein_coding	0	0	1	0	0	0	0	0	0	0	0	0	0	0	0	0	1	0	0	0	0	0	0	0	0	0	0
IFT122	ENSG00000163913	ENST00000507564	protein_coding	0	0	1	0	0	0	0	0	0	0	0	0	0	0	0	0	1	0	0	0	0	0	0	0	0	0	0
IFT122	ENSG00000163913	ENST00000512220	nonsense_mediated_decay	0	0	0	1	0	0	0	0	0	0	0	0	0	0	0	0	0	1	0	0	0	0	0	0	0	0	0
IL12A-AS1	ENSG00000244040	ENST00000497452		0	0	0	1	0	0	0	0	0	0	0	0	0	0	0	1	0	0	0	0	0	0	0	0	0	0	0
IL15RA	ENSG00000134470	ENST00000379971	protein_coding	0	0	0	1	0	0	0	0	0	0	0	0	0	0	0	1	0	0	0	0	0	0	0	0	0	0	0
IL15RA	ENSG00000134470	ENST00000379972	processed_transcript	0	0	0	1	0	0	0	0	0	0	0	0	0	0	0	1	0	0	0	0	0	0	0	0	0	0	0
IL15RA	ENSG00000134470	ENST00000379974	processed_transcript	0	0	0	1	0	0	0	0	0	0	0	0	0	0	0	1	0	0	0	0	0	0	0	0	0	0	0
IL15RA	ENSG00000134470	ENST00000379977	protein_coding	0	0	0	1	0	0	0	0	0	0	0	0	0	0	0	1	0	0	0	0	0	0	0	0	0	0	0
IL15RA	ENSG00000134470	ENST00000397246	protein_coding	0	0	0	1	0	0	0	0	0	0	0	0	0	0	0	1	0	0	0	0	0	0	0	0	0	0	0
IL15RA	ENSG00000134470	ENST00000397248	protein_coding	0	0	0	1	0	0	0	0	0	0	0	0	0	0	0	1	0	0	0	0	0	0	0	0	0	0	0
IL15RA	ENSG00000134470	ENST00000397250	protein_coding	0	0	0	1	0	0	0	0	0	0	0	0	0	0	0	1	0	0	0	0	0	0	0	0	0	0	0
IL15RA	ENSG00000134470	ENST00000397251	protein_coding	0	0	0	1	0	0	0	0	0	0	0	0	0	0	0	1	0	0	0	0	0	0	0	0	0	0	0
IL15RA	ENSG00000134470	ENST00000397255	protein_coding	0	0	0	1	0	0	0	0	0	0	0	0	0	0	0	1	0	0	0	0	0	0	0	0	0	0	0
IL15RA	ENSG00000134470	ENST00000429135	protein_coding	0	0	0	1	0	0	0	0	0	0	0	0	1	0	0	0	0	0	0	0	0	0	0	0	0	0	0
IL15RA	ENSG00000134470	ENST00000435171	protein_coding	0	0	0	1	0	0	0	0	0	0	0	0	0	0	0	1	0	0	0	0	0	0	0	0	0	0	0
IL15RA	ENSG00000134470	ENST00000447291	protein_coding	0	0	0	1	0	0	0	0	0	0	0	0	0	0	0	1	0	0	0	0	0	0	0	0	0	0	0
IL15RA	ENSG00000134470	ENST00000453922	protein_coding	0	0	0	1	0	0	0	0	0	0	0	0	1	0	0	0	0	0	0	0	0	0	0	0	0	0	0
IL15RA	ENSG00000134470	ENST00000525219	protein_coding	0	0	0	1	0	0	0	0	0	0	0	0	0	0	0	1	0	0	0	0	0	0	0	0	0	0	0
IL15RA	ENSG00000134470	ENST00000528354	protein_coding	0	0	0	1	0	0	0	0	0	0	0	0	0	0	0	1	0	0	0	0	0	0	0	0	0	0	0
IL15RA	ENSG00000134470	ENST00000530685	protein_coding	0	0	0	1	0	0	0	0	0	0	0	0	0	0	0	1	0	0	0	0	0	0	0	0	0	0	0
IL15RA	ENSG00000134470	ENST00000532039	protein_coding	0	0	0	1	0	0	0	0	0	0	0	0	0	0	0	1	0	0	0	0	0	0	0	0	0	0	0
IL15RA	ENSG00000134470	ENST00000532948	processed_transcript	0	0	0	1	0	0	0	0	0	0	0	0	0	0	0	1	0	0	0	0	0	0	0	0	0	0	0
IL15RA	ENSG00000134470	ENST00000534292	processed_transcript	0	0	0	1	0	0	0	0	0	0	0	0	0	0	0	1	0	0	0	0	0	0	0	0	0	0	0
IL15RA	ENSG00000134470	ENST00000620345	protein_coding	0	0	0	1	0	0	0	0	0	0	0	0	0	0	0	1	0	0	0	0	0	0	0	0	0	0	0
IL15RA	ENSG00000134470	ENST00000620865	protein_coding	0	0	0	1	0	0	0	0	0	0	0	0	1	0	0	0	0	0	0	0	0	0	0	0	0	0	0
IL15RA	ENSG00000134470	ENST00000622442	protein_coding	0	0	0	1	0	0	0	0	0	0	0	0	0	0	0	1	0	0	0	0	0	0	0	0	0	0	0
IL17RC	ENSG00000163702	ENST00000295981	protein_coding	0	0	0	2	0	0	0	0	0	0	0	0	0	0	0	2	0	0	0	0	0	0	0	0	0	0	0
IL17RC	ENSG00000163702	ENST00000383812	protein_coding	0	0	0	2	0	0	0	0	0	0	0	0	0	0	0	2	0	0	0	0	0	0	0	0	0	0	0
IL17RC	ENSG00000163702	ENST00000403601	protein_coding	0	0	0	2	0	0	0	0	0	0	0	0	0	0	0	2	0	0	0	0	0	0	0	0	0	0	0
IL17RC	ENSG00000163702	ENST00000412901	nonsense_mediated_decay	0	0	0	2	0	0	0	0	0	0	0	0	1	0	0	1	0	0	0	0	0	0	0	0	0	0	0
IL17RC	ENSG00000163702	ENST00000413608	protein_coding	0	0	0	2	0	0	0	0	0	0	0	0	0	0	0	2	0	0	0	0	0	0	0	0	0	0	0
IL17RC	ENSG00000163702	ENST00000416074	protein_coding	0	0	0	2	0	0	0	0	0	0	0	0	0	0	0	2	0	0	0	0	0	0	0	0	0	0	0
IL17RC	ENSG00000163702	ENST00000424206	nonsense_mediated_decay	0	0	0	1	0	0	0	0	0	0	0	0	0	0	0	1	0	0	0	0	0	0	0	0	0	0	0
IL17RC	ENSG00000163702	ENST00000434756	nonsense_mediated_decay	0	0	0	2	0	0	0	0	0	0	0	0	1	0	0	1	0	0	0	0	0	0	0	0	0	0	0
IL17RC	ENSG00000163702	ENST00000436503	protein_coding	0	0	0	2	0	0	0	0	0	0	0	0	0	0	0	2	0	0	0	0	0	0	0	0	0	0	0
IL17RC	ENSG00000163702	ENST00000438091	protein_coding	0	0	0	2	0	0	0	0	0	0	0	0	1	0	0	1	0	0	0	0	0	0	0	0	0	0	0
IL17RC	ENSG00000163702	ENST00000440502	nonsense_mediated_decay	0	0	0	1	0	0	0	0	0	0	0	0	0	0	0	1	0	0	0	0	0	0	0	0	0	0	0
IL17RC	ENSG00000163702	ENST00000451165	protein_coding	0	0	0	1	0	0	0	0	0	0	0	0	0	0	0	1	0	0	0	0	0	0	0	0	0	0	0
IL17RC	ENSG00000163702	ENST00000451231	nonsense_mediated_decay	0	0	0	2	0	0	0	0	0	0	0	0	0	0	0	2	0	0	0	0	0	0	0	0	0	0	0
IL17RC	ENSG00000163702	ENST00000451271	nonsense_mediated_decay	0	0	0	2	0	0	0	0	0	0	0	0	0	0	0	2	0	0	0	0	0	0	0	0	0	0	0
IL17RC	ENSG00000163702	ENST00000455057	protein_coding	0	0	0	2	0	0	0	0	0	0	0	0	0	0	0	2	0	0	0	0	0	0	0	0	0	0	0
IL17RC	ENSG00000163702	ENST00000461995	retained_intron	0	0	0	1	0	0	0	0	0	0	0	0	0	0	0	1	0	0	0	0	0	0	0	0	0	0	0
IL17RC	ENSG00000163702	ENST00000464406	retained_intron	0	0	0	1	0	0	0	0	0	0	0	0	0	0	0	1	0	0	0	0	0	0	0	0	0	0	0
IL17RC	ENSG00000163702	ENST00000465794	retained_intron	0	0	0	1	0	0	0	0	0	0	0	0	0	0	0	0	0	0	0	0	0	0	0	0	0	0	1
IL17RC	ENSG00000163702	ENST00000466046	retained_intron	0	0	0	2	0	0	0	0	0	0	0	0	0	0	0	2	0	0	0	0	0	0	0	0	0	0	0
IL17RC	ENSG00000163702	ENST00000466712	retained_intron	0	0	0	1	0	0	0	0	0	0	0	0	0	0	0	0	0	0	0	0	0	0	0	0	0	0	1
IL17RC	ENSG00000163702	ENST00000469686	retained_intron	0	0	0	1	0	0	0	0	0	0	0	0	1	0	0	0	0	0	0	0	0	0	0	0	0	0	0
IL17RC	ENSG00000163702	ENST00000476810	nonsense_mediated_decay	0	0	0	1	0	0	0	0	0	0	0	0	0	0	0	1	0	0	0	0	0	0	0	0	0	0	0
IL17RC	ENSG00000163702	ENST00000478206	retained_intron	0	0	0	1	0	0	0	0	0	0	0	0	0	0	0	0	0	0	0	0	0	0	0	0	0	0	1
IL17RC	ENSG00000163702	ENST00000481032	retained_intron	0	0	0	1	0	0	0	0	0	0	0	0	1	0	0	0	0	0	0	0	0	0	0	0	0	0	0
IL17RC	ENSG00000163702	ENST00000483582	retained_intron	0	0	0	2	0	0	0	0	0	0	0	0	0	0	0	2	0	0	0	0	0	0	0	0	0	0	0
IL17RC	ENSG00000163702	ENST00000490512	retained_intron	0	0	0	1	0	0	0	0	0	0	0	0	0	0	0	1	0	0	0	0	0	0	0	0	0	0	0
IL17RC	ENSG00000163702	ENST00000494365	retained_intron	0	0	0	2	0	0	0	0	0	0	0	0	0	0	0	2	0	0	0	0	0	0	0	0	0	0	0
IL17RC	ENSG00000163702	ENST00000497102	retained_intron	0	0	0	1	0	0	0	0	0	0	0	0	1	0	0	0	0	0	0	0	0	0	0	0	0	0	0
IL17RC	ENSG00000163702	ENST00000497387	retained_intron	0	0	0	1	0	0	0	0	0	0	0	0	0	0	0	1	0	0	0	0	0	0	0	0	0	0	0
IL17RC	ENSG00000163702	ENST00000498214	nonsense_mediated_decay	0	0	0	2	0	0	0	0	0	0	0	0	0	0	0	2	0	0	0	0	0	0	0	0	0	0	0
IL17RE	ENSG00000163701	ENST00000383814	protein_coding	0	0	0	1	0	0	0	0	0	0	0	0	1	0	0	0	0	0	0	0	0	0	0	0	0	0	0
IL17RE	ENSG00000163701	ENST00000383815	nonsense_mediated_decay	0	0	0	1	0	0	0	0	0	0	0	0	1	0	0	0	0	0	0	0	0	0	0	0	0	0	0
IL17RE	ENSG00000163701	ENST00000421412	protein_coding	0	0	0	1	0	0	0	0	0	0	0	0	1	0	0	0	0	0	0	0	0	0	0	0	0	0	0
IL17RE	ENSG00000163701	ENST00000434065	nonsense_mediated_decay	0	0	0	1	0	0	0	0	0	0	0	0	1	0	0	0	0	0	0	0	0	0	0	0	0	0	0
IL17RE	ENSG00000163701	ENST00000454190	protein_coding	0	0	0	1	0	0	0	0	0	0	0	0	1	0	0	0	0	0	0	0	0	0	0	0	0	0	0
IL1RAP	ENSG00000196083	ENST00000317757	protein_coding	0	0	0	1	1	0	0	0	0	0	0	0	0	0	0	0	0	0	0	0	0	0	0	0	0	0	0
IL1RAP	ENSG00000196083	ENST00000443369	protein_coding	0	0	0	1	0	0	0	0	0	0	0	0	1	0	0	0	0	0	0	0	0	0	0	0	0	0	0
IMMP2L	ENSG00000184903	ENST00000331762	protein_coding	0	0	0	1	0	0	0	0	0	0	0	0	0	0	0	1	0	0	0	0	0	0	0	0	0	0	0
IMMP2L	ENSG00000184903	ENST00000405709	protein_coding	0	0	0	1	0	0	0	0	0	0	0	0	0	0	0	1	0	0	0	0	0	0	0	0	0	0	0
IMMP2L	ENSG00000184903	ENST00000447215	protein_coding	0	0	0	1	0	0	0	0	0	0	0	0	0	0	0	1	0	0	0	0	0	0	0	0	0	0	0
IMMP2L	ENSG00000184903	ENST00000450877	protein_coding	0	0	0	1	0	0	0	0	0	0	0	0	0	0	0	0	0	0	0	0	0	0	0	0	0	0	1
IMMP2L	ENSG00000184903	ENST00000452895	protein_coding	0	0	0	1	0	0	0	0	0	0	0	0	0	0	0	1	0	0	0	0	0	0	0	0	0	0	0
IMMP2L	ENSG00000184903	ENST00000489381	processed_transcript	0	0	0	1	0	0	0	0	0	0	0	0	0	0	0	0	0	0	0	0	0	0	0	0	0	0	1
IMPDH1	ENSG00000106348	ENST00000338791	protein_coding	0	1	0	0	0	0	0	0	0	0	0	0	0	0	0	0	0	0	0	0	0	0	0	0	0	1	0
IMPDH1	ENSG00000106348	ENST00000348127	protein_coding	0	1	0	0	0	0	0	0	0	0	0	0	0	0	0	0	0	0	0	0	0	0	0	0	0	1	0
IMPDH1	ENSG00000106348	ENST00000354269	protein_coding	0	1	0	0	0	0	0	0	0	0	0	0	0	0	0	0	0	0	0	0	0	0	0	0	0	1	0
IMPDH1	ENSG00000106348	ENST00000419067	protein_coding	0	1	0	0	0	0	0	0	0	0	0	0	0	0	0	0	0	0	0	0	0	0	0	0	0	1	0
IMPDH1	ENSG00000106348	ENST00000460045	retained_intron	0	0	0	1	0	0	0	0	0	0	0	0	0	0	0	0	0	0	0	0	0	0	0	0	0	0	1
IMPDH1	ENSG00000106348	ENST00000468842	retained_intron	0	0	0	1	0	0	0	0	0	0	0	0	1	0	0	0	0	0	0	0	0	0	0	0	0	0	0
IMPDH1	ENSG00000106348	ENST00000469328	nonsense_mediated_decay	0	0	0	2	1	0	0	0	0	0	0	0	0	0	0	0	0	1	0	0	0	0	0	0	0	0	0
IMPDH1	ENSG00000106348	ENST00000470772	protein_coding	0	1	0	0	0	0	0	0	0	0	0	0	0	0	0	0	0	0	0	0	0	0	0	0	0	1	0
IMPDH1	ENSG00000106348	ENST00000480861	protein_coding	0	1	0	0	0	0	0	0	0	0	0	0	0	0	0	0	0	0	0	0	0	0	0	0	0	1	0
IMPDH1	ENSG00000106348	ENST00000484496	nonsense_mediated_decay	0	0	0	2	1	0	0	0	0	0	0	0	0	0	0	0	0	1	0	0	0	0	0	0	0	0	0
IMPDH1	ENSG00000106348	ENST00000489263	protein_coding	0	0	0	1	0	0	0	0	0	0	0	0	1	0	0	0	0	0	0	0	0	0	0	0	0	0	0
IMPDH1	ENSG00000106348	ENST00000496200	protein_coding	0	1	0	0	0	0	0	0	0	0	0	0	0	0	0	0	0	0	0	0	0	0	0	0	0	1	0
IMPDH1	ENSG00000106348	ENST00000497868	protein_coding	0	0	0	1	0	0	0	0	0	0	0	0	1	0	0	0	0	0	0	0	0	0	0	0	0	0	0
IMPDH1	ENSG00000106348	ENST00000626419	protein_coding	0	1	0	0	0	0	0	0	0	0	0	0	0	0	0	0	0	0	0	0	0	0	0	0	0	1	0
IMPDH1	ENSG00000106348	ENST00000648462	protein_coding	0	1	0	0	0	0	0	0	0	0	0	0	0	0	0	0	0	0	0	0	0	0	0	0	0	1	0
IMPDH1P3	ENSG00000214815	ENST00000399037	processed_pseudogene	0	0	0	1	0	0	0	0	0	0	0	0	0	0	0	0	0	1	0	0	0	0	0	0	0	0	0
ING3	ENSG00000071243	ENST00000315870	protein_coding	0	0	0	1	0	0	0	0	0	0	0	0	0	0	0	1	0	0	0	0	0	0	0	0	0	0	0
ING3	ENSG00000071243	ENST00000339121	protein_coding	0	0	0	1	1	0	0	0	0	0	0	0	0	0	0	0	0	0	0	0	0	0	0	0	0	0	0
ING3	ENSG00000071243	ENST00000427726	nonsense_mediated_decay	0	0	0	1	0	0	0	0	0	0	0	0	0	0	0	1	0	0	0	0	0	0	0	0	0	0	0
ING3	ENSG00000071243	ENST00000431467	protein_coding	0	0	0	1	0	0	0	0	0	0	0	0	0	0	0	1	0	0	0	0	0	0	0	0	0	0	0
ING3	ENSG00000071243	ENST00000445699	protein_coding	0	0	0	1	1	0	0	0	0	0	0	0	0	0	0	0	0	0	0	0	0	0	0	0	0	0	0
INPP5K	ENSG00000132376	ENST00000320345	protein_coding	0	0	0	1	0	0	0	0	0	0	0	0	0	0	0	1	0	0	0	0	0	0	0	0	0	0	0
INPP5K	ENSG00000132376	ENST00000350761	nonsense_mediated_decay	0	0	0	1	0	0	0	0	0	0	0	0	0	0	0	1	0	0	0	0	0	0	0	0	0	0	0
INPP5K	ENSG00000132376	ENST00000406424	protein_coding	0	0	0	1	0	0	0	1	0	0	0	0	0	0	0	0	0	0	0	0	0	0	0	0	0	0	0
INPP5K	ENSG00000132376	ENST00000421807	protein_coding	0	0	0	1	0	0	0	0	0	0	0	0	0	0	0	1	0	0	0	0	0	0	0	0	0	0	0
INPP5K	ENSG00000132376	ENST00000445774	nonsense_mediated_decay	0	0	0	1	0	0	0	0	0	0	0	0	0	0	0	1	0	0	0	0	0	0	0	0	0	0	0
INPP5K	ENSG00000132376	ENST00000449479	protein_coding	0	0	0	1	0	0	0	0	0	0	0	0	0	0	0	1	0	0	0	0	0	0	0	0	0	0	0
INPP5K	ENSG00000132376	ENST00000460733	retained_intron	0	0	0	1	0	0	0	0	0	0	0	0	0	0	0	0	0	0	0	0	0	0	0	0	0	0	1
INPP5K	ENSG00000132376	ENST00000477910	protein_coding	0	0	0	1	0	0	0	0	0	0	0	0	0	0	0	1	0	0	0	0	0	0	0	0	0	0	0
INPP5K	ENSG00000132376	ENST00000498390	protein_coding	0	0	0	1	0	0	0	0	0	0	0	0	0	0	0	1	0	0	0	0	0	0	0	0	0	0	0
INPP5K	ENSG00000132376	ENST00000571274	protein_coding	0	0	0	1	0	0	0	0	0	0	0	0	0	0	0	1	0	0	0	0	0	0	0	0	0	0	0
INPP5K	ENSG00000132376	ENST00000573790	nonsense_mediated_decay	0	0	0	1	0	0	0	0	0	0	0	0	0	0	0	1	0	0	0	0	0	0	0	0	0	0	0
INPP5K	ENSG00000132376	ENST00000574561	protein_coding	0	0	0	1	0	0	0	0	0	0	0	0	0	0	0	1	0	0	0	0	0	0	0	0	0	0	0
INPP5K	ENSG00000132376	ENST00000574955	nonsense_mediated_decay	0	0	0	1	0	0	0	0	0	0	0	0	0	0	0	0	0	1	0	0	0	0	0	0	0	0	0
INPP5K	ENSG00000132376	ENST00000575172	protein_coding	0	0	0	1	0	0	0	0	0	0	0	0	0	0	0	1	0	0	0	0	0	0	0	0	0	0	0
INPP5K	ENSG00000132376	ENST00000576646	nonsense_mediated_decay	0	0	0	1	0	0	0	0	0	0	0	0	0	0	0	0	0	0	0	0	0	0	0	0	0	0	1
INTS6-AS1	ENSG00000236778	ENST00000434512		0	0	0	1	0	0	0	0	0	0	0	0	0	0	0	1	0	0	0	0	0	0	0	0	0	0	0
INTS6-AS1	ENSG00000236778	ENST00000593429		0	0	0	1	0	0	0	0	0	0	0	0	0	0	0	1	0	0	0	0	0	0	0	0	0	0	0
INTS6-AS1	ENSG00000236778	ENST00000593672		0	0	0	1	0	0	0	0	0	0	0	0	0	0	0	1	0	0	0	0	0	0	0	0	0	0	0
INTS6-AS1	ENSG00000236778	ENST00000593709		0	0	0	1	0	0	0	0	0	0	0	0	0	0	0	1	0	0	0	0	0	0	0	0	0	0	0
INTS6-AS1	ENSG00000236778	ENST00000593928		0	0	0	1	0	0	0	0	0	0	0	0	0	0	0	1	0	0	0	0	0	0	0	0	0	0	0
INTS6-AS1	ENSG00000236778	ENST00000594358		0	0	0	1	0	0	0	0	0	0	0	0	0	0	0	1	0	0	0	0	0	0	0	0	0	0	0
INTS6-AS1	ENSG00000236778	ENST00000594488		0	0	0	1	0	0	0	0	0	0	0	0	0	0	0	1	0	0	0	0	0	0	0	0	0	0	0
INTS6-AS1	ENSG00000236778	ENST00000594604		0	0	0	1	0	0	0	0	0	0	0	0	0	0	0	1	0	0	0	0	0	0	0	0	0	0	0
INTS6-AS1	ENSG00000236778	ENST00000594959		0	0	0	1	0	0	0	0	0	0	0	0	0	0	0	1	0	0	0	0	0	0	0	0	0	0	0
INTS6-AS1	ENSG00000236778	ENST00000595424		0	0	0	1	0	0	0	0	0	0	0	0	0	0	0	1	0	0	0	0	0	0	0	0	0	0	0
INTS6-AS1	ENSG00000236778	ENST00000595435		0	0	0	1	0	0	0	0	0	0	0	0	0	0	0	1	0	0	0	0	0	0	0	0	0	0	0
INTS6-AS1	ENSG00000236778	ENST00000595997		0	0	0	1	0	0	0	0	0	0	0	0	0	0	0	1	0	0	0	0	0	0	0	0	0	0	0
INTS6-AS1	ENSG00000236778	ENST00000596050		0	0	0	1	0	0	0	0	0	0	0	0	0	0	0	1	0	0	0	0	0	0	0	0	0	0	0
INTS6-AS1	ENSG00000236778	ENST00000596180		0	0	0	1	0	0	0	0	0	0	0	0	0	0	0	1	0	0	0	0	0	0	0	0	0	0	0
INTS6-AS1	ENSG00000236778	ENST00000596303		0	0	0	1	0	0	0	0	0	0	0	0	0	0	0	1	0	0	0	0	0	0	0	0	0	0	0
INTS6-AS1	ENSG00000236778	ENST00000597745		0	0	0	1	0	0	0	0	0	0	0	0	0	0	0	1	0	0	0	0	0	0	0	0	0	0	0
INTS6-AS1	ENSG00000236778	ENST00000598864		0	0	0	1	0	0	0	0	0	0	0	0	0	0	0	1	0	0	0	0	0	0	0	0	0	0	0
INTS6-AS1	ENSG00000236778	ENST00000599315		0	0	0	1	0	0	0	0	0	0	0	0	0	0	0	1	0	0	0	0	0	0	0	0	0	0	0
INTS6-AS1	ENSG00000236778	ENST00000600477		0	0	0	1	0	0	0	0	0	0	0	0	0	0	0	1	0	0	0	0	0	0	0	0	0	0	0
INTS6-AS1	ENSG00000236778	ENST00000601034		0	0	0	1	0	0	0	0	0	0	0	0	0	0	0	1	0	0	0	0	0	0	0	0	0	0	0
INTS6-AS1	ENSG00000236778	ENST00000601318		0	0	0	1	0	0	0	0	0	0	0	0	0	0	0	1	0	0	0	0	0	0	0	0	0	0	0
INTS6-AS1	ENSG00000236778	ENST00000601572		0	0	0	1	0	0	0	0	0	0	0	0	0	0	0	1	0	0	0	0	0	0	0	0	0	0	0
INTS6-AS1	ENSG00000236778	ENST00000602089		0	0	0	1	0	0	0	0	0	0	0	0	0	0	0	1	0	0	0	0	0	0	0	0	0	0	0
INTS6-AS1	ENSG00000236778	ENST00000610618		0	0	0	1	0	0	0	0	0	0	0	0	1	0	0	0	0	0	0	0	0	0	0	0	0	0	0
INTS6-AS1	ENSG00000236778	ENST00000626895		0	0	0	1	0	0	0	0	0	0	0	0	0	0	0	1	0	0	0	0	0	0	0	0	0	0	0
INTS6-AS1	ENSG00000236778	ENST00000629988		0	0	0	1	0	0	0	0	0	0	0	0	0	0	0	1	0	0	0	0	0	0	0	0	0	0	0
INTS6-AS1	ENSG00000236778	ENST00000657609		0	0	0	1	0	0	0	0	0	0	0	0	0	0	0	1	0	0	0	0	0	0	0	0	0	0	0
INTS6-AS1	ENSG00000236778	ENST00000665862		0	0	0	1	0	0	0	0	0	0	0	0	0	0	0	1	0	0	0	0	0	0	0	0	0	0	0
IQCB1	ENSG00000173226	ENST00000310864	protein_coding	0	1	2	0	0	0	0	0	0	0	0	0	0	0	0	0	2	0	0	0	0	0	0	0	0	1	0
IQCB1	ENSG00000173226	ENST00000349820	protein_coding	0	1	2	0	0	0	0	0	0	0	0	0	0	0	0	0	2	0	0	0	0	0	0	0	0	1	0
IQCB1	ENSG00000173226	ENST00000393650	nonsense_mediated_decay	0	0	0	3	0	0	0	0	0	0	0	0	0	0	0	0	0	3	0	0	0	0	0	0	0	0	0
IQCB1	ENSG00000173226	ENST00000460108	protein_coding	0	0	0	3	0	0	0	3	0	0	0	0	0	0	0	0	0	0	0	0	0	0	0	0	0	0	0
IQCB1	ENSG00000173226	ENST00000498104	protein_coding	0	0	0	3	0	0	0	2	0	0	0	0	0	0	0	1	0	0	0	0	0	0	0	0	0	0	0
ITFG2	ENSG00000111203	ENST00000228799	protein_coding	0	0	0	2	2	0	0	0	0	0	0	0	0	0	0	0	0	0	0	0	0	0	0	0	0	0	0
ITFG2	ENSG00000111203	ENST00000534935	nonsense_mediated_decay	0	0	0	2	0	0	0	0	0	0	0	0	0	0	0	2	0	0	0	0	0	0	0	0	0	0	0
ITFG2	ENSG00000111203	ENST00000535564	processed_transcript	0	0	0	2	0	0	0	0	0	0	0	0	0	0	0	0	0	2	0	0	0	0	0	0	0	0	0
ITFG2	ENSG00000111203	ENST00000537183	retained_intron	0	0	0	2	0	0	0	0	0	0	0	0	2	0	0	0	0	0	0	0	0	0	0	0	0	0	0
ITFG2	ENSG00000111203	ENST00000537851	nonsense_mediated_decay	0	0	0	2	0	0	0	0	0	0	0	0	2	0	0	0	0	0	0	0	0	0	0	0	0	0	0
ITFG2	ENSG00000111203	ENST00000538822	nonsense_mediated_decay	0	0	0	2	0	0	0	0	0	0	0	0	0	0	0	2	0	0	0	0	0	0	0	0	0	0	0
ITFG2	ENSG00000111203	ENST00000540662	protein_coding	0	0	0	2	0	0	0	0	0	0	0	0	2	0	0	0	0	0	0	0	0	0	0	0	0	0	0
ITFG2	ENSG00000111203	ENST00000540929	nonsense_mediated_decay	0	0	0	2	0	0	0	0	0	0	0	0	0	0	0	2	0	0	0	0	0	0	0	0	0	0	0
ITFG2	ENSG00000111203	ENST00000643039	processed_transcript	0	0	0	2	0	0	0	0	0	0	0	0	0	0	0	2	0	0	0	0	0	0	0	0	0	0	0
ITFG2	ENSG00000111203	ENST00000644123	nonsense_mediated_decay	0	0	0	2	0	0	0	0	0	0	0	0	0	0	0	2	0	0	0	0	0	0	0	0	0	0	0
ITFG2	ENSG00000111203	ENST00000644517	nonsense_mediated_decay	0	0	0	2	0	0	0	0	0	0	0	0	0	0	0	2	0	0	0	0	0	0	0	0	0	0	0
ITFG2	ENSG00000111203	ENST00000645513	processed_transcript	0	0	0	2	0	0	0	0	0	0	0	0	0	0	0	2	0	0	0	0	0	0	0	0	0	0	0
ITFG2-AS1	ENSG00000256150	ENST00000540093		0	0	0	3	0	0	0	0	0	0	0	0	0	0	0	3	0	0	0	0	0	0	0	0	0	0	0
ITFG2-AS1	ENSG00000258325	ENST00000547794		0	0	0	3	0	0	0	0	0	0	0	0	3	0	0	0	0	0	0	0	0	0	0	0	0	0	0
ITFG2-AS1	ENSG00000258325	ENST00000547834		0	0	0	3	0	0	0	0	0	0	0	0	0	0	0	3	0	0	0	0	0	0	0	0	0	0	0
ITFG2-AS1	ENSG00000258325	ENST00000552469		0	0	0	3	0	0	0	0	0	0	0	0	3	0	0	0	0	0	0	0	0	0	0	0	0	0	0
ITGA9	ENSG00000144668	ENST00000264741	protein_coding	1	0	0	0	0	0	0	0	0	0	0	0	0	0	0	0	0	0	0	0	0	0	0	0	1	0	0
ITGA9	ENSG00000144668	ENST00000411817	protein_coding	1	0	0	0	0	0	0	0	0	0	0	0	0	0	0	0	0	0	0	0	0	0	0	0	1	0	0
ITGA9-AS1	ENSG00000235257	ENST00000366441		0	0	0	1	0	0	0	0	0	0	0	0	0	0	0	1	0	0	0	0	0	0	0	0	0	0	0
ITGA9-AS1	ENSG00000235257	ENST00000420870		0	0	0	1	0	0	0	0	0	0	0	0	0	0	0	1	0	0	0	0	0	0	0	0	0	0	0
ITGA9-AS1	ENSG00000235257	ENST00000429532		0	0	0	1	0	0	0	0	0	0	0	0	0	0	0	1	0	0	0	0	0	0	0	0	0	0	0
ITGA9-AS1	ENSG00000235257	ENST00000430620		0	0	0	1	0	0	0	0	0	0	0	0	0	0	0	1	0	0	0	0	0	0	0	0	0	0	0
ITGA9-AS1	ENSG00000235257	ENST00000438136		0	0	0	1	0	0	0	0	0	0	0	0	0	0	0	1	0	0	0	0	0	0	0	0	0	0	0
ITGA9-AS1	ENSG00000235257	ENST00000439246	retained_intron	0	0	0	1	0	0	0	0	0	0	0	0	0	0	0	1	0	0	0	0	0	0	0	0	0	0	0
ITGA9-AS1	ENSG00000235257	ENST00000445429		0	0	0	1	0	0	0	0	0	0	0	0	0	0	0	1	0	0	0	0	0	0	0	0	0	0	0
ITGA9-AS1	ENSG00000235257	ENST00000450990		0	0	0	1	0	0	0	0	0	0	0	0	0	0	0	1	0	0	0	0	0	0	0	0	0	0	0
ITGA9-AS1	ENSG00000235257	ENST00000457661		0	0	0	1	0	0	0	0	0	0	0	0	0	0	0	1	0	0	0	0	0	0	0	0	0	0	0
ITGA9-AS1	ENSG00000235257	ENST00000594579		0	0	0	1	0	0	0	0	0	0	0	0	1	0	0	0	0	0	0	0	0	0	0	0	0	0	0
ITGA9-AS1	ENSG00000235257	ENST00000608505		0	0	0	1	0	0	0	0	0	0	0	0	0	0	0	1	0	0	0	0	0	0	0	0	0	0	0
ITGA9-AS1	ENSG00000235257	ENST00000614028		0	0	0	1	0	0	0	0	0	0	0	0	0	0	0	1	0	0	0	0	0	0	0	0	0	0	0
ITGA9-AS1	ENSG00000235257	ENST00000626336		0	0	0	1	0	0	0	0	0	0	0	0	0	0	0	1	0	0	0	0	0	0	0	0	0	0	0
ITGA9-AS1	ENSG00000235257	ENST00000629314		0	0	0	1	0	0	0	0	0	0	0	0	0	0	0	1	0	0	0	0	0	0	0	0	0	0	0
ITGA9-AS1	ENSG00000235257	ENST00000630010		0	0	0	1	0	0	0	0	0	0	0	0	0	0	0	1	0	0	0	0	0	0	0	0	0	0	0
ITGA9-AS1	ENSG00000235257	ENST00000630589		0	0	0	1	0	0	0	0	0	0	0	0	0	0	0	1	0	0	0	0	0	0	0	0	0	0	0
ITGA9-AS1	ENSG00000235257	ENST00000630762		0	0	0	1	0	0	0	0	0	0	0	0	0	0	0	1	0	0	0	0	0	0	0	0	0	0	0
ITGA9-AS1	ENSG00000235257	ENST00000630986		0	0	0	1	0	0	0	0	0	0	0	0	0	0	0	1	0	0	0	0	0	0	0	0	0	0	0
ITGA9-AS1	ENSG00000235257	ENST00000653023		0	0	0	1	0	0	0	0	0	0	0	0	0	0	0	1	0	0	0	0	0	0	0	0	0	0	0
ITGA9-AS1	ENSG00000235257	ENST00000653285		0	0	0	1	0	0	0	0	0	0	0	0	0	0	0	1	0	0	0	0	0	0	0	0	0	0	0
ITGA9-AS1	ENSG00000235257	ENST00000653850		0	0	0	1	0	0	0	0	0	0	0	0	0	0	0	1	0	0	0	0	0	0	0	0	0	0	0
ITGA9-AS1	ENSG00000235257	ENST00000655095		0	0	0	1	0	0	0	0	0	0	0	0	0	0	0	1	0	0	0	0	0	0	0	0	0	0	0
ITGA9-AS1	ENSG00000235257	ENST00000657484		0	0	0	1	0	0	0	0	0	0	0	0	0	0	0	1	0	0	0	0	0	0	0	0	0	0	0
ITGA9-AS1	ENSG00000235257	ENST00000660349		0	0	0	1	0	0	0	0	0	0	0	0	0	0	0	1	0	0	0	0	0	0	0	0	0	0	0
ITGA9-AS1	ENSG00000235257	ENST00000660689		0	0	0	1	0	0	0	0	0	0	0	0	0	0	0	1	0	0	0	0	0	0	0	0	0	0	0
ITGA9-AS1	ENSG00000235257	ENST00000660790		0	0	0	1	0	0	0	0	0	0	0	0	0	0	0	1	0	0	0	0	0	0	0	0	0	0	0
ITGA9-AS1	ENSG00000235257	ENST00000660845		0	0	0	1	0	0	0	0	0	0	0	0	0	0	0	1	0	0	0	0	0	0	0	0	0	0	0
ITGA9-AS1	ENSG00000235257	ENST00000663533		0	0	0	1	0	0	0	0	0	0	0	0	0	0	0	1	0	0	0	0	0	0	0	0	0	0	0
ITGA9-AS1	ENSG00000235257	ENST00000663634		0	0	0	1	0	0	0	0	0	0	0	0	0	0	0	1	0	0	0	0	0	0	0	0	0	0	0
ITGA9-AS1	ENSG00000235257	ENST00000664002		0	0	0	1	0	0	0	0	0	0	0	0	0	0	0	1	0	0	0	0	0	0	0	0	0	0	0
ITGA9-AS1	ENSG00000235257	ENST00000666414		0	0	0	1	0	0	0	0	0	0	0	0	0	0	0	1	0	0	0	0	0	0	0	0	0	0	0
ITGA9-AS1	ENSG00000235257	ENST00000667507		0	0	0	1	0	0	0	0	0	0	0	0	0	0	0	1	0	0	0	0	0	0	0	0	0	0	0
ITGA9-AS1	ENSG00000235257	ENST00000670835		0	0	0	1	0	0	0	0	0	0	0	0	0	0	0	1	0	0	0	0	0	0	0	0	0	0	0
ITPR2	ENSG00000123104	ENST00000381340	protein_coding	0	0	0	1	0	0	0	0	0	0	0	0	0	0	0	1	0	0	0	0	0	0	0	0	0	0	0
ITPR2	ENSG00000123104	ENST00000451599	nonsense_mediated_decay	0	0	0	1	0	0	0	0	0	0	0	0	0	0	0	1	0	0	0	0	0	0	0	0	0	0	0
JAKMIP3	ENSG00000188385	ENST00000298622	protein_coding	0	0	1	0	0	0	0	0	0	0	0	0	0	0	0	0	1	0	0	0	0	0	0	0	0	0	0
JAKMIP3	ENSG00000188385	ENST00000477275	processed_transcript	0	0	0	1	0	0	0	0	0	0	0	0	0	0	0	0	0	1	0	0	0	0	0	0	0	0	0
JAKMIP3	ENSG00000188385	ENST00000653512	protein_coding	0	0	1	0	0	0	0	0	0	0	0	0	0	0	0	0	1	0	0	0	0	0	0	0	0	0	0
JAKMIP3	ENSG00000188385	ENST00000653623	protein_coding	0	0	1	0	0	0	0	0	0	0	0	0	0	0	0	0	1	0	0	0	0	0	0	0	0	0	0
JAKMIP3	ENSG00000188385	ENST00000657318	protein_coding	0	0	1	0	0	0	0	0	0	0	0	0	0	0	0	0	1	0	0	0	0	0	0	0	0	0	0
JAKMIP3	ENSG00000188385	ENST00000657785	protein_coding	0	0	1	0	0	0	0	0	0	0	0	0	0	0	0	0	1	0	0	0	0	0	0	0	0	0	0
JAKMIP3	ENSG00000188385	ENST00000657994	protein_coding	0	0	1	0	0	0	0	0	0	0	0	0	0	0	0	0	1	0	0	0	0	0	0	0	0	0	0
JAKMIP3	ENSG00000188385	ENST00000658847	protein_coding	0	0	1	0	0	0	0	0	0	0	0	0	0	0	0	0	1	0	0	0	0	0	0	0	0	0	0
JAKMIP3	ENSG00000188385	ENST00000659050	protein_coding	0	0	1	0	0	0	0	0	0	0	0	0	0	0	0	0	1	0	0	0	0	0	0	0	0	0	0
JAKMIP3	ENSG00000188385	ENST00000660144	protein_coding	0	0	1	0	0	0	0	0	0	0	0	0	0	0	0	0	1	0	0	0	0	0	0	0	0	0	0
JAKMIP3	ENSG00000188385	ENST00000661339	protein_coding	0	0	1	0	0	0	0	0	0	0	0	0	0	0	0	0	1	0	0	0	0	0	0	0	0	0	0
JAKMIP3	ENSG00000188385	ENST00000662086	processed_transcript	0	0	0	1	0	0	0	0	0	0	0	0	0	0	0	0	0	1	0	0	0	0	0	0	0	0	0
JAKMIP3	ENSG00000188385	ENST00000664697	protein_coding	0	0	1	0	0	0	0	0	0	0	0	0	0	0	0	0	1	0	0	0	0	0	0	0	0	0	0
JAKMIP3	ENSG00000188385	ENST00000665805	protein_coding	0	0	1	0	0	0	0	0	0	0	0	0	0	0	0	0	1	0	0	0	0	0	0	0	0	0	0
JAKMIP3	ENSG00000188385	ENST00000666210	protein_coding	0	0	1	0	0	0	0	0	0	0	0	0	0	0	0	0	1	0	0	0	0	0	0	0	0	0	0
JAKMIP3	ENSG00000188385	ENST00000666974	protein_coding	0	0	1	0	0	0	0	0	0	0	0	0	0	0	0	0	1	0	0	0	0	0	0	0	0	0	0
JAKMIP3	ENSG00000188385	ENST00000667210	processed_transcript	0	0	0	1	0	0	0	0	0	0	0	0	0	0	0	0	0	1	0	0	0	0	0	0	0	0	0
JAKMIP3	ENSG00000188385	ENST00000668452	protein_coding	0	0	1	0	0	0	0	0	0	0	0	0	0	0	0	0	1	0	0	0	0	0	0	0	0	0	0
JAKMIP3	ENSG00000188385	ENST00000669493	protein_coding	0	0	1	0	0	0	0	0	0	0	0	0	0	0	0	0	1	0	0	0	0	0	0	0	0	0	0
JAKMIP3	ENSG00000188385	ENST00000669891	protein_coding	0	0	1	0	0	0	0	0	0	0	0	0	0	0	0	0	1	0	0	0	0	0	0	0	0	0	0
JAKMIP3	ENSG00000188385	ENST00000670120	protein_coding	0	0	1	0	0	0	0	0	0	0	0	0	0	0	0	0	1	0	0	0	0	0	0	0	0	0	0
JAKMIP3	ENSG00000188385	ENST00000670443	protein_coding	0	0	1	0	0	0	0	0	0	0	0	0	0	0	0	0	1	0	0	0	0	0	0	0	0	0	0
KAT2A	ENSG00000108773	ENST00000225916	protein_coding	0	0	0	1	0	0	0	0	0	0	0	0	0	0	0	0	0	0	0	0	0	0	0	0	0	0	1
KAT2A	ENSG00000108773	ENST00000465682	nonsense_mediated_decay	0	0	0	1	0	0	0	0	0	0	0	0	0	0	0	0	0	0	0	0	0	0	0	0	0	0	1
KBTBD12	ENSG00000187715	ENST00000343941	protein_coding	0	0	0	1	1	0	0	0	0	0	0	0	0	0	0	0	0	0	0	0	0	0	0	0	0	0	0
KBTBD12	ENSG00000187715	ENST00000405109	protein_coding	0	0	0	1	1	0	0	0	0	0	0	0	0	0	0	0	0	0	0	0	0	0	0	0	0	0	0
KBTBD12	ENSG00000187715	ENST00000405256	protein_coding	0	0	0	1	1	0	0	0	0	0	0	0	0	0	0	0	0	0	0	0	0	0	0	0	0	0	0
KBTBD12	ENSG00000187715	ENST00000407609	protein_coding	0	0	0	1	1	0	0	0	0	0	0	0	0	0	0	0	0	0	0	0	0	0	0	0	0	0	0
KBTBD12	ENSG00000187715	ENST00000476626	processed_transcript	0	0	0	1	0	0	0	0	0	0	0	0	1	0	0	0	0	0	0	0	0	0	0	0	0	0	0
KBTBD12	ENSG00000187715	ENST00000492025	processed_transcript	0	0	0	1	0	0	0	0	0	0	0	0	1	0	0	0	0	0	0	0	0	0	0	0	0	0	0
KCNJ2	ENSG00000123700	ENST00000243457	protein_coding	0	0	0	1	1	0	0	0	0	0	0	0	0	0	0	0	0	0	0	0	0	0	0	0	0	0	0
KCNJ2	ENSG00000123700	ENST00000535240	protein_coding	0	0	0	1	0	0	0	0	0	0	0	0	1	0	0	0	0	0	0	0	0	0	0	0	0	0	0
KCTD10	ENSG00000110906	ENST00000228495	protein_coding	0	0	0	1	0	0	0	0	0	0	0	0	1	0	0	0	0	0	0	0	0	0	0	0	0	0	0
KCTD10	ENSG00000110906	ENST00000440541	nonsense_mediated_decay	0	0	0	1	0	0	0	0	0	0	0	0	1	0	0	0	0	0	0	0	0	0	0	0	0	0	0
KCTD10	ENSG00000110906	ENST00000535546	protein_coding	0	0	0	1	0	0	0	0	0	0	0	0	1	0	0	0	0	0	0	0	0	0	0	0	0	0	0
KCTD10	ENSG00000110906	ENST00000537165	nonsense_mediated_decay	0	0	0	1	0	0	0	0	0	0	0	0	1	0	0	0	0	0	0	0	0	0	0	0	0	0	0
KCTD10	ENSG00000110906	ENST00000538161	processed_transcript	0	0	0	1	0	0	0	0	0	0	0	0	1	0	0	0	0	0	0	0	0	0	0	0	0	0	0
KCTD10	ENSG00000110906	ENST00000540089	protein_coding	0	0	0	1	0	0	0	0	0	0	0	0	1	0	0	0	0	0	0	0	0	0	0	0	0	0	0
KCTD10	ENSG00000110906	ENST00000540355	protein_coding	0	0	0	1	0	0	0	0	0	0	0	0	1	0	0	0	0	0	0	0	0	0	0	0	0	0	0
KCTD10	ENSG00000110906	ENST00000540402	retained_intron	0	0	0	1	0	0	0	0	0	0	0	0	1	0	0	0	0	0	0	0	0	0	0	0	0	0	0
KCTD10	ENSG00000110906	ENST00000540411	protein_coding	0	0	0	1	0	0	0	0	0	0	0	0	1	0	0	0	0	0	0	0	0	0	0	0	0	0	0
KCTD10	ENSG00000110906	ENST00000542954	protein_coding	0	0	0	1	0	0	0	0	0	0	0	0	1	0	0	0	0	0	0	0	0	0	0	0	0	0	0
KCTD10	ENSG00000110906	ENST00000545759	retained_intron	0	0	0	1	0	0	0	0	0	0	0	0	1	0	0	0	0	0	0	0	0	0	0	0	0	0	0
KCTD12	ENSG00000178695	ENST00000377474	protein_coding	0	0	1	0	0	0	0	0	0	0	0	0	0	0	0	0	1	0	0	0	0	0	0	0	0	0	0
KIAA1257	ENSG00000114656	ENST00000265068	protein_coding	0	0	0	1	1	0	0	0	0	0	0	0	0	0	0	0	0	0	0	0	0	0	0	0	0	0	0
KIAA1257	ENSG00000114656	ENST00000507225	processed_transcript	0	0	0	1	0	0	0	0	0	0	0	0	1	0	0	0	0	0	0	0	0	0	0	0	0	0	0
KIAA1257	ENSG00000114656	ENST00000511204	processed_transcript	0	0	0	1	0	0	0	0	0	0	0	0	0	0	0	0	0	0	0	0	0	0	0	0	0	0	1
KIAA1257	ENSG00000114656	ENST00000511438	protein_coding	0	0	0	1	0	0	0	0	0	0	0	0	0	0	0	1	0	0	0	0	0	0	0	0	0	0	0
KIAA1257	ENSG00000114656	ENST00000515659	protein_coding	0	0	0	1	0	0	0	0	0	0	0	0	1	0	0	0	0	0	0	0	0	0	0	0	0	0	0
KIAA1257	ENSG00000114656	ENST00000645291	protein_coding	0	0	0	1	0	0	0	0	0	0	0	0	0	0	0	1	0	0	0	0	0	0	0	0	0	0	0
KIF18B	ENSG00000186185	ENST00000585687	retained_intron	0	0	0	1	0	0	0	0	0	0	0	0	1	0	0	0	0	0	0	0	0	0	0	0	0	0	0
KIF18B	ENSG00000186185	ENST00000587309	protein_coding	0	0	0	1	0	0	0	0	0	0	0	0	0	0	0	1	0	0	0	0	0	0	0	0	0	0	0
KIF18B	ENSG00000186185	ENST00000590129	protein_coding	0	0	0	1	0	0	0	0	0	0	0	0	0	0	0	1	0	0	0	0	0	0	0	0	0	0	0
KIF18B	ENSG00000186185	ENST00000593135	protein_coding	0	0	0	1	0	0	0	0	0	0	0	0	0	0	0	1	0	0	0	0	0	0	0	0	0	0	0
KIF2B	ENSG00000141200	ENST00000268919	protein_coding	0	0	0	1	0	0	0	1	0	0	0	0	0	0	0	0	0	0	0	0	0	0	0	0	0	0	0
KIF5A	ENSG00000155980	ENST00000286452	protein_coding	0	0	0	1	0	0	0	0	0	0	0	0	0	0	0	1	0	0	0	0	0	0	0	0	0	0	0
KIF5A	ENSG00000155980	ENST00000455537	protein_coding	0	0	0	1	0	0	0	0	0	0	0	0	0	0	0	1	0	0	0	0	0	0	0	0	0	0	0
KIF5B	ENSG00000170759	ENST00000302418	protein_coding	1	0	0	0	0	0	0	0	0	0	0	0	0	0	1	0	0	0	0	0	0	0	0	0	1	0	0
KLRC3	ENSG00000205810	ENST00000396439	protein_coding	0	0	0	1	0	0	0	0	0	0	0	0	1	0	0	0	0	0	0	0	0	0	0	0	0	0	0
KLRC4	ENSG00000183542	ENST00000309384	protein_coding	0	1	0	0	0	0	0	0	0	0	0	0	0	0	0	1	0	0	0	0	0	1	0	0	0	0	0
KLRC4-KLRK1	ENSG00000255819	ENST00000539300	nonsense_mediated_decay	0	1	0	0	0	0	0	0	0	0	0	0	0	0	0	1	0	0	0	0	0	1	0	0	0	0	0
KLRC4-KLRK1	ENSG00000255819	ENST00000539370	retained_intron	0	1	0	0	0	0	0	0	0	0	0	0	0	0	0	1	0	0	0	0	0	1	0	0	0	0	0
KLRC4-KLRK1	ENSG00000255819	ENST00000543572	nonsense_mediated_decay	0	0	0	1	0	0	0	0	0	0	0	0	0	0	0	0	0	0	0	0	0	0	0	0	0	0	1
KLRC4-KLRK1	ENSG00000255819	ENST00000543812	nonsense_mediated_decay	0	0	0	1	0	0	0	0	0	0	0	0	0	0	0	1	0	0	0	0	0	0	0	0	0	0	0
KLRC4-KLRK1	ENSG00000255819	ENST00000585507	nonsense_mediated_decay	0	0	0	1	0	0	0	0	0	0	0	0	0	0	0	1	0	0	0	0	0	0	0	0	0	0	0
KLRC4-KLRK1	ENSG00000255819	ENST00000585711	nonsense_mediated_decay	0	0	0	1	0	0	0	0	0	0	0	0	0	0	0	0	0	0	0	0	0	0	0	0	0	0	1
KLRC4-KLRK1	ENSG00000255819	ENST00000586581	nonsense_mediated_decay	0	1	0	0	0	0	0	0	0	0	0	0	0	0	0	1	0	0	0	0	0	1	0	0	0	0	0
KLRC4-KLRK1	ENSG00000255819	ENST00000588263	nonsense_mediated_decay	0	1	0	0	0	0	0	0	0	0	0	0	0	0	0	1	0	0	0	0	0	1	0	0	0	0	0
KLRC4-KLRK1	ENSG00000255819	ENST00000588447	nonsense_mediated_decay	0	0	0	1	0	0	0	0	0	0	0	0	0	0	0	1	0	0	0	0	0	0	0	0	0	0	0
KLRC4-KLRK1	ENSG00000255819	ENST00000590131	nonsense_mediated_decay	0	0	0	1	0	0	0	0	0	0	0	0	0	0	0	1	0	0	0	0	0	0	0	0	0	0	0
KLRC4-KLRK1	ENSG00000255819	ENST00000590323	nonsense_mediated_decay	0	1	0	0	0	0	0	0	0	0	0	0	0	0	0	1	0	0	0	0	0	1	0	0	0	0	0
KLRC4-KLRK1	ENSG00000255819	ENST00000591546	nonsense_mediated_decay	0	1	0	0	0	0	0	0	0	0	0	0	0	0	0	1	0	0	0	0	0	1	0	0	0	0	0
KLRC4-KLRK1	ENSG00000255819	ENST00000591937	nonsense_mediated_decay	0	1	0	0	0	0	0	0	0	0	0	0	0	0	0	1	0	0	0	0	0	1	0	0	0	0	0
KMT2C	ENSG00000055609	ENST00000262189	protein_coding	0	0	0	1	0	0	0	0	0	0	0	0	0	0	0	1	0	0	0	0	0	0	0	0	0	0	0
KMT2C	ENSG00000055609	ENST00000355193	protein_coding	0	0	0	1	0	0	0	0	0	0	0	0	0	0	0	1	0	0	0	0	0	0	0	0	0	0	0
KMT2C	ENSG00000055609	ENST00000418673	protein_coding	0	0	0	1	0	0	0	0	0	0	0	0	0	0	0	1	0	0	0	0	0	0	0	0	0	0	0
KMT2C	ENSG00000055609	ENST00000473186	retained_intron	0	0	0	1	0	0	0	0	0	0	0	0	0	0	0	1	0	0	0	0	0	0	0	0	0	0	0
KMT2C	ENSG00000055609	ENST00000558084	nonsense_mediated_decay	0	0	0	1	0	0	0	0	0	0	0	0	0	0	0	1	0	0	0	0	0	0	0	0	0	0	0
KNOP1P1	ENSG00000256852	ENST00000542108	processed_pseudogene	0	0	0	2	0	0	0	0	0	0	0	0	0	0	0	0	0	2	0	0	0	0	0	0	0	0	0
KNTC1	ENSG00000184445	ENST00000333479	protein_coding	0	0	0	1	0	0	0	0	0	0	0	0	0	0	0	1	0	0	0	0	0	0	0	0	0	0	0
KNTC1	ENSG00000184445	ENST00000423927	protein_coding	0	0	0	1	0	0	0	0	0	0	0	0	0	0	0	0	0	0	0	0	0	0	0	0	0	0	1
KNTC1	ENSG00000184445	ENST00000450485	protein_coding	0	0	0	1	0	0	0	0	0	0	0	0	0	0	0	1	0	0	0	0	0	0	0	0	0	0	0
KNTC1	ENSG00000184445	ENST00000535186	processed_transcript	0	0	0	1	0	0	0	0	0	0	0	0	0	0	0	0	0	0	0	0	0	0	0	0	0	0	1
KNTC1	ENSG00000184445	ENST00000545065	processed_transcript	0	0	0	1	0	0	0	0	0	0	0	0	0	0	0	0	0	0	0	0	0	0	0	0	0	0	1
KRT15	ENSG00000171346	ENST00000254043	protein_coding	0	0	0	1	0	0	0	0	0	0	0	0	0	0	0	1	0	0	0	0	0	0	0	0	0	0	0
KRT15	ENSG00000171346	ENST00000393974	protein_coding	0	0	0	1	0	0	0	0	0	0	0	0	0	0	0	1	0	0	0	0	0	0	0	0	0	0	0
KRT15	ENSG00000171346	ENST00000393976	protein_coding	0	0	0	1	0	0	0	0	0	0	0	0	0	0	0	1	0	0	0	0	0	0	0	0	0	0	0
KRT15	ENSG00000171346	ENST00000458290	protein_coding	0	0	0	1	0	0	0	0	0	0	0	0	0	0	0	1	0	0	0	0	0	0	0	0	0	0	0
KRT15	ENSG00000171346	ENST00000463447	retained_intron	0	0	0	1	0	0	0	0	0	0	0	0	0	0	0	0	0	1	0	0	0	0	0	0	0	0	0
KRT15	ENSG00000171346	ENST00000470004	nonsense_mediated_decay	0	0	0	1	0	0	0	0	0	0	0	0	0	0	0	1	0	0	0	0	0	0	0	0	0	0	0
KRT15	ENSG00000171346	ENST00000474031	retained_intron	0	0	0	1	0	0	0	0	0	0	0	0	0	0	0	1	0	0	0	0	0	0	0	0	0	0	0
KRT15	ENSG00000171346	ENST00000497016	nonsense_mediated_decay	0	0	0	1	0	0	0	0	0	0	0	0	0	0	0	1	0	0	0	0	0	0	0	0	0	0	0
KRT15	ENSG00000171346	ENST00000586794	retained_intron	0	0	0	1	0	0	0	0	0	0	0	0	0	0	0	0	0	0	0	0	0	0	0	0	0	0	1
KRT18	ENSG00000111057	ENST00000388835	protein_coding	0	0	2	0	0	0	0	0	0	0	0	0	0	0	0	0	2	0	0	0	0	0	0	0	0	0	0
KRT18	ENSG00000111057	ENST00000388837	protein_coding	0	0	2	0	0	0	0	0	0	0	0	0	0	0	0	0	2	0	0	0	0	0	0	0	0	0	0
KRT18	ENSG00000111057	ENST00000546656	retained_intron	0	0	0	2	0	0	0	0	0	0	0	0	0	0	0	0	0	0	0	0	0	0	0	0	0	0	2
KRT18	ENSG00000111057	ENST00000548015	retained_intron	0	0	0	2	0	0	0	0	0	0	0	0	0	0	0	0	0	0	0	0	0	0	0	0	0	0	2
KRT18	ENSG00000111057	ENST00000548496	retained_intron	0	0	0	2	0	0	0	0	0	0	0	0	0	0	0	0	0	0	0	0	0	0	0	0	0	0	2
KRT18	ENSG00000111057	ENST00000549078	retained_intron	0	0	0	2	0	0	0	0	0	0	0	0	0	0	0	0	0	2	0	0	0	0	0	0	0	0	0
KRT18	ENSG00000111057	ENST00000550600	protein_coding	0	0	2	0	0	0	0	0	0	0	0	0	0	0	0	0	2	0	0	0	0	0	0	0	0	0	0
KRT18P15	ENSG00000234737	ENST00000458108	processed_pseudogene	0	0	0	2	0	0	0	0	0	0	0	0	2	0	0	0	0	0	0	0	0	0	0	0	0	0	0
KRT18P17	ENSG00000213943	ENST00000396959	processed_pseudogene	0	0	0	1	0	0	0	0	0	0	0	0	0	0	0	0	0	1	0	0	0	0	0	0	0	0	0
KRT18P34	ENSG00000244515	ENST00000488218	processed_pseudogene	0	0	0	2	0	0	0	0	0	0	0	0	0	0	0	0	0	2	0	0	0	0	0	0	0	0	0
KRT18P61	ENSG00000267083	ENST00000585825	processed_pseudogene	0	0	0	2	0	0	0	0	0	0	0	0	0	0	0	0	0	2	0	0	0	0	0	0	0	0	0
KRT27	ENSG00000171446	ENST00000301656	protein_coding	1	0	0	0	0	0	0	0	0	0	0	0	0	0	1	0	0	0	0	0	0	0	0	0	0	0	0
KRT27	ENSG00000171446	ENST00000540723	processed_transcript	0	0	0	1	0	0	0	0	0	0	0	0	0	0	0	0	0	0	0	0	0	0	0	0	0	0	1
KRT7	ENSG00000135480	ENST00000548657	processed_transcript	0	0	0	2	0	0	0	0	0	0	0	0	2	0	0	0	0	0	0	0	0	0	0	0	0	0	0
KRT76	ENSG00000185069	ENST00000332411	protein_coding	0	1	0	0	0	0	0	0	0	0	0	0	0	0	0	0	0	0	0	0	0	0	0	0	0	1	0
KRT8	ENSG00000170421	ENST00000546826	protein_coding	0	0	0	2	0	0	0	0	0	0	0	0	0	0	0	2	0	0	0	0	0	0	0	0	0	0	0
KRT8	ENSG00000170421	ENST00000546897	protein_coding	0	0	0	2	0	0	0	0	0	0	0	0	0	0	0	2	0	0	0	0	0	0	0	0	0	0	0
KRT8	ENSG00000170421	ENST00000546921	retained_intron	0	0	0	2	0	0	0	0	0	0	0	0	0	0	0	0	0	2	0	0	0	0	0	0	0	0	0
KRT8	ENSG00000170421	ENST00000548998	protein_coding	0	0	0	2	0	0	0	0	0	0	0	0	0	0	0	2	0	0	0	0	0	0	0	0	0	0	0
KRT8	ENSG00000170421	ENST00000549198	processed_transcript	0	0	0	2	0	0	0	0	0	0	0	0	0	0	0	2	0	0	0	0	0	0	0	0	0	0	0
KRT8	ENSG00000170421	ENST00000551318	processed_transcript	0	0	0	2	0	0	0	0	0	0	0	0	0	0	0	2	0	0	0	0	0	0	0	0	0	0	0
KRT8	ENSG00000170421	ENST00000552551	protein_coding	0	0	0	2	0	0	0	0	0	0	0	0	0	0	0	2	0	0	0	0	0	0	0	0	0	0	0
KRT8	ENSG00000170421	ENST00000619952	protein_coding	0	0	0	2	0	0	0	0	0	0	0	0	0	0	0	2	0	0	0	0	0	0	0	0	0	0	0
KRT87P	ENSG00000135477	ENST00000529785	processed_transcript	1	1	0	0	0	0	0	0	0	0	0	0	0	0	0	1	0	1	0	1	0	1	0	0	0	0	0
KRT87P	ENSG00000135477	ENST00000534226	transcribed_unprocessed_pseudogene	1	1	0	0	0	0	0	0	0	0	0	0	0	0	0	1	0	1	0	1	0	1	0	0	0	0	0
KRT8P20	ENSG00000227404	ENST00000423953	processed_pseudogene	0	0	0	1	0	0	0	0	0	0	0	0	0	0	0	0	0	1	0	0	0	0	0	0	0	0	0
KRT8P35	ENSG00000242841	ENST00000483942	processed_pseudogene	0	0	0	1	0	0	0	0	0	0	0	0	0	0	0	0	0	1	0	0	0	0	0	0	0	0	0
KRT8P37	ENSG00000213771	ENST00000451609	processed_pseudogene	0	0	0	1	0	0	0	0	0	0	0	0	0	0	0	0	0	1	0	0	0	0	0	0	0	0	0
KRT8P39	ENSG00000233560	ENST00000396270	processed_pseudogene	0	0	0	2	0	0	0	0	0	0	0	0	2	0	0	0	0	0	0	0	0	0	0	0	0	0	0
LANCL2	ENSG00000132434	ENST00000254770	protein_coding	0	1	0	0	0	0	0	0	0	0	0	0	0	0	0	0	0	0	0	0	0	0	0	0	0	1	0
LANCL2	ENSG00000132434	ENST00000452107	nonsense_mediated_decay	0	0	0	2	1	0	0	0	0	0	0	0	0	0	0	0	0	1	0	0	0	0	0	0	0	0	0
LANCL2	ENSG00000132434	ENST00000486376	processed_transcript	0	0	0	1	0	0	0	0	0	0	0	0	0	0	0	0	0	1	0	0	0	0	0	0	0	0	0
LDHB	ENSG00000111716	ENST00000350669	protein_coding	1	0	0	0	0	0	0	0	0	0	0	0	0	0	0	1	0	0	0	0	1	0	0	0	0	0	0
LDHB	ENSG00000111716	ENST00000396075	protein_coding	1	0	0	0	0	0	0	0	0	0	0	0	0	0	0	1	0	0	0	0	1	0	0	0	0	0	0
LDHB	ENSG00000111716	ENST00000396076	protein_coding	1	0	0	0	0	0	0	0	0	0	0	0	0	0	0	1	0	0	0	0	1	0	0	0	0	0	0
LDHB	ENSG00000111716	ENST00000450584	protein_coding	1	0	0	0	0	0	0	0	0	0	0	0	0	0	0	1	0	0	0	0	1	0	0	0	0	0	0
LDHB	ENSG00000111716	ENST00000470280	retained_intron	1	0	0	0	0	0	0	0	0	0	0	0	0	0	0	1	0	0	0	0	1	0	0	0	0	0	0
LDHB	ENSG00000111716	ENST00000535112	processed_transcript	0	0	0	1	0	0	0	0	0	0	0	0	1	0	0	0	0	0	0	0	0	0	0	0	0	0	0
LDHB	ENSG00000111716	ENST00000539782	protein_coding	1	0	0	0	0	0	0	0	0	0	0	0	0	0	0	1	0	0	0	0	1	0	0	0	0	0	0
LDHB	ENSG00000111716	ENST00000544151	retained_intron	0	0	0	1	0	0	0	0	0	0	0	0	0	0	0	0	0	1	0	0	0	0	0	0	0	0	0
LDHB	ENSG00000111716	ENST00000673047	polymorphic_pseudogene	1	0	0	0	0	0	0	0	0	0	0	0	0	0	0	1	0	0	0	0	1	0	0	0	0	0	0
LEKR1	ENSG00000197980	ENST00000356539	protein_coding	0	0	0	2	0	0	0	0	0	0	0	0	0	0	0	2	0	0	0	0	0	0	0	0	0	0	0
LEKR1	ENSG00000197980	ENST00000467376	retained_intron	0	0	0	2	0	0	0	0	0	0	0	0	0	0	0	2	0	0	0	0	0	0	0	0	0	0	0
LEKR1	ENSG00000197980	ENST00000470811	nonsense_mediated_decay	0	0	0	2	0	0	0	0	0	0	0	0	0	0	0	2	0	0	0	0	0	0	0	0	0	0	0
LEKR1	ENSG00000197980	ENST00000477399	protein_coding	0	0	0	2	0	0	0	0	0	0	0	0	0	0	0	2	0	0	0	0	0	0	0	0	0	0	0
LEKR1	ENSG00000197980	ENST00000489350	processed_transcript	0	0	0	2	0	0	0	0	0	0	0	0	0	0	0	2	0	0	0	0	0	0	0	0	0	0	0
LEKR1	ENSG00000197980	ENST00000491763	protein_coding	0	0	0	2	0	0	0	0	0	0	0	0	0	0	0	2	0	0	0	0	0	0	0	0	0	0	0
LEKR1	ENSG00000197980	ENST00000495252	retained_intron	0	0	0	2	0	0	0	0	0	0	0	0	0	0	0	0	0	0	0	0	0	0	0	0	0	0	2
LFNG	ENSG00000106003	ENST00000402506	protein_coding	0	0	0	1	0	0	0	0	0	0	0	0	0	0	0	1	0	0	0	0	0	0	0	0	0	0	0
LHPP	ENSG00000107902	ENST00000482963	processed_transcript	0	0	0	1	0	0	0	0	0	0	0	0	1	0	0	0	0	0	0	0	0	0	0	0	0	0	0
LINC00265	ENSG00000188185	ENST00000340510		0	0	0	2	0	0	0	0	0	0	0	0	0	0	0	2	0	0	0	0	0	0	0	0	0	0	0
LINC00265	ENSG00000188185	ENST00000654922		0	0	0	2	0	0	0	0	0	0	0	0	0	0	0	2	0	0	0	0	0	0	0	0	0	0	0
LINC00265	ENSG00000188185	ENST00000656108		0	0	0	2	0	0	0	0	0	0	0	0	0	0	0	2	0	0	0	0	0	0	0	0	0	0	0
LINC00265	ENSG00000188185	ENST00000656391		0	0	0	2	0	0	0	0	0	0	0	0	0	0	0	2	0	0	0	0	0	0	0	0	0	0	0
LINC00265	ENSG00000188185	ENST00000658784		0	0	0	2	0	0	0	0	0	0	0	0	0	0	0	2	0	0	0	0	0	0	0	0	0	0	0
LINC00265	ENSG00000188185	ENST00000666283		0	0	0	2	0	0	0	0	0	0	0	0	0	0	0	2	0	0	0	0	0	0	0	0	0	0	0
LINC00265	ENSG00000188185	ENST00000668152		0	0	0	2	0	0	0	0	0	0	0	0	0	0	0	2	0	0	0	0	0	0	0	0	0	0	0
LINC00350	ENSG00000225316	ENST00000648281		0	0	0	1	0	0	0	0	0	0	0	0	0	0	0	1	0	0	0	0	0	0	0	0	0	0	0
LINC00442	ENSG00000232685	ENST00000670804		0	0	0	1	0	0	0	0	0	0	0	0	0	0	0	1	0	0	0	0	0	0	0	0	0	0	0
LINC00463	ENSG00000234056	ENST00000413501		0	0	0	1	0	0	0	0	0	0	0	0	1	0	0	0	0	0	0	0	0	0	0	0	0	0	0
LINC00463	ENSG00000234056	ENST00000657426		0	0	0	1	0	0	0	0	0	0	0	0	1	0	0	0	0	0	0	0	0	0	0	0	0	0	0
LINC00463	ENSG00000234056	ENST00000669952		0	0	0	1	0	0	0	0	0	0	0	0	1	0	0	0	0	0	0	0	0	0	0	0	0	0	0
LINC00477	ENSG00000197503	ENST00000483544		0	0	0	2	0	0	0	0	0	0	0	0	0	0	0	0	0	2	0	0	0	0	0	0	0	0	0
LINC00551	ENSG00000272274	ENST00000653952		0	0	0	1	0	0	0	0	0	0	0	0	0	0	0	0	0	0	0	0	0	0	0	0	0	0	1
LINC00551	ENSG00000272274	ENST00000663663		0	0	0	1	0	0	0	0	0	0	0	0	0	0	0	0	0	0	0	0	0	0	0	0	0	0	1
LINC00551	ENSG00000272274	ENST00000665026		0	0	0	1	0	0	0	0	0	0	0	0	0	0	0	0	0	0	0	0	0	0	0	0	0	0	1
LINC00551	ENSG00000272274	ENST00000667614		0	0	0	1	0	0	0	0	0	0	0	0	0	0	0	0	0	0	0	0	0	0	0	0	0	0	1
LINC00612	ENSG00000214851	ENST00000538094		0	0	0	1	0	0	0	0	0	0	0	0	0	0	0	0	0	0	0	0	0	0	0	0	0	0	1
LINC00698	ENSG00000244342	ENST00000465262		0	0	0	1	0	0	0	0	0	0	0	0	0	0	0	1	0	0	0	0	0	0	0	0	0	0	0
LINC00698	ENSG00000244342	ENST00000465684		0	0	0	1	0	0	0	0	0	0	0	0	0	0	0	1	0	0	0	0	0	0	0	0	0	0	0
LINC00698	ENSG00000244342	ENST00000468072		0	0	0	1	0	0	0	0	0	0	0	0	0	0	0	1	0	0	0	0	0	0	0	0	0	0	0
LINC00698	ENSG00000244342	ENST00000475886		0	0	0	1	0	0	0	0	0	0	0	0	0	0	0	1	0	0	0	0	0	0	0	0	0	0	0
LINC00957	ENSG00000235314	ENST00000416824		0	0	0	1	0	0	0	0	0	0	0	0	1	0	0	0	0	0	0	0	0	0	0	0	0	0	0
LINC00957	ENSG00000235314	ENST00000441052		0	0	0	1	0	0	0	0	0	0	0	0	1	0	0	0	0	0	0	0	0	0	0	0	0	0	0
LINC01053	ENSG00000238169	ENST00000656176		0	0	0	1	0	0	0	0	0	0	0	0	0	0	0	1	0	0	0	0	0	0	0	0	0	0	0
LINC01076	ENSG00000225105	ENST00000435725		0	0	0	1	0	0	0	0	0	0	0	0	0	0	0	1	0	0	0	0	0	0	0	0	0	0	0
LINC02422	ENSG00000255760	ENST00000662662		0	0	0	1	0	0	0	0	0	0	0	0	0	0	0	1	0	0	0	0	0	0	0	0	0	0	0
LINC02456	ENSG00000283052	ENST00000635615		0	0	0	2	0	0	0	0	0	0	0	0	0	0	0	2	0	0	0	0	0	0	0	0	0	0	0
LNP1	ENSG00000206535	ENST00000383693	protein_coding	0	0	0	1	0	0	0	1	0	0	0	0	0	0	0	0	0	0	0	0	0	0	0	0	0	0	0
LNP1	ENSG00000206535	ENST00000466996	nonsense_mediated_decay	0	0	0	2	0	0	0	1	0	0	0	0	0	0	0	0	0	1	0	0	0	0	0	0	0	0	0
LNP1	ENSG00000206535	ENST00000489752	protein_coding	0	0	0	1	0	0	0	1	0	0	0	0	0	0	0	0	0	0	0	0	0	0	0	0	0	0	0
LPAR5	ENSG00000184574	ENST00000329858	protein_coding	0	0	0	1	0	0	0	0	0	0	0	0	0	0	0	0	0	0	0	0	0	0	0	0	0	0	1
LPAR5	ENSG00000184574	ENST00000540335	processed_transcript	0	0	0	1	0	0	0	0	0	0	0	0	0	0	0	0	0	0	0	0	0	0	0	0	0	0	1
LPO	ENSG00000167419	ENST00000262290	protein_coding	0	1	0	0	0	0	0	0	0	0	0	0	0	0	0	0	0	0	0	0	0	0	0	0	0	1	0
LPO	ENSG00000167419	ENST00000389576	nonsense_mediated_decay	0	0	0	1	0	0	0	0	0	0	0	0	0	0	0	0	0	0	0	0	0	0	0	0	0	0	1
LPO	ENSG00000167419	ENST00000421678	protein_coding	0	1	0	0	0	0	0	0	0	0	0	0	0	0	0	0	0	0	0	0	0	0	0	0	0	1	0
LPO	ENSG00000167419	ENST00000543544	protein_coding	0	1	0	0	0	0	0	0	0	0	0	0	0	0	0	0	0	0	0	0	0	0	0	0	0	1	0
LPO	ENSG00000167419	ENST00000578403	retained_intron	0	0	0	1	0	0	0	0	0	0	0	0	0	0	0	0	0	1	0	0	0	0	0	0	0	0	0
LPO	ENSG00000167419	ENST00000578643	retained_intron	0	0	0	1	0	0	0	0	0	0	0	0	0	0	0	0	0	1	0	0	0	0	0	0	0	0	0
LPO	ENSG00000167419	ENST00000580346	retained_intron	0	0	0	1	0	0	0	0	0	0	0	0	0	0	0	0	0	1	0	0	0	0	0	0	0	0	0
LPO	ENSG00000167419	ENST00000580890	nonsense_mediated_decay	0	0	0	1	0	0	0	0	0	0	0	0	0	0	0	0	0	1	0	0	0	0	0	0	0	0	0
LPO	ENSG00000167419	ENST00000581008	protein_coding	0	1	0	0	0	0	0	0	0	0	0	0	0	0	0	0	0	0	0	0	0	0	0	0	0	1	0
LPO	ENSG00000167419	ENST00000582328	protein_coding	0	1	0	0	0	0	0	0	0	0	0	0	0	0	0	0	0	0	0	0	0	0	0	0	0	1	0
LPP	ENSG00000145012	ENST00000415906	protein_coding	0	0	0	2	0	0	0	0	0	0	0	0	0	0	0	2	0	0	0	0	0	0	0	0	0	0	0
LPP	ENSG00000145012	ENST00000448637	protein_coding	0	0	0	2	2	0	0	0	0	0	0	0	0	0	0	0	0	0	0	0	0	0	0	0	0	0	0
LPP	ENSG00000145012	ENST00000471917	processed_transcript	0	0	0	2	0	0	0	0	0	0	0	0	0	0	0	2	0	0	0	0	0	0	0	0	0	0	0
LPP	ENSG00000145012	ENST00000617246	protein_coding	0	0	0	2	0	0	0	0	0	0	0	0	0	0	0	2	0	0	0	0	0	0	0	0	0	0	0
LPP	ENSG00000145012	ENST00000618621	protein_coding	0	0	0	2	0	0	0	0	0	0	0	0	0	0	0	2	0	0	0	0	0	0	0	0	0	0	0
LPP	ENSG00000145012	ENST00000640853	protein_coding	0	0	0	2	0	0	0	0	0	0	0	0	0	0	0	2	0	0	0	0	0	0	0	0	0	0	0
LRCH1	ENSG00000136141	ENST00000311191	protein_coding	0	0	0	1	0	0	0	0	0	0	0	0	0	0	0	1	0	0	0	0	0	0	0	0	0	0	0
LRCH1	ENSG00000136141	ENST00000389797	protein_coding	0	0	0	1	0	0	0	0	0	0	0	0	0	0	0	1	0	0	0	0	0	0	0	0	0	0	0
LRCH1	ENSG00000136141	ENST00000389798	protein_coding	0	0	0	1	0	0	0	0	0	0	0	0	0	0	0	1	0	0	0	0	0	0	0	0	0	0	0
LRP6	ENSG00000070018	ENST00000261349	protein_coding	0	0	0	1	1	0	0	0	0	0	0	0	0	0	0	0	0	0	0	0	0	0	0	0	0	0	0
LRP6	ENSG00000070018	ENST00000538239	nonsense_mediated_decay	0	0	0	1	0	0	0	0	0	0	0	0	0	0	0	1	0	0	0	0	0	0	0	0	0	0	0
LRP6	ENSG00000070018	ENST00000540527	protein_coding	0	0	0	1	0	0	0	0	0	0	0	0	1	0	0	0	0	0	0	0	0	0	0	0	0	0	0
LRP6	ENSG00000070018	ENST00000543091	protein_coding	0	0	0	1	0	0	0	0	0	0	0	0	1	0	0	0	0	0	0	0	0	0	0	0	0	0	0
LRRC37A16P	ENSG00000267023	ENST00000585915	processed_transcript	0	0	0	2	0	0	0	0	0	0	0	0	2	0	0	0	0	0	0	0	0	0	0	0	0	0	0
LRRC37A16P	ENSG00000267023	ENST00000586022	transcribed_unprocessed_pseudogene	0	0	0	2	0	0	0	0	0	0	0	0	0	0	0	2	0	0	0	0	0	0	0	0	0	0	0
LRRC37A16P	ENSG00000267023	ENST00000590019	processed_transcript	0	0	0	2	0	0	0	0	0	0	0	0	2	0	0	0	0	0	0	0	0	0	0	0	0	0	0
LRRC37A4P	ENSG00000214425	ENST00000581296	transcribed_unprocessed_pseudogene	0	0	0	2	0	0	0	0	0	0	0	0	0	0	0	0	0	2	0	0	0	0	0	0	0	0	0
LRRC37A4P	ENSG00000214425	ENST00000661058	processed_transcript	0	0	0	2	0	0	0	0	0	0	0	0	0	0	0	2	0	0	0	0	0	0	0	0	0	0	0
LRRC37A9P	ENSG00000271013	ENST00000603850	processed_pseudogene	0	0	0	1	0	0	0	0	0	0	0	0	0	0	0	0	0	0	0	0	0	0	0	0	0	0	1
LRRC46	ENSG00000141294	ENST00000269025	protein_coding	0	0	0	1	0	0	0	0	0	0	0	0	0	0	0	0	0	0	0	0	0	0	0	0	0	0	1
LRRC46	ENSG00000141294	ENST00000579742	nonsense_mediated_decay	0	0	0	1	0	0	0	0	0	0	0	0	0	0	0	0	0	0	0	0	0	0	0	0	0	0	1
LRRC46	ENSG00000141294	ENST00000579971	nonsense_mediated_decay	0	0	0	1	0	0	0	0	0	0	0	0	0	0	0	0	0	0	0	0	0	0	0	0	0	0	1
LRRC46	ENSG00000141294	ENST00000584580	nonsense_mediated_decay	0	0	0	1	0	0	0	0	0	0	0	0	0	0	0	0	0	0	0	0	0	0	0	0	0	0	1
LRRC46	ENSG00000141294	ENST00000584809	retained_intron	0	0	0	1	0	0	0	0	0	0	0	0	0	0	0	0	0	0	0	0	0	0	0	0	0	0	1
LSAMP	ENSG00000185565	ENST00000333617	protein_coding	0	0	0	1	0	0	0	0	0	0	0	0	0	0	0	1	0	0	0	0	0	0	0	0	0	0	0
LSAMP	ENSG00000185565	ENST00000474851	protein_coding	0	0	0	1	0	0	0	0	0	0	0	0	0	0	0	1	0	0	0	0	0	0	0	0	0	0	0
LSAMP	ENSG00000185565	ENST00000490035	protein_coding	0	0	0	1	0	0	0	0	0	0	0	0	0	0	0	1	0	0	0	0	0	0	0	0	0	0	0
LSAMP	ENSG00000185565	ENST00000539563	protein_coding	0	0	0	1	0	0	0	0	0	0	0	0	0	0	0	1	0	0	0	0	0	0	0	0	0	0	0
LYZL2	ENSG00000151033	ENST00000375318	protein_coding	0	0	0	2	2	0	0	0	0	0	0	0	0	0	0	0	0	0	0	0	0	0	0	0	0	0	0
LYZL2	ENSG00000151033	ENST00000647634	protein_coding	0	0	0	2	2	0	0	0	0	0	0	0	0	0	0	0	0	0	0	0	0	0	0	0	0	0	0
MAP2K4	ENSG00000065559	ENST00000353533	protein_coding	0	0	0	2	2	0	0	0	0	0	0	0	0	0	0	0	0	0	0	0	0	0	0	0	0	0	0
MAP2K4	ENSG00000065559	ENST00000415385	protein_coding	0	0	0	2	2	0	0	0	0	0	0	0	0	0	0	0	0	0	0	0	0	0	0	0	0	0	0
MAP2K4	ENSG00000065559	ENST00000536413	retained_intron	0	0	0	2	0	0	0	0	0	0	0	0	0	0	0	0	0	2	0	0	0	0	0	0	0	0	0
MAP2K4	ENSG00000065559	ENST00000538465	nonsense_mediated_decay	0	0	0	2	0	0	0	0	0	0	0	0	2	0	0	0	0	0	0	0	0	0	0	0	0	0	0
MAP2K4	ENSG00000065559	ENST00000602305	nonsense_mediated_decay	0	0	0	2	0	0	0	0	0	0	0	0	2	0	0	0	0	0	0	0	0	0	0	0	0	0	0
MAP2K4	ENSG00000065559	ENST00000602375	nonsense_mediated_decay	0	0	0	2	0	0	0	0	0	0	0	0	2	0	0	0	0	0	0	0	0	0	0	0	0	0	0
MAP2K4	ENSG00000065559	ENST00000602537	nonsense_mediated_decay	0	0	0	2	0	0	0	0	0	0	0	0	2	0	0	0	0	0	0	0	0	0	0	0	0	0	0
MAP2K4	ENSG00000065559	ENST00000602686	nonsense_mediated_decay	0	0	0	2	0	0	0	0	0	0	0	0	2	0	0	0	0	0	0	0	0	0	0	0	0	0	0
MAP2K4	ENSG00000065559	ENST00000602811	nonsense_mediated_decay	0	0	0	2	0	0	0	0	0	0	0	0	2	0	0	0	0	0	0	0	0	0	0	0	0	0	0
MAP3K12	ENSG00000139625	ENST00000267079	protein_coding	0	0	0	1	0	0	0	0	0	0	0	0	0	0	0	0	0	0	0	0	0	0	0	0	0	0	1
MAP3K12	ENSG00000139625	ENST00000547151	processed_transcript	0	0	0	1	0	0	0	0	0	0	0	0	0	0	0	0	0	0	0	0	0	0	0	0	0	0	1
MAP3K12	ENSG00000139625	ENST00000547488	protein_coding	0	0	0	1	0	0	0	0	0	0	0	0	0	0	0	0	0	0	0	0	0	0	0	0	0	0	1
MAP3K12	ENSG00000139625	ENST00000548565	protein_coding	0	0	0	1	0	0	0	0	0	0	0	0	0	0	0	0	0	0	0	0	0	0	0	0	0	0	1
MAP3K12	ENSG00000139625	ENST00000551895	retained_intron	0	0	0	1	0	0	0	0	0	0	0	0	0	0	0	0	0	0	0	0	0	0	0	0	0	0	1
MAP3K13	ENSG00000073803	ENST00000265026	protein_coding	0	0	0	2	0	0	0	0	0	0	0	0	0	0	0	2	0	0	0	0	0	0	0	0	0	0	0
MAP3K13	ENSG00000073803	ENST00000424227	protein_coding	0	0	0	2	0	0	0	0	0	0	0	0	0	0	0	2	0	0	0	0	0	0	0	0	0	0	0
MAP3K13	ENSG00000073803	ENST00000428617	protein_coding	0	0	0	1	0	0	0	0	0	0	0	0	0	0	0	1	0	0	0	0	0	0	0	0	0	0	0
MAP3K13	ENSG00000073803	ENST00000433092	nonsense_mediated_decay	0	0	0	1	0	0	0	0	0	0	0	0	0	0	0	1	0	0	0	0	0	0	0	0	0	0	0
MAP3K13	ENSG00000073803	ENST00000438053	nonsense_mediated_decay	0	0	0	2	0	0	0	0	0	0	0	0	0	0	0	2	0	0	0	0	0	0	0	0	0	0	0
MAP3K13	ENSG00000073803	ENST00000443863	protein_coding	0	0	0	2	0	0	0	0	0	0	0	0	0	0	0	2	0	0	0	0	0	0	0	0	0	0	0
MAP3K13	ENSG00000073803	ENST00000446828	protein_coding	0	0	0	2	0	0	0	0	0	0	0	0	0	0	0	2	0	0	0	0	0	0	0	0	0	0	0
MAP3K13	ENSG00000073803	ENST00000447637	protein_coding	0	0	0	1	0	0	0	0	0	0	0	0	0	0	0	1	0	0	0	0	0	0	0	0	0	0	0
MAPT-AS1	ENSG00000264589	ENST00000579244		0	0	0	1	0	0	0	0	0	0	0	0	0	0	0	1	0	0	0	0	0	0	0	0	0	0	0
MAPT-AS1	ENSG00000264589	ENST00000579599		0	0	0	1	0	0	0	0	0	0	0	0	0	0	0	1	0	0	0	0	0	0	0	0	0	0	0
MAPT-AS1	ENSG00000264589	ENST00000581125		0	0	0	1	0	0	0	0	0	0	0	0	0	0	0	0	0	0	0	0	0	0	0	0	0	0	1
MAPT-AS1	ENSG00000264589	ENST00000634876		0	0	0	1	0	0	0	0	0	0	0	0	0	0	0	1	0	0	0	0	0	0	0	0	0	0	0
MAPT-AS1	ENSG00000264589	ENST00000649665		0	0	0	1	0	0	0	0	0	0	0	0	0	0	0	1	0	0	0	0	0	0	0	0	0	0	0
MAPT-AS1	ENSG00000264589	ENST00000653949		0	0	0	1	0	0	0	0	0	0	0	0	0	0	0	1	0	0	0	0	0	0	0	0	0	0	0
MASP1	ENSG00000127241	ENST00000296280	protein_coding	0	0	0	1	0	0	0	0	0	0	0	0	1	0	0	0	0	0	0	0	0	0	0	0	0	0	0
MASP1	ENSG00000127241	ENST00000337774	protein_coding	0	1	0	1	0	0	0	0	0	0	0	0	0	0	0	1	0	0	0	0	0	0	0	0	0	1	0
MASP1	ENSG00000127241	ENST00000392472	protein_coding	0	0	0	1	0	0	0	0	0	0	0	0	1	0	0	0	0	0	0	0	0	0	0	0	0	0	0
MASP1	ENSG00000127241	ENST00000468121	processed_transcript	0	0	0	2	0	0	0	0	0	0	0	0	1	0	0	1	0	0	0	0	0	0	0	0	0	0	0
MASP1	ENSG00000127241	ENST00000480349	retained_intron	0	0	0	1	0	0	0	0	0	0	0	0	1	0	0	0	0	0	0	0	0	0	0	0	0	0	0
MAT1A	ENSG00000151224	ENST00000372213	protein_coding	0	0	0	1	1	0	0	0	0	0	0	0	0	0	0	0	0	0	0	0	0	0	0	0	0	0	0
MAT1A	ENSG00000151224	ENST00000455001	protein_coding	0	0	0	1	0	0	0	0	0	0	0	0	1	0	0	0	0	0	0	0	0	0	0	0	0	0	0
MAT1A	ENSG00000151224	ENST00000480845	processed_transcript	0	0	0	1	0	0	0	0	0	0	0	0	0	0	0	1	0	0	0	0	0	0	0	0	0	0	0
MAT1A	ENSG00000151224	ENST00000485270	processed_transcript	0	0	0	1	0	0	0	0	0	0	0	0	0	0	0	0	0	1	0	0	0	0	0	0	0	0	0
MBD4	ENSG00000129071	ENST00000249910	protein_coding	0	0	0	1	0	0	0	0	0	0	0	0	0	0	0	0	0	0	0	0	0	0	0	0	0	0	1
MBD4	ENSG00000129071	ENST00000393278	protein_coding	0	0	0	1	0	0	0	0	0	0	0	0	0	0	0	0	0	0	0	0	0	0	0	0	0	0	1
MBD4	ENSG00000129071	ENST00000429544	protein_coding	0	0	0	1	0	0	0	0	0	0	0	0	0	0	0	0	0	0	0	0	0	0	0	0	0	0	1
MBD4	ENSG00000129071	ENST00000503197	protein_coding	0	0	0	1	0	0	0	0	0	0	0	0	0	0	0	0	0	0	0	0	0	0	0	0	0	0	1
MBD4	ENSG00000129071	ENST00000505883	processed_transcript	0	0	0	1	0	0	0	0	0	0	0	0	0	0	0	0	0	0	0	0	0	0	0	0	0	0	1
MBD4	ENSG00000129071	ENST00000507208	protein_coding	0	0	0	1	0	0	0	0	0	0	0	0	0	0	0	0	0	0	0	0	0	0	0	0	0	0	1
MBD4	ENSG00000129071	ENST00000509587	processed_transcript	0	0	0	1	0	0	0	0	0	0	0	0	0	0	0	0	0	0	0	0	0	0	0	0	0	0	1
MBD4	ENSG00000129071	ENST00000509828	nonsense_mediated_decay	0	0	0	1	0	0	0	0	0	0	0	0	0	0	0	0	0	0	0	0	0	0	0	0	0	0	1
MBLAC1	ENSG00000214309	ENST00000398075	protein_coding	0	0	1	0	0	0	0	0	0	0	0	0	0	0	0	0	1	0	0	0	0	0	0	0	0	0	0
MBLAC1	ENSG00000214309	ENST00000421390	protein_coding	0	0	1	0	0	0	0	0	0	0	0	0	0	0	0	0	1	0	0	0	0	0	0	0	0	0	0
MCCC1	ENSG00000078070	ENST00000265594	protein_coding	0	0	1	0	0	0	0	0	0	0	0	0	0	0	0	0	1	0	0	0	0	1	0	0	0	0	0
MCCC1	ENSG00000078070	ENST00000466650	nonsense_mediated_decay	0	1	0	1	1	0	0	0	0	0	0	0	0	0	0	0	0	1	0	0	0	1	0	0	0	0	0
MCCC1	ENSG00000078070	ENST00000476176	protein_coding	0	0	1	0	0	0	0	0	0	0	0	0	0	0	0	0	1	0	0	0	0	1	0	0	0	0	0
MCCC1	ENSG00000078070	ENST00000486226	nonsense_mediated_decay	0	0	0	1	0	0	0	0	0	0	0	0	1	0	0	0	0	0	0	0	0	0	0	0	0	0	0
MCCC1	ENSG00000078070	ENST00000487634	nonsense_mediated_decay	0	1	0	1	1	0	0	0	0	0	0	0	0	0	0	0	0	1	0	0	0	1	0	0	0	0	0
MCCC1	ENSG00000078070	ENST00000490284	nonsense_mediated_decay	0	1	0	1	1	0	0	0	0	0	0	0	0	0	0	0	0	1	0	0	0	1	0	0	0	0	0
MCCC1	ENSG00000078070	ENST00000492597	protein_coding	0	0	1	0	0	0	0	0	0	0	0	0	0	0	0	0	1	0	0	0	0	1	0	0	0	0	0
MCCC1	ENSG00000078070	ENST00000495767	nonsense_mediated_decay	0	1	0	1	1	0	0	0	0	0	0	0	0	0	0	0	0	1	0	0	0	1	0	0	0	0	0
MCCC1	ENSG00000078070	ENST00000497830	nonsense_mediated_decay	0	1	0	1	1	0	0	0	0	0	0	0	0	0	0	0	0	1	0	0	0	1	0	0	0	0	0
MCCC1	ENSG00000078070	ENST00000497959	nonsense_mediated_decay	0	1	0	0	0	0	0	0	0	0	0	0	0	0	0	0	0	1	0	0	0	1	0	0	0	0	0
MCCC1	ENSG00000078070	ENST00000610757	protein_coding	0	0	1	0	0	0	0	0	0	0	0	0	0	0	0	0	1	0	0	0	0	1	0	0	0	0	0
MCCC1	ENSG00000078070	ENST00000629669	protein_coding	0	0	1	0	0	0	0	0	0	0	0	0	0	0	0	0	1	0	0	0	0	1	0	0	0	0	0
MCF2L2	ENSG00000053524	ENST00000328913	protein_coding	0	0	1	1	0	0	0	0	0	0	0	0	0	0	0	1	1	0	0	0	0	0	0	0	0	0	0
MCF2L2	ENSG00000053524	ENST00000447025	protein_coding	0	0	0	1	1	0	0	0	0	0	0	0	0	0	0	0	0	0	0	0	0	0	0	0	0	0	0
MCF2L2	ENSG00000053524	ENST00000464626	retained_intron	0	0	0	1	0	0	0	0	0	0	0	0	0	0	0	0	0	1	0	0	0	0	0	0	0	0	0
MCF2L2	ENSG00000053524	ENST00000468976	processed_transcript	0	0	0	1	0	0	0	0	0	0	0	0	1	0	0	0	0	0	0	0	0	0	0	0	0	0	0
MCF2L2	ENSG00000053524	ENST00000473233	protein_coding	0	0	1	1	0	0	0	0	0	0	0	0	0	0	0	1	1	0	0	0	0	0	0	0	0	0	0
MCF2L2	ENSG00000053524	ENST00000478652	retained_intron	0	0	0	1	0	0	0	0	0	0	0	0	0	0	0	0	0	1	0	0	0	0	0	0	0	0	0
MCF2L2	ENSG00000053524	ENST00000488149	retained_intron	0	0	0	1	0	0	0	0	0	0	0	0	0	0	0	0	0	1	0	0	0	0	0	0	0	0	0
MCM2	ENSG00000073111	ENST00000265056	protein_coding	0	0	0	1	0	0	0	0	0	0	0	0	0	0	0	1	0	0	0	0	0	0	0	0	0	0	0
MCM2	ENSG00000073111	ENST00000468414	processed_transcript	0	0	0	1	0	0	0	0	0	0	0	0	0	0	0	1	0	0	0	0	0	0	0	0	0	0	0
MCM2	ENSG00000073111	ENST00000473785	retained_intron	0	0	0	1	0	0	0	0	0	0	0	0	1	0	0	0	0	0	0	0	0	0	0	0	0	0	0
MCM2	ENSG00000073111	ENST00000474964	nonsense_mediated_decay	0	0	0	1	0	0	0	0	0	0	0	0	0	0	0	1	0	0	0	0	0	0	0	0	0	0	0
MCM2	ENSG00000073111	ENST00000477668	nonsense_mediated_decay	0	0	0	1	0	0	0	0	0	0	0	0	0	0	0	1	0	0	0	0	0	0	0	0	0	0	0
MCM2	ENSG00000073111	ENST00000491422	protein_coding	0	0	0	1	0	0	0	0	0	0	0	0	0	0	0	1	0	0	0	0	0	0	0	0	0	0	0
MDFIC	ENSG00000135272	ENST00000257724	protein_coding	0	0	0	1	0	0	0	0	0	0	0	0	0	0	0	1	0	0	0	0	0	0	0	0	0	0	0
MDFIC	ENSG00000135272	ENST00000393486	protein_coding	0	0	0	1	0	0	0	0	0	0	0	0	0	0	0	1	0	0	0	0	0	0	0	0	0	0	0
MDFIC	ENSG00000135272	ENST00000431629	nonsense_mediated_decay	0	0	0	2	1	0	0	0	0	0	0	0	0	0	0	0	0	1	0	0	0	0	0	0	0	0	0
MDFIC	ENSG00000135272	ENST00000498196	protein_coding	0	0	0	1	0	0	0	0	0	0	0	0	0	0	0	1	0	0	0	0	0	0	0	0	0	0	0
MDFIC	ENSG00000135272	ENST00000614186	protein_coding	0	0	0	1	0	0	0	0	0	0	0	0	0	0	0	1	0	0	0	0	0	0	0	0	0	0	0
MDM2	ENSG00000135679	ENST00000258148	protein_coding	0	0	0	1	0	0	0	0	0	0	0	0	0	0	0	0	0	0	0	0	0	0	0	0	0	0	1
MDM2	ENSG00000135679	ENST00000258149	protein_coding	0	0	0	1	0	0	0	0	0	0	0	0	0	0	0	0	0	0	0	0	0	0	0	0	0	0	1
MDM2	ENSG00000135679	ENST00000299252	protein_coding	0	0	0	1	0	0	0	0	0	0	0	0	0	0	0	0	0	0	0	0	0	0	0	0	0	0	1
MDM2	ENSG00000135679	ENST00000311420	nonsense_mediated_decay	0	0	0	1	0	0	0	0	0	0	0	0	0	0	0	0	0	0	0	0	0	0	0	0	0	0	1
MDM2	ENSG00000135679	ENST00000348801	protein_coding	0	0	0	1	0	0	0	0	0	0	0	0	0	0	0	0	0	0	0	0	0	0	0	0	0	0	1
MDM2	ENSG00000135679	ENST00000350057	protein_coding	0	0	0	1	0	0	0	0	0	0	0	0	0	0	0	0	0	0	0	0	0	0	0	0	0	0	1
MDM2	ENSG00000135679	ENST00000360430	protein_coding	0	0	0	1	0	0	0	0	0	0	0	0	0	0	0	0	0	0	0	0	0	0	0	0	0	0	1
MDM2	ENSG00000135679	ENST00000393410	protein_coding	0	0	0	1	0	0	0	0	0	0	0	0	0	0	0	0	0	0	0	0	0	0	0	0	0	0	1
MDM2	ENSG00000135679	ENST00000393412	protein_coding	0	0	0	1	0	0	0	0	0	0	0	0	0	0	0	0	0	0	0	0	0	0	0	0	0	0	1
MDM2	ENSG00000135679	ENST00000393413	protein_coding	0	0	0	1	0	0	0	0	0	0	0	0	0	0	0	0	0	0	0	0	0	0	0	0	0	0	1
MDM2	ENSG00000135679	ENST00000393415	protein_coding	0	0	0	1	0	0	0	0	0	0	0	0	0	0	0	0	0	0	0	0	0	0	0	0	0	0	1
MDM2	ENSG00000135679	ENST00000393416	protein_coding	0	0	0	1	0	0	0	0	0	0	0	0	0	0	0	0	0	0	0	0	0	0	0	0	0	0	1
MDM2	ENSG00000135679	ENST00000393417	nonsense_mediated_decay	0	0	0	1	0	0	0	0	0	0	0	0	0	0	0	0	0	0	0	0	0	0	0	0	0	0	1
MDM2	ENSG00000135679	ENST00000428863	protein_coding	0	0	0	1	0	0	0	0	0	0	0	0	0	0	0	0	0	0	0	0	0	0	0	0	0	0	1
MDM2	ENSG00000135679	ENST00000478070	protein_coding	0	0	0	1	0	0	0	0	0	0	0	0	0	0	0	0	0	0	0	0	0	0	0	0	0	0	1
MDM2	ENSG00000135679	ENST00000481186	nonsense_mediated_decay	0	0	0	1	0	0	0	0	0	0	0	0	0	0	0	0	0	0	0	0	0	0	0	0	0	0	1
MDM2	ENSG00000135679	ENST00000493419	retained_intron	0	0	0	1	0	0	0	0	0	0	0	0	0	0	0	0	0	0	0	0	0	0	0	0	0	0	1
MDM2	ENSG00000135679	ENST00000496959	nonsense_mediated_decay	0	0	0	1	0	0	0	0	0	0	0	0	0	0	0	0	0	0	0	0	0	0	0	0	0	0	1
MDM2	ENSG00000135679	ENST00000517852	protein_coding	0	0	0	1	0	0	0	0	0	0	0	0	0	0	0	0	0	0	0	0	0	0	0	0	0	0	1
MDM2	ENSG00000135679	ENST00000523991	protein_coding	0	0	0	1	0	0	0	0	0	0	0	0	0	0	0	0	0	0	0	0	0	0	0	0	0	0	1
MDM2	ENSG00000135679	ENST00000536089	nonsense_mediated_decay	0	0	0	1	0	0	0	0	0	0	0	0	0	0	0	0	0	0	0	0	0	0	0	0	0	0	1
MDM2	ENSG00000135679	ENST00000537182	nonsense_mediated_decay	0	0	0	1	0	0	0	0	0	0	0	0	0	0	0	0	0	0	0	0	0	0	0	0	0	0	1
MDM2	ENSG00000135679	ENST00000539479	protein_coding	0	0	0	1	0	0	0	0	0	0	0	0	0	0	0	0	0	0	0	0	0	0	0	0	0	0	1
MDM2	ENSG00000135679	ENST00000540352	nonsense_mediated_decay	0	0	0	1	0	0	0	0	0	0	0	0	0	0	0	0	0	0	0	0	0	0	0	0	0	0	1
MDM2	ENSG00000135679	ENST00000542502	nonsense_mediated_decay	0	0	0	1	0	0	0	0	0	0	0	0	0	0	0	0	0	0	0	0	0	0	0	0	0	0	1
MDM2	ENSG00000135679	ENST00000543323	protein_coding	0	0	0	1	0	0	0	0	0	0	0	0	0	0	0	0	0	0	0	0	0	0	0	0	0	0	1
MDM2	ENSG00000135679	ENST00000544561	protein_coding	0	0	0	1	0	0	0	0	0	0	0	0	0	0	0	0	0	0	0	0	0	0	0	0	0	0	1
MDM2	ENSG00000135679	ENST00000545204	protein_coding	0	0	0	1	0	0	0	0	0	0	0	0	0	0	0	0	0	0	0	0	0	0	0	0	0	0	1
MDM2	ENSG00000135679	ENST00000546048	nonsense_mediated_decay	0	0	0	1	0	0	0	0	0	0	0	0	0	0	0	0	0	0	0	0	0	0	0	0	0	0	1
MDM2	ENSG00000135679	ENST00000665020	nonsense_mediated_decay	0	0	0	1	0	0	0	0	0	0	0	0	0	0	0	0	0	0	0	0	0	0	0	0	0	0	1
MDM2	ENSG00000135679	ENST00000666617	nonsense_mediated_decay	0	0	0	1	0	0	0	0	0	0	0	0	0	0	0	0	0	0	0	0	0	0	0	0	0	0	1
MDM2	ENSG00000135679	ENST00000671567	nonsense_mediated_decay	0	0	0	1	0	0	0	0	0	0	0	0	0	0	0	0	0	0	0	0	0	0	0	0	0	0	1
MECOM	ENSG00000085276	ENST00000485957	processed_transcript	0	0	0	2	0	0	0	0	0	0	0	0	0	0	0	2	0	0	0	0	0	0	0	0	0	0	0
MECOM	ENSG00000085276	ENST00000486748	protein_coding	0	0	0	2	0	0	0	0	0	0	0	0	0	0	0	2	0	0	0	0	0	0	0	0	0	0	0
MECOM	ENSG00000085276	ENST00000494292	protein_coding	0	0	0	2	0	0	0	0	0	0	0	0	0	0	0	2	0	0	0	0	0	0	0	0	0	0	0
MECOM	ENSG00000085276	ENST00000651503	protein_coding	0	0	0	2	0	0	0	0	0	0	0	0	0	0	0	2	0	0	0	0	0	0	0	0	0	0	0
MEST	ENSG00000106484	ENST00000223215	protein_coding	0	0	0	2	2	0	0	0	0	0	0	0	0	0	0	0	0	0	0	0	0	0	0	0	0	0	0
MEST	ENSG00000106484	ENST00000341441	protein_coding	0	0	0	2	2	0	0	0	0	0	0	0	0	0	0	0	0	0	0	0	0	0	0	0	0	0	0
MEST	ENSG00000106484	ENST00000378576	protein_coding	0	0	0	2	2	0	0	0	0	0	0	0	0	0	0	0	0	0	0	0	0	0	0	0	0	0	0
MEST	ENSG00000106484	ENST00000393187	protein_coding	0	0	0	2	2	0	0	0	0	0	0	0	0	0	0	0	0	0	0	0	0	0	0	0	0	0	0
MEST	ENSG00000106484	ENST00000416162	protein_coding	0	0	0	2	2	0	0	0	0	0	0	0	0	0	0	0	0	0	0	0	0	0	0	0	0	0	0
MEST	ENSG00000106484	ENST00000421001	protein_coding	0	0	0	2	0	0	0	0	0	0	0	0	2	0	0	0	0	0	0	0	0	0	0	0	0	0	0
MEST	ENSG00000106484	ENST00000427521	protein_coding	0	0	0	2	2	0	0	0	0	0	0	0	0	0	0	0	0	0	0	0	0	0	0	0	0	0	0
MEST	ENSG00000106484	ENST00000437637	protein_coding	0	0	0	2	0	0	0	0	0	0	0	0	2	0	0	0	0	0	0	0	0	0	0	0	0	0	0
MEST	ENSG00000106484	ENST00000437945	protein_coding	0	0	0	2	2	0	0	0	0	0	0	0	0	0	0	0	0	0	0	0	0	0	0	0	0	0	0
MEST	ENSG00000106484	ENST00000462132	protein_coding	0	0	0	2	2	0	0	0	0	0	0	0	0	0	0	0	0	0	0	0	0	0	0	0	0	0	0
MEST	ENSG00000106484	ENST00000463263	protein_coding	0	0	0	2	2	0	0	0	0	0	0	0	0	0	0	0	0	0	0	0	0	0	0	0	0	0	0
MEST	ENSG00000106484	ENST00000488093	retained_intron	0	0	0	2	0	0	0	0	0	0	0	0	2	0	0	0	0	0	0	0	0	0	0	0	0	0	0
MFAP5	ENSG00000197614	ENST00000535411	protein_coding	0	0	0	1	1	0	0	0	0	0	0	0	0	0	0	0	0	0	0	0	0	0	0	0	0	0	0
MFAP5	ENSG00000197614	ENST00000543467	protein_coding	0	0	0	1	0	0	0	0	0	0	0	0	1	0	0	0	0	0	0	0	0	0	0	0	0	0	0
MFN1	ENSG00000171109	ENST00000263969	protein_coding	0	1	0	0	0	0	0	0	0	0	0	0	0	0	0	0	0	0	0	0	0	0	0	0	0	1	0
MFN1	ENSG00000171109	ENST00000357390	nonsense_mediated_decay	0	0	0	2	1	0	0	0	0	0	0	0	0	0	0	0	0	1	0	0	0	0	0	0	0	0	0
MFN1	ENSG00000171109	ENST00000466287	retained_intron	0	0	0	1	0	0	0	0	0	0	0	0	1	0	0	0	0	0	0	0	0	0	0	0	0	0	0
MFN1	ENSG00000171109	ENST00000471841	protein_coding	0	1	0	0	0	0	0	0	0	0	0	0	0	0	0	0	0	0	0	0	0	0	0	0	0	1	0
MFN1	ENSG00000171109	ENST00000474903	protein_coding	0	0	0	1	0	0	0	0	0	0	0	0	0	0	0	1	0	0	0	0	0	0	0	0	0	0	0
MFN1	ENSG00000171109	ENST00000480636	retained_intron	0	0	0	1	0	0	0	0	0	0	0	0	0	0	0	0	0	1	0	0	0	0	0	0	0	0	0
MFN1	ENSG00000171109	ENST00000482661	retained_intron	0	0	0	1	0	0	0	0	0	0	0	0	0	0	0	0	0	1	0	0	0	0	0	0	0	0	0
MGLL	ENSG00000074416	ENST00000265052	protein_coding	0	0	0	1	1	0	0	0	0	0	0	0	0	0	0	0	0	0	0	0	0	0	0	0	0	0	0
MGLL	ENSG00000074416	ENST00000398101	protein_coding	0	0	0	1	0	0	0	0	0	0	0	0	1	0	0	0	0	0	0	0	0	0	0	0	0	0	0
MGLL	ENSG00000074416	ENST00000398104	protein_coding	0	0	0	1	1	0	0	0	0	0	0	0	0	0	0	0	0	0	0	0	0	0	0	0	0	0	0
MGLL	ENSG00000074416	ENST00000434178	protein_coding	0	0	0	1	1	0	0	0	0	0	0	0	0	0	0	0	0	0	0	0	0	0	0	0	0	0	0
MGLL	ENSG00000074416	ENST00000453507	protein_coding	0	0	0	1	1	0	0	0	0	0	0	0	0	0	0	0	0	0	0	0	0	0	0	0	0	0	0
MGLL	ENSG00000074416	ENST00000476682	processed_transcript	0	0	0	1	0	0	0	0	0	0	0	0	1	0	0	0	0	0	0	0	0	0	0	0	0	0	0
MGLL	ENSG00000074416	ENST00000484451	protein_coding	0	0	0	1	0	0	0	0	0	0	0	0	1	0	0	0	0	0	0	0	0	0	0	0	0	0	0
MGLL	ENSG00000074416	ENST00000487473	protein_coding	0	0	0	1	0	0	0	0	0	0	0	0	1	0	0	0	0	0	0	0	0	0	0	0	0	0	0
MGLL	ENSG00000074416	ENST00000496306	protein_coding	0	0	0	1	0	0	0	0	0	0	0	0	1	0	0	0	0	0	0	0	0	0	0	0	0	0	0
MGLL	ENSG00000074416	ENST00000648300	protein_coding	0	0	0	2	0	0	0	0	0	0	0	0	1	0	0	1	0	0	0	0	0	0	0	0	0	0	0
MICU1	ENSG00000107745	ENST00000361114	protein_coding	0	1	0	0	0	0	0	0	0	0	0	0	0	0	0	1	0	0	0	0	0	1	0	0	0	0	0
MICU1	ENSG00000107745	ENST00000398761	protein_coding	0	1	0	0	0	0	0	0	0	0	0	0	0	0	0	1	0	0	0	0	0	1	0	0	0	0	0
MICU1	ENSG00000107745	ENST00000398763	protein_coding	0	1	0	0	0	0	0	0	0	0	0	0	0	0	0	1	0	0	0	0	0	1	0	0	0	0	0
MICU1	ENSG00000107745	ENST00000418483	protein_coding	0	1	0	0	0	0	0	0	0	0	0	0	0	0	0	1	0	0	0	0	0	1	0	0	0	0	0
MICU1	ENSG00000107745	ENST00000476605	nonsense_mediated_decay	0	1	0	0	0	0	0	0	0	0	0	0	0	0	0	1	0	0	0	0	0	1	0	0	0	0	0
MICU1	ENSG00000107745	ENST00000635239	protein_coding	0	1	0	0	0	0	0	0	0	0	0	0	0	0	0	1	0	0	0	0	0	1	0	0	0	0	0
MICU1	ENSG00000107745	ENST00000642044	protein_coding	0	1	0	0	0	0	0	0	0	0	0	0	0	0	0	1	0	0	0	0	0	1	0	0	0	0	0
MIPEP	ENSG00000027001	ENST00000382172	protein_coding	0	0	0	1	0	0	0	0	0	0	0	0	0	0	0	1	0	0	0	0	0	0	0	0	0	0	0
MIPEP	ENSG00000027001	ENST00000433710	processed_transcript	0	0	0	1	0	0	0	0	0	0	0	0	0	0	0	1	0	0	0	0	0	0	0	0	0	0	0
MIPEP	ENSG00000027001	ENST00000464194	processed_transcript	0	0	0	1	0	0	0	0	0	0	0	0	0	0	0	1	0	0	0	0	0	0	0	0	0	0	0
MIPEPP3	ENSG00000233325	ENST00000412105	transcribed_unprocessed_pseudogene	0	0	0	1	0	0	0	0	0	0	0	0	0	0	0	0	0	0	0	0	0	0	0	0	0	0	1
MIPEPP3	ENSG00000233325	ENST00000424756	processed_transcript	0	0	0	1	0	0	0	0	0	0	0	0	0	0	0	0	0	0	0	0	0	0	0	0	0	0	1
MIR141	ENSG00000207708	ENST00000384975	miRNA	0	0	0	1	0	0	0	0	0	0	0	0	1	0	0	0	0	0	0	0	0	0	0	0	0	0	0
MIR200C	ENSG00000207713	ENST00000384980	miRNA	0	0	0	1	0	0	0	0	0	0	0	0	1	0	0	0	0	0	0	0	0	0	0	0	0	0	0
MIR200CHG	ENSG00000257084	ENST00000537269		0	0	0	1	0	0	0	0	0	0	0	0	1	0	0	0	0	0	0	0	0	0	0	0	0	0	0
MIR3615	ENSG00000284186	ENST00000581999	miRNA	0	0	0	1	0	0	0	0	0	0	0	0	0	0	0	0	0	1	0	0	0	0	0	0	0	0	0
MIR378J	ENSG00000274620	ENST00000611988	miRNA	0	0	0	1	0	0	0	0	0	0	0	0	1	0	0	0	0	0	0	0	0	0	0	0	0	0	0
MIR4657	ENSG00000284261	ENST00000578157	miRNA	0	0	0	1	0	0	0	0	0	0	0	0	1	0	0	0	0	0	0	0	0	0	0	0	0	0	0
MIR590	ENSG00000207741	ENST00000385008	miRNA	0	0	0	1	0	0	0	0	0	0	0	0	0	0	0	0	0	0	0	0	0	0	0	0	0	0	1
MIR6510	ENSG00000283796	ENST00000613845	miRNA	0	0	0	1	0	0	0	0	0	0	0	0	1	0	0	0	0	0	0	0	0	0	0	0	0	0	0
MIR6784	ENSG00000277249	ENST00000611997	miRNA	0	0	0	1	0	0	0	0	0	0	0	0	0	0	0	0	0	0	0	0	0	0	0	0	0	0	1
MIR6787	ENSG00000284574	ENST00000616675	miRNA	0	0	0	1	0	0	0	0	0	0	0	0	1	0	0	0	0	0	0	0	0	0	0	0	0	0	0
MIR936	ENSG00000283788	ENST00000401264	miRNA	0	0	0	1	0	0	0	0	0	0	0	0	1	0	0	0	0	0	0	0	0	0	0	0	0	0	0
MMD2	ENSG00000136297	ENST00000401401	protein_coding	0	0	0	1	0	0	0	0	0	0	0	0	0	0	0	1	0	0	0	0	0	0	0	0	0	0	0
MMD2	ENSG00000136297	ENST00000404774	protein_coding	0	0	0	1	0	0	0	0	0	0	0	0	0	0	0	1	0	0	0	0	0	0	0	0	0	0	0
MMD2	ENSG00000136297	ENST00000406755	protein_coding	0	0	0	1	0	0	0	0	0	0	0	0	0	0	0	1	0	0	0	0	0	0	0	0	0	0	0
MMD2	ENSG00000136297	ENST00000612910	protein_coding	0	0	0	1	0	0	0	0	0	0	0	0	1	0	0	0	0	0	0	0	0	0	0	0	0	0	0
MMP17	ENSG00000198598	ENST00000360564	protein_coding	0	0	0	1	0	0	0	0	0	0	0	0	0	0	0	1	0	0	0	0	0	0	0	0	0	0	0
MMP17	ENSG00000198598	ENST00000534865	protein_coding	0	0	0	1	0	0	0	0	0	0	0	0	0	0	0	1	0	0	0	0	0	0	0	0	0	0	0
MMP17	ENSG00000198598	ENST00000535004	protein_coding	0	0	0	1	0	0	0	0	0	0	0	0	0	0	0	0	0	0	0	0	0	0	0	0	0	0	1
MMP17	ENSG00000198598	ENST00000535182	processed_transcript	0	0	0	1	0	0	0	0	0	0	0	0	0	0	0	1	0	0	0	0	0	0	0	0	0	0	0
MMP17	ENSG00000198598	ENST00000535291	protein_coding	0	0	0	1	0	0	0	0	0	0	0	0	0	0	0	1	0	0	0	0	0	0	0	0	0	0	0
MMP17	ENSG00000198598	ENST00000537848	nonsense_mediated_decay	0	0	0	1	0	0	0	0	0	0	0	0	0	0	0	0	0	0	0	0	0	0	0	0	0	0	1
MMP17	ENSG00000198598	ENST00000542142	retained_intron	0	0	0	1	0	0	0	0	0	0	0	0	0	0	0	0	0	1	0	0	0	0	0	0	0	0	0
MMP17	ENSG00000198598	ENST00000542648	protein_coding	0	0	0	1	0	0	0	0	0	0	0	0	0	0	0	0	0	0	0	0	0	0	0	0	0	0	1
MMP17	ENSG00000198598	ENST00000545671	protein_coding	0	0	0	1	0	0	0	0	0	0	0	0	1	0	0	0	0	0	0	0	0	0	0	0	0	0	0
MMP17	ENSG00000198598	ENST00000545790	protein_coding	0	0	0	1	0	0	0	0	0	0	0	0	1	0	0	0	0	0	0	0	0	0	0	0	0	0	0
MMP21	ENSG00000154485	ENST00000651834	nonsense_mediated_decay	0	0	0	2	0	0	0	0	0	0	0	0	0	0	0	2	0	0	0	0	0	0	0	0	0	0	0
MMP21	ENSG00000154485	ENST00000651977	protein_coding	0	0	0	2	0	0	0	0	0	0	0	0	2	0	0	0	0	0	0	0	0	0	0	0	0	0	0
MMP21	ENSG00000154485	ENST00000652044	protein_coding	0	0	0	2	0	0	0	0	0	0	0	0	2	0	0	0	0	0	0	0	0	0	0	0	0	0	0
MNX1	ENSG00000130675	ENST00000252971	protein_coding	0	0	1	0	0	0	0	0	0	0	0	0	0	0	0	0	1	0	0	0	0	0	0	0	0	0	0
MNX1	ENSG00000130675	ENST00000425745	protein_coding	0	0	0	1	0	0	0	0	0	0	0	0	1	0	0	0	0	0	0	0	0	0	0	0	0	0	0
MNX1	ENSG00000130675	ENST00000428439	protein_coding	0	0	0	1	0	0	0	0	0	0	0	0	1	0	0	0	0	0	0	0	0	0	0	0	0	0	0
MNX1	ENSG00000130675	ENST00000469500	protein_coding	0	0	0	1	0	0	0	0	0	0	0	0	0	0	0	1	0	0	0	0	0	0	0	0	0	0	0
MNX1	ENSG00000130675	ENST00000474448	nonsense_mediated_decay	0	0	0	1	0	0	0	0	0	0	0	0	1	0	0	0	0	0	0	0	0	0	0	0	0	0	0
MNX1	ENSG00000130675	ENST00000479817	protein_coding	0	0	0	1	0	0	0	0	0	0	0	0	0	0	0	1	0	0	0	0	0	0	0	0	0	0	0
MNX1	ENSG00000130675	ENST00000543409	protein_coding	0	0	1	0	0	0	0	0	0	0	0	0	0	0	0	0	1	0	0	0	0	0	0	0	0	0	0
MNX1	ENSG00000130675	ENST00000605400	retained_intron	0	0	0	1	0	0	0	0	0	0	0	0	1	0	0	0	0	0	0	0	0	0	0	0	0	0	0
MNX1-AS2	ENSG00000235029	ENST00000429228		0	0	0	1	0	0	0	0	0	0	0	0	0	0	0	0	0	0	0	0	0	0	0	0	0	0	1
MOBP	ENSG00000168314	ENST00000311042	protein_coding	0	0	0	1	1	0	0	0	0	0	0	0	0	0	0	0	0	0	0	0	0	0	0	0	0	0	0
MOBP	ENSG00000168314	ENST00000383754	protein_coding	0	0	0	1	1	0	0	0	0	0	0	0	0	0	0	0	0	0	0	0	0	0	0	0	0	0	0
MOBP	ENSG00000168314	ENST00000415443	protein_coding	0	0	0	1	0	0	0	0	0	0	0	0	1	0	0	0	0	0	0	0	0	0	0	0	0	0	0
MOBP	ENSG00000168314	ENST00000420739	protein_coding	0	0	0	1	0	0	0	0	0	0	0	0	1	0	0	0	0	0	0	0	0	0	0	0	0	0	0
MOBP	ENSG00000168314	ENST00000424090	nonsense_mediated_decay	0	0	0	1	0	0	0	0	0	0	0	0	0	0	0	1	0	0	0	0	0	0	0	0	0	0	0
MOBP	ENSG00000168314	ENST00000428261	protein_coding	0	0	0	1	0	0	0	0	0	0	0	0	1	0	0	0	0	0	0	0	0	0	0	0	0	0	0
MOBP	ENSG00000168314	ENST00000442631	nonsense_mediated_decay	0	0	0	1	0	0	0	0	0	0	0	0	0	0	0	1	0	0	0	0	0	0	0	0	0	0	0
MOBP	ENSG00000168314	ENST00000447324	protein_coding	0	0	0	1	0	0	0	0	0	0	0	0	1	0	0	0	0	0	0	0	0	0	0	0	0	0	0
MOBP	ENSG00000168314	ENST00000452959	nonsense_mediated_decay	0	0	0	1	0	0	0	0	0	0	0	0	0	0	0	1	0	0	0	0	0	0	0	0	0	0	0
MOBP	ENSG00000168314	ENST00000479860	processed_transcript	0	0	0	1	0	0	0	0	0	0	0	0	0	0	0	1	0	0	0	0	0	0	0	0	0	0	0
MOGAT3	ENSG00000106384	ENST00000223114	protein_coding	0	0	0	1	0	0	0	0	0	0	0	0	0	0	0	1	0	0	0	0	0	0	0	0	0	0	0
MOGAT3	ENSG00000106384	ENST00000379423	protein_coding	0	0	0	1	0	0	0	0	0	0	0	0	0	0	0	1	0	0	0	0	0	0	0	0	0	0	0
MOGAT3	ENSG00000106384	ENST00000440203	protein_coding	0	0	0	1	0	0	0	0	0	0	0	0	0	0	0	1	0	0	0	0	0	0	0	0	0	0	0
MOGAT3	ENSG00000106384	ENST00000649999	retained_intron	0	0	0	1	0	0	0	0	0	0	0	0	1	0	0	0	0	0	0	0	0	0	0	0	0	0	0
MPDU1	ENSG00000129255	ENST00000250124	protein_coding	0	0	0	1	0	0	0	0	0	0	0	0	1	0	0	0	0	0	0	0	0	0	0	0	0	0	0
MPDU1	ENSG00000129255	ENST00000359822	nonsense_mediated_decay	0	0	0	1	0	0	0	0	0	0	0	0	1	0	0	0	0	0	0	0	0	0	0	0	0	0	0
MPDU1	ENSG00000129255	ENST00000396501	protein_coding	0	0	0	1	0	0	0	0	0	0	0	0	1	0	0	0	0	0	0	0	0	0	0	0	0	0	0
MPDU1	ENSG00000129255	ENST00000423172	protein_coding	0	0	0	1	0	0	0	0	0	0	0	0	0	0	0	1	0	0	0	0	0	0	0	0	0	0	0
MPDU1	ENSG00000129255	ENST00000570458	nonsense_mediated_decay	0	0	0	1	0	0	0	0	0	0	0	0	1	0	0	0	0	0	0	0	0	0	0	0	0	0	0
MPDU1	ENSG00000129255	ENST00000571391	retained_intron	0	0	0	1	0	0	0	0	0	0	0	0	1	0	0	0	0	0	0	0	0	0	0	0	0	0	0
MPDU1	ENSG00000129255	ENST00000571822	nonsense_mediated_decay	0	0	0	1	0	0	0	0	0	0	0	0	1	0	0	0	0	0	0	0	0	0	0	0	0	0	0
MPDU1	ENSG00000129255	ENST00000571877	retained_intron	0	0	0	1	0	0	0	0	0	0	0	0	1	0	0	0	0	0	0	0	0	0	0	0	0	0	0
MPDU1	ENSG00000129255	ENST00000572719	nonsense_mediated_decay	0	0	0	1	0	0	0	0	0	0	0	0	1	0	0	0	0	0	0	0	0	0	0	0	0	0	0
MPDU1	ENSG00000129255	ENST00000572836	retained_intron	0	0	0	1	0	0	0	0	0	0	0	0	1	0	0	0	0	0	0	0	0	0	0	0	0	0	0
MPDU1	ENSG00000129255	ENST00000572936	nonsense_mediated_decay	0	0	0	1	0	0	0	0	0	0	0	0	1	0	0	0	0	0	0	0	0	0	0	0	0	0	0
MPDU1	ENSG00000129255	ENST00000574558	nonsense_mediated_decay	0	0	0	1	0	0	0	0	0	0	0	0	1	0	0	0	0	0	0	0	0	0	0	0	0	0	0
MPDU1	ENSG00000129255	ENST00000575256	retained_intron	0	0	0	1	0	0	0	0	0	0	0	0	1	0	0	0	0	0	0	0	0	0	0	0	0	0	0
MPDU1	ENSG00000129255	ENST00000576066	nonsense_mediated_decay	0	0	0	1	0	0	0	0	0	0	0	0	1	0	0	0	0	0	0	0	0	0	0	0	0	0	0
MPDU1	ENSG00000129255	ENST00000576272	nonsense_mediated_decay	0	0	0	1	0	0	0	0	0	0	0	0	1	0	0	0	0	0	0	0	0	0	0	0	0	0	0
MPDU1	ENSG00000129255	ENST00000577088	retained_intron	0	0	0	1	0	0	0	0	0	0	0	0	1	0	0	0	0	0	0	0	0	0	0	0	0	0	0
MPDU1	ENSG00000129255	ENST00000578267	retained_intron	0	0	0	1	0	0	0	0	0	0	0	0	1	0	0	0	0	0	0	0	0	0	0	0	0	0	0
MPDU1	ENSG00000129255	ENST00000579445	protein_coding	0	0	0	1	0	0	0	0	0	0	0	0	1	0	0	0	0	0	0	0	0	0	0	0	0	0	0
MPDU1	ENSG00000129255	ENST00000580708	nonsense_mediated_decay	0	0	0	1	0	0	0	0	0	0	0	0	1	0	0	0	0	0	0	0	0	0	0	0	0	0	0
MPDU1	ENSG00000129255	ENST00000580834	nonsense_mediated_decay	0	0	0	1	0	0	0	0	0	0	0	0	1	0	0	0	0	0	0	0	0	0	0	0	0	0	0
MPDU1	ENSG00000129255	ENST00000581380	protein_coding	0	0	0	1	0	0	0	0	0	0	0	0	1	0	0	0	0	0	0	0	0	0	0	0	0	0	0
MPDU1	ENSG00000129255	ENST00000581886	retained_intron	0	0	0	1	0	0	0	0	0	0	0	0	1	0	0	0	0	0	0	0	0	0	0	0	0	0	0
MPDU1	ENSG00000129255	ENST00000582151	protein_coding	0	0	0	1	0	0	0	0	0	0	0	0	1	0	0	0	0	0	0	0	0	0	0	0	0	0	0
MPDU1	ENSG00000129255	ENST00000584378	protein_coding	0	0	0	1	0	0	0	0	0	0	0	0	0	0	0	1	0	0	0	0	0	0	0	0	0	0	0
MPDU1	ENSG00000129255	ENST00000584479	nonsense_mediated_decay	0	0	0	1	0	0	0	0	0	0	0	0	1	0	0	0	0	0	0	0	0	0	0	0	0	0	0
MPDU1	ENSG00000129255	ENST00000585188	retained_intron	0	0	0	1	0	0	0	0	0	0	0	0	1	0	0	0	0	0	0	0	0	0	0	0	0	0	0
MPDU1	ENSG00000129255	ENST00000585217	protein_coding	0	0	0	1	0	0	0	0	0	0	0	0	1	0	0	0	0	0	0	0	0	0	0	0	0	0	0
MRPL10	ENSG00000159111	ENST00000290208	protein_coding	0	0	0	1	0	0	0	0	0	0	0	0	0	0	0	1	0	0	0	0	0	0	0	0	0	0	0
MRPL10	ENSG00000159111	ENST00000351111	protein_coding	0	0	0	1	0	0	0	0	0	0	0	0	0	0	0	1	0	0	0	0	0	0	0	0	0	0	0
MRPL10	ENSG00000159111	ENST00000414011	protein_coding	0	0	0	1	0	0	0	0	0	0	0	0	0	0	0	1	0	0	0	0	0	0	0	0	0	0	0
MRPL10	ENSG00000159111	ENST00000421763	nonsense_mediated_decay	0	0	0	1	0	0	0	0	0	0	0	0	0	0	0	1	0	0	0	0	0	0	0	0	0	0	0
MRPL10	ENSG00000159111	ENST00000423147	nonsense_mediated_decay	0	0	0	1	0	0	0	0	0	0	0	0	0	0	0	1	0	0	0	0	0	0	0	0	0	0	0
MRPL10	ENSG00000159111	ENST00000466016	retained_intron	0	0	0	1	0	0	0	0	0	0	0	0	0	0	0	1	0	0	0	0	0	0	0	0	0	0	0
MRPL10	ENSG00000159111	ENST00000480901	retained_intron	0	0	0	1	0	0	0	0	0	0	0	0	0	0	0	0	0	1	0	0	0	0	0	0	0	0	0
MRPS18AP1	ENSG00000229759	ENST00000414458	processed_pseudogene	0	0	0	1	0	0	0	0	0	0	0	0	0	0	0	0	0	1	0	0	0	0	0	0	0	0	0
MRPS31P2	ENSG00000232894	ENST00000451581	unprocessed_pseudogene	0	0	0	1	0	0	0	0	0	0	0	0	0	0	0	1	0	0	0	0	0	0	0	0	0	0	0
MSI1	ENSG00000135097	ENST00000257552	protein_coding	0	0	0	1	0	0	0	0	0	0	0	0	0	0	0	1	0	0	0	0	0	0	0	0	0	0	0
MSI1	ENSG00000135097	ENST00000546622	processed_transcript	0	0	0	1	0	0	0	0	0	0	0	0	1	0	0	0	0	0	0	0	0	0	0	0	0	0	0
MSI1	ENSG00000135097	ENST00000546985	protein_coding	0	0	0	1	0	0	0	0	0	0	0	0	0	0	0	1	0	0	0	0	0	0	0	0	0	0	0
MST1	ENSG00000173531	ENST00000448220	protein_coding	0	0	0	2	0	0	0	0	0	0	0	0	0	0	0	0	0	0	0	0	0	0	0	0	0	0	2
MST1	ENSG00000173531	ENST00000449682	protein_coding	0	0	1	1	0	0	0	1	0	0	0	0	0	0	0	0	1	0	0	0	0	0	0	0	0	0	0
MST1	ENSG00000173531	ENST00000468847	retained_intron	0	0	0	2	0	0	0	0	0	0	0	0	0	0	0	0	0	0	0	0	0	0	0	0	0	0	2
MST1	ENSG00000173531	ENST00000479115	retained_intron	0	0	0	2	0	0	0	0	0	0	0	0	0	0	0	0	0	0	0	0	0	0	0	0	0	0	2
MST1	ENSG00000173531	ENST00000480268	retained_intron	0	0	0	2	0	0	0	0	0	0	0	0	0	0	0	0	0	0	0	0	0	0	0	0	0	0	2
MST1	ENSG00000173531	ENST00000481055	retained_intron	0	0	0	2	0	0	0	0	0	0	0	0	0	0	0	0	0	1	0	0	0	0	0	0	0	0	1
MST1	ENSG00000173531	ENST00000481930	retained_intron	0	0	0	2	0	0	0	0	0	0	0	0	0	0	0	0	0	0	0	0	0	0	0	0	0	0	2
MST1	ENSG00000173531	ENST00000484144	retained_intron	0	0	0	2	0	0	0	0	0	0	0	0	0	0	0	0	0	0	0	0	0	0	0	0	0	0	2
MST1	ENSG00000173531	ENST00000484269	retained_intron	0	0	0	2	0	0	0	0	0	0	0	0	0	0	0	0	0	1	0	0	0	0	0	0	0	0	1
MST1	ENSG00000173531	ENST00000484673	retained_intron	0	0	0	2	0	0	0	0	0	0	0	0	0	0	0	0	0	1	0	0	0	0	0	0	0	0	1
MST1	ENSG00000173531	ENST00000488350	retained_intron	0	0	0	2	0	0	0	0	0	0	0	0	0	0	0	0	0	2	0	0	0	0	0	0	0	0	0
MST1	ENSG00000173531	ENST00000489007	retained_intron	0	0	0	2	0	0	0	0	0	0	0	0	0	0	0	0	0	0	0	0	0	0	0	0	0	0	2
MST1	ENSG00000173531	ENST00000490966	retained_intron	0	0	0	2	0	0	0	0	0	0	0	0	0	0	0	0	0	1	0	0	0	0	0	0	0	0	1
MST1	ENSG00000173531	ENST00000491943	processed_transcript	0	0	0	2	0	0	0	0	0	0	0	0	1	0	0	1	0	0	0	0	0	0	0	0	0	0	0
MST1	ENSG00000173531	ENST00000492329	retained_intron	0	0	0	2	0	0	0	0	0	0	0	0	0	0	0	0	0	0	0	0	0	0	0	0	0	0	2
MST1	ENSG00000173531	ENST00000492370	retained_intron	0	0	0	2	0	0	0	0	0	0	0	0	0	0	0	0	0	1	0	0	0	0	0	0	0	0	1
MST1	ENSG00000173531	ENST00000493836	retained_intron	0	0	0	2	0	0	0	0	0	0	0	0	0	0	0	0	0	0	0	0	0	0	0	0	0	0	2
MST1	ENSG00000173531	ENST00000494809	retained_intron	0	0	0	2	0	0	0	0	0	0	0	0	0	0	0	0	0	0	0	0	0	0	0	0	0	0	2
MST1	ENSG00000173531	ENST00000494828	processed_transcript	0	0	0	2	0	0	0	0	0	0	0	0	0	0	0	0	0	1	0	0	0	0	0	0	0	0	1
MST1	ENSG00000173531	ENST00000497359	retained_intron	0	0	0	2	0	0	0	0	0	0	0	0	0	0	0	0	0	0	0	0	0	0	0	0	0	0	2
MST1	ENSG00000173531	ENST00000498021	retained_intron	0	0	0	2	0	0	0	0	0	0	0	0	0	0	0	0	0	0	0	0	0	0	0	0	0	0	2
MTCL1P1	ENSG00000226554	ENST00000446207	processed_pseudogene	0	0	0	1	0	0	0	0	0	0	0	0	1	0	0	0	0	0	0	0	0	0	0	0	0	0	0
MUC12	ENSG00000205277	ENST00000379442	protein_coding	0	0	0	2	0	0	0	0	0	0	0	0	0	0	0	2	0	0	0	0	0	0	0	0	0	0	0
MUC12	ENSG00000205277	ENST00000536621	protein_coding	0	0	0	2	0	0	0	0	0	0	0	0	0	0	0	2	0	0	0	0	0	0	0	0	0	0	0
MUC3A	ENSG00000169894	ENST00000379458	protein_coding	0	0	0	2	0	0	0	0	0	0	0	0	2	0	0	0	0	0	0	0	0	0	0	0	0	0	0
MYBBP1A	ENSG00000132382	ENST00000254718	protein_coding	0	0	1	0	0	0	0	0	0	0	0	0	0	0	0	0	1	0	0	0	0	0	0	0	0	0	0
MYBBP1A	ENSG00000132382	ENST00000381556	protein_coding	0	0	1	0	0	0	0	0	0	0	0	0	0	0	0	0	1	0	0	0	0	0	0	0	0	0	0
MYBBP1A	ENSG00000132382	ENST00000571354	retained_intron	0	0	0	1	0	0	0	0	0	0	0	0	0	0	0	0	0	1	0	0	0	0	0	0	0	0	0
MYBBP1A	ENSG00000132382	ENST00000571368	retained_intron	0	0	0	1	0	0	0	0	0	0	0	0	0	0	0	0	0	0	0	0	0	0	0	0	0	0	1
MYBBP1A	ENSG00000132382	ENST00000572759	protein_coding	0	0	0	1	0	0	0	0	0	0	0	0	0	0	0	0	0	0	0	0	0	0	0	0	0	0	1
MYBBP1A	ENSG00000132382	ENST00000573116	protein_coding	0	0	1	0	0	0	0	0	0	0	0	0	0	0	0	0	1	0	0	0	0	0	0	0	0	0	0
MYBBP1A	ENSG00000132382	ENST00000573175	retained_intron	0	0	0	1	0	0	0	0	0	0	0	0	1	0	0	0	0	0	0	0	0	0	0	0	0	0	0
MYBBP1A	ENSG00000132382	ENST00000573723	protein_coding	0	0	0	1	0	0	0	0	0	0	0	0	0	0	0	1	0	0	0	0	0	0	0	0	0	0	0
MYBBP1A	ENSG00000132382	ENST00000574167	retained_intron	0	0	0	1	0	0	0	0	0	0	0	0	0	0	0	0	0	0	0	0	0	0	0	0	0	0	1
MYBBP1A	ENSG00000132382	ENST00000574547	retained_intron	0	0	0	1	0	0	0	0	0	0	0	0	0	0	0	0	0	0	0	0	0	0	0	0	0	0	1
MYBBP1A	ENSG00000132382	ENST00000574934	retained_intron	0	0	0	1	0	0	0	0	0	0	0	0	0	0	0	0	0	0	0	0	0	0	0	0	0	0	1
MYBBP1A	ENSG00000132382	ENST00000575662	retained_intron	0	0	0	1	0	0	0	0	0	0	0	0	0	0	0	0	0	0	0	0	0	0	0	0	0	0	1
MYH1	ENSG00000109061	ENST00000226207	protein_coding	0	0	1	0	0	0	0	0	0	0	0	0	0	0	0	0	1	0	0	0	0	0	0	0	0	0	0
MYH4	ENSG00000264424	ENST00000255381	protein_coding	1	0	0	0	0	0	0	0	0	0	0	0	0	0	1	0	0	0	0	0	0	0	0	0	0	0	0
MYHAS	ENSG00000272975	ENST00000587182		0	0	0	2	0	0	0	0	0	0	0	0	0	0	0	2	0	0	0	0	0	0	0	0	0	0	0
MYO15A	ENSG00000091536	ENST00000412324	processed_transcript	0	0	0	1	0	0	0	0	0	0	0	0	1	0	0	0	0	0	0	0	0	0	0	0	0	0	0
MYO15A	ENSG00000091536	ENST00000578999	retained_intron	0	0	0	1	0	0	0	0	0	0	0	0	0	0	0	0	0	0	0	0	0	0	0	0	0	0	1
MYO15A	ENSG00000091536	ENST00000583079	retained_intron	0	0	0	1	0	0	0	0	0	0	0	0	0	0	0	0	0	1	0	0	0	0	0	0	0	0	0
MYO15A	ENSG00000091536	ENST00000615845	protein_coding	0	1	0	1	0	0	0	0	0	0	0	0	0	0	0	1	0	0	0	0	0	0	0	0	0	1	0
MYO15A	ENSG00000091536	ENST00000646238	processed_transcript	0	0	0	1	0	0	0	0	0	0	0	0	1	0	0	0	0	0	0	0	0	0	0	0	0	0	0
MYO15A	ENSG00000091536	ENST00000647165	protein_coding	0	1	0	1	0	0	0	0	0	0	0	0	0	0	0	1	0	0	0	0	0	0	0	0	0	1	0
MYO15A	ENSG00000091536	ENST00000651088	protein_coding	0	0	0	1	0	0	0	0	0	0	0	0	0	0	0	0	0	0	0	0	0	0	0	0	0	0	1
MYO15B	ENSG00000266714	ENST00000577342	nonsense_mediated_decay	0	0	0	1	0	0	0	0	0	0	0	0	0	0	0	0	0	0	0	0	0	0	0	0	0	0	1
MYO15B	ENSG00000266714	ENST00000577785	retained_intron	0	0	0	1	0	0	0	0	0	0	0	0	0	0	0	0	0	0	0	0	0	0	0	0	0	0	1
MYO15B	ENSG00000266714	ENST00000578005	retained_intron	0	0	0	1	0	0	0	0	0	0	0	0	0	0	0	0	0	0	0	0	0	0	0	0	0	0	1
MYO15B	ENSG00000266714	ENST00000578300	retained_intron	0	0	0	1	0	0	0	0	0	0	0	0	0	0	0	0	0	0	0	0	0	0	0	0	0	0	1
MYO15B	ENSG00000266714	ENST00000578960	retained_intron	0	0	0	1	0	0	0	0	0	0	0	0	0	0	0	0	0	0	0	0	0	0	0	0	0	0	1
MYO15B	ENSG00000266714	ENST00000582012	nonsense_mediated_decay	0	0	0	1	0	0	0	0	0	0	0	0	1	0	0	0	0	0	0	0	0	0	0	0	0	0	0
MYO15B	ENSG00000266714	ENST00000583140	protein_coding	0	0	0	1	0	0	0	0	0	0	0	0	0	0	0	0	0	0	0	0	0	0	0	0	0	0	1
MYO15B	ENSG00000266714	ENST00000583560	protein_coding	0	0	0	1	0	0	0	0	0	0	0	0	1	0	0	0	0	0	0	0	0	0	0	0	0	0	0
MYO15B	ENSG00000266714	ENST00000584516	nonsense_mediated_decay	0	0	0	1	0	0	0	0	0	0	0	0	0	0	0	1	0	0	0	0	0	0	0	0	0	0	0
MYO15B	ENSG00000266714	ENST00000584723	nonsense_mediated_decay	0	0	0	1	0	0	0	0	0	0	0	0	0	0	0	0	0	0	0	0	0	0	0	0	0	0	1
MYO15B	ENSG00000266714	ENST00000610429	retained_intron	0	0	0	1	0	0	0	0	0	0	0	0	0	0	0	0	0	0	0	0	0	0	0	0	0	0	1
MYO15B	ENSG00000266714	ENST00000610510	protein_coding	0	0	0	1	0	0	0	0	0	0	0	0	0	0	0	1	0	0	0	0	0	0	0	0	0	0	0
MYO15B	ENSG00000266714	ENST00000612587	nonsense_mediated_decay	0	0	0	1	0	0	0	0	0	0	0	0	0	0	0	1	0	0	0	0	0	0	0	0	0	0	0
MYO15B	ENSG00000266714	ENST00000619501	nonsense_mediated_decay	0	0	0	1	0	0	0	0	0	0	0	0	0	0	0	1	0	0	0	0	0	0	0	0	0	0	0
MYO15B	ENSG00000266714	ENST00000621743	nonsense_mediated_decay	0	0	0	1	0	0	0	0	0	0	0	0	0	0	0	1	0	0	0	0	0	0	0	0	0	0	0
MYO15B	ENSG00000266714	ENST00000633867	protein_coding	0	0	0	1	0	0	0	0	0	0	0	0	0	0	0	1	0	0	0	0	0	0	0	0	0	0	0
MYO15B	ENSG00000266714	ENST00000642007	protein_coding	0	0	0	1	0	0	0	0	0	0	0	0	0	0	0	1	0	0	0	0	0	0	0	0	0	0	0
MYO15B	ENSG00000266714	ENST00000645453	protein_coding	0	0	0	1	0	0	0	0	0	0	0	0	0	0	0	1	0	0	0	0	0	0	0	0	0	0	0
MYO18A	ENSG00000196535	ENST00000527372	protein_coding	0	0	0	1	0	0	0	0	0	0	0	0	0	0	0	1	0	0	0	0	0	0	0	0	0	0	0
MYO18A	ENSG00000196535	ENST00000528322	retained_intron	0	0	0	1	0	0	0	0	0	0	0	0	1	0	0	0	0	0	0	0	0	0	0	0	0	0	0
MYO18A	ENSG00000196535	ENST00000528564	protein_coding	0	0	0	1	0	0	0	0	0	0	0	0	1	0	0	0	0	0	0	0	0	0	0	0	0	0	0
MYO18A	ENSG00000196535	ENST00000530254	nonsense_mediated_decay	0	0	0	1	0	0	0	0	0	0	0	0	0	0	0	1	0	0	0	0	0	0	0	0	0	0	0
MYO18A	ENSG00000196535	ENST00000531253	protein_coding	0	0	0	1	0	0	0	0	0	0	0	0	0	0	0	1	0	0	0	0	0	0	0	0	0	0	0
MYO18A	ENSG00000196535	ENST00000531267	processed_transcript	0	0	0	1	0	0	0	0	0	0	0	0	1	0	0	0	0	0	0	0	0	0	0	0	0	0	0
MYO18A	ENSG00000196535	ENST00000533112	protein_coding	0	0	0	1	0	0	0	0	0	0	0	0	0	0	0	1	0	0	0	0	0	0	0	0	0	0	0
MYO18A	ENSG00000196535	ENST00000533420	protein_coding	0	0	0	1	0	0	0	0	0	0	0	0	1	0	0	0	0	0	0	0	0	0	0	0	0	0	0
MYO18A	ENSG00000196535	ENST00000585573	processed_transcript	0	0	0	1	0	0	0	0	0	0	0	0	1	0	0	0	0	0	0	0	0	0	0	0	0	0	0
MYO18A	ENSG00000196535	ENST00000588791	nonsense_mediated_decay	0	0	0	1	0	0	0	0	0	0	0	0	0	0	0	0	0	0	0	0	0	0	0	0	0	0	1
MYO18A	ENSG00000196535	ENST00000590242	processed_transcript	0	0	0	1	0	0	0	0	0	0	0	0	1	0	0	0	0	0	0	0	0	0	0	0	0	0	0
MYO18A	ENSG00000196535	ENST00000628822	protein_coding	0	0	0	1	0	0	0	0	0	0	0	0	0	0	0	1	0	0	0	0	0	0	0	0	0	0	0
MYO1H	ENSG00000174527	ENST00000310903	protein_coding	0	0	0	1	1	0	0	0	0	0	0	0	0	0	0	0	0	0	0	0	0	0	0	0	0	0	0
MYO1H	ENSG00000174527	ENST00000431443	protein_coding	0	0	0	1	1	0	0	0	0	0	0	0	0	0	0	0	0	0	0	0	0	0	0	0	0	0	0
MYO1H	ENSG00000174527	ENST00000457826	retained_intron	0	0	0	1	0	0	0	0	0	0	0	0	1	0	0	0	0	0	0	0	0	0	0	0	0	0	0
MYO1H	ENSG00000174527	ENST00000542268	retained_intron	0	0	0	1	0	0	0	0	0	0	0	0	0	0	0	0	0	1	0	0	0	0	0	0	0	0	0
MYO1H	ENSG00000174527	ENST00000543960	nonsense_mediated_decay	0	0	0	1	0	0	0	0	0	0	0	0	0	0	0	1	0	0	0	0	0	0	0	0	0	0	0
NAA25	ENSG00000111300	ENST00000261745	protein_coding	0	0	1	0	0	0	0	0	0	0	0	0	0	0	0	0	1	0	0	0	0	0	0	0	0	0	0
NAA25	ENSG00000111300	ENST00000549711	nonsense_mediated_decay	0	0	0	2	1	0	0	0	0	0	0	0	0	0	0	0	0	1	0	0	0	0	0	0	0	0	0
NAA25	ENSG00000111300	ENST00000550701	retained_intron	0	0	0	1	0	0	0	0	0	0	0	0	0	0	0	0	0	0	0	0	0	0	0	0	0	0	1
NAA25	ENSG00000111300	ENST00000551858	nonsense_mediated_decay	0	0	0	2	1	0	0	0	0	0	0	0	0	0	0	0	0	1	0	0	0	0	0	0	0	0	0
NAA25	ENSG00000111300	ENST00000552527	retained_intron	0	0	0	1	0	0	0	0	0	0	0	0	0	0	0	0	0	1	0	0	0	0	0	0	0	0	0
NANOGP4	ENSG00000237065	ENST00000427230	transcribed_processed_pseudogene	0	0	0	1	0	0	0	0	0	0	0	0	0	0	0	0	0	1	0	0	0	0	0	0	0	0	0
NAP1L1	ENSG00000187109	ENST00000261182	protein_coding	0	0	0	1	0	0	0	0	0	0	0	0	0	0	0	1	0	0	0	0	0	0	0	0	0	0	0
NAP1L1	ENSG00000187109	ENST00000393263	protein_coding	0	0	0	1	0	0	0	0	0	0	0	0	0	0	0	1	0	0	0	0	0	0	0	0	0	0	0
NAP1L1	ENSG00000187109	ENST00000431879	protein_coding	0	0	0	1	0	0	0	0	0	0	0	0	0	0	0	1	0	0	0	0	0	0	0	0	0	0	0
NAP1L1	ENSG00000187109	ENST00000535020	protein_coding	0	0	0	1	0	0	0	0	0	0	0	0	0	0	0	1	0	0	0	0	0	0	0	0	0	0	0
NAP1L1	ENSG00000187109	ENST00000542344	protein_coding	0	0	0	1	0	0	0	0	0	0	0	0	0	0	0	1	0	0	0	0	0	0	0	0	0	0	0
NAP1L1	ENSG00000187109	ENST00000544816	protein_coding	0	0	0	1	0	0	0	0	0	0	0	0	0	0	0	1	0	0	0	0	0	0	0	0	0	0	0
NAP1L1	ENSG00000187109	ENST00000547529	nonsense_mediated_decay	0	0	0	1	0	0	0	0	0	0	0	0	0	0	0	1	0	0	0	0	0	0	0	0	0	0	0
NAP1L1	ENSG00000187109	ENST00000547704	protein_coding	0	0	0	1	0	0	0	0	0	0	0	0	1	0	0	0	0	0	0	0	0	0	0	0	0	0	0
NAP1L1	ENSG00000187109	ENST00000547773	protein_coding	0	0	0	1	0	0	0	0	0	0	0	0	0	0	0	1	0	0	0	0	0	0	0	0	0	0	0
NAP1L1	ENSG00000187109	ENST00000547969	retained_intron	0	0	0	1	0	0	0	0	0	0	0	0	0	0	0	1	0	0	0	0	0	0	0	0	0	0	0
NAP1L1	ENSG00000187109	ENST00000547993	retained_intron	0	0	0	1	0	0	0	0	0	0	0	0	0	0	0	1	0	0	0	0	0	0	0	0	0	0	0
NAP1L1	ENSG00000187109	ENST00000548044	protein_coding	0	0	0	1	0	0	0	0	0	0	0	0	0	0	0	1	0	0	0	0	0	0	0	0	0	0	0
NAP1L1	ENSG00000187109	ENST00000548273	protein_coding	0	0	0	1	0	0	0	0	0	0	0	0	1	0	0	0	0	0	0	0	0	0	0	0	0	0	0
NAP1L1	ENSG00000187109	ENST00000549596	protein_coding	0	0	0	1	0	0	0	0	0	0	0	0	0	0	0	1	0	0	0	0	0	0	0	0	0	0	0
NAP1L1	ENSG00000187109	ENST00000550934	protein_coding	0	0	0	1	0	0	0	0	0	0	0	0	1	0	0	0	0	0	0	0	0	0	0	0	0	0	0
NAP1L1	ENSG00000187109	ENST00000551600	protein_coding	0	0	0	1	0	0	0	0	0	0	0	0	1	0	0	0	0	0	0	0	0	0	0	0	0	0	0
NAP1L1	ENSG00000187109	ENST00000551992	protein_coding	0	0	0	1	0	0	0	0	0	0	0	0	1	0	0	0	0	0	0	0	0	0	0	0	0	0	0
NAP1L1	ENSG00000187109	ENST00000552013	retained_intron	0	0	0	1	0	0	0	0	0	0	0	0	0	0	0	0	0	0	0	0	0	0	0	0	0	0	1
NAP1L1	ENSG00000187109	ENST00000552056	protein_coding	0	0	0	1	0	0	0	0	0	0	0	0	0	0	0	1	0	0	0	0	0	0	0	0	0	0	0
NAP1L1	ENSG00000187109	ENST00000552147	nonsense_mediated_decay	0	0	0	1	0	0	0	0	0	0	0	0	0	0	0	1	0	0	0	0	0	0	0	0	0	0	0
NAP1L1	ENSG00000187109	ENST00000552342	protein_coding	0	0	0	1	0	0	0	0	0	0	0	0	0	0	0	1	0	0	0	0	0	0	0	0	0	0	0
NAP1L1	ENSG00000187109	ENST00000618691	protein_coding	0	0	0	1	0	0	0	0	0	0	0	0	0	0	0	1	0	0	0	0	0	0	0	0	0	0	0
NAT9	ENSG00000109065	ENST00000357814	protein_coding	0	0	0	1	1	0	0	0	0	0	0	0	0	0	0	0	0	0	0	0	0	0	0	0	0	0	0
NAT9	ENSG00000109065	ENST00000577428	processed_transcript	0	0	0	1	0	0	0	0	0	0	0	0	1	0	0	0	0	0	0	0	0	0	0	0	0	0	0
NAT9	ENSG00000109065	ENST00000578798	retained_intron	0	0	0	1	0	0	0	0	0	0	0	0	1	0	0	0	0	0	0	0	0	0	0	0	0	0	0
NAT9	ENSG00000109065	ENST00000578822	protein_coding	0	0	0	1	1	0	0	0	0	0	0	0	0	0	0	0	0	0	0	0	0	0	0	0	0	0	0
NAT9	ENSG00000109065	ENST00000578862	retained_intron	0	0	0	1	0	0	0	0	0	0	0	0	1	0	0	0	0	0	0	0	0	0	0	0	0	0	0
NAT9	ENSG00000109065	ENST00000578947	protein_coding	0	0	0	1	0	0	0	0	0	0	0	0	1	0	0	0	0	0	0	0	0	0	0	0	0	0	0
NAT9	ENSG00000109065	ENST00000579218	protein_coding	0	0	0	1	0	0	0	0	0	0	0	0	1	0	0	0	0	0	0	0	0	0	0	0	0	0	0
NAT9	ENSG00000109065	ENST00000579837	retained_intron	0	0	0	1	0	0	0	0	0	0	0	0	1	0	0	0	0	0	0	0	0	0	0	0	0	0	0
NAT9	ENSG00000109065	ENST00000580216	processed_transcript	0	0	0	1	0	0	0	0	0	0	0	0	1	0	0	0	0	0	0	0	0	0	0	0	0	0	0
NAT9	ENSG00000109065	ENST00000580301	protein_coding	0	0	0	1	1	0	0	0	0	0	0	0	0	0	0	0	0	0	0	0	0	0	0	0	0	0	0
NAT9	ENSG00000109065	ENST00000580632	protein_coding	0	0	0	1	1	0	0	0	0	0	0	0	0	0	0	0	0	0	0	0	0	0	0	0	0	0	0
NAT9	ENSG00000109065	ENST00000581136	protein_coding	0	0	0	1	1	0	0	0	0	0	0	0	0	0	0	0	0	0	0	0	0	0	0	0	0	0	0
NAT9	ENSG00000109065	ENST00000581451	protein_coding	0	0	0	1	0	0	0	0	0	0	0	0	1	0	0	0	0	0	0	0	0	0	0	0	0	0	0
NAT9	ENSG00000109065	ENST00000581466	protein_coding	0	0	0	1	0	0	0	0	0	0	0	0	1	0	0	0	0	0	0	0	0	0	0	0	0	0	0
NAT9	ENSG00000109065	ENST00000581762	retained_intron	0	0	0	1	0	0	0	0	0	0	0	0	0	0	0	0	0	1	0	0	0	0	0	0	0	0	0
NAT9	ENSG00000109065	ENST00000582118	retained_intron	0	0	0	1	0	0	0	0	0	0	0	0	1	0	0	0	0	0	0	0	0	0	0	0	0	0	0
NAT9	ENSG00000109065	ENST00000582168	retained_intron	0	0	0	1	0	0	0	0	0	0	0	0	1	0	0	0	0	0	0	0	0	0	0	0	0	0	0
NAT9	ENSG00000109065	ENST00000582359	retained_intron	0	0	0	1	0	0	0	0	0	0	0	0	1	0	0	0	0	0	0	0	0	0	0	0	0	0	0
NAT9	ENSG00000109065	ENST00000582524	protein_coding	0	0	0	1	0	0	0	0	0	0	0	0	1	0	0	0	0	0	0	0	0	0	0	0	0	0	0
NAT9	ENSG00000109065	ENST00000582870	protein_coding	0	0	0	1	1	0	0	0	0	0	0	0	0	0	0	0	0	0	0	0	0	0	0	0	0	0	0
NAT9	ENSG00000109065	ENST00000582993	retained_intron	0	0	0	1	0	0	0	0	0	0	0	0	1	0	0	0	0	0	0	0	0	0	0	0	0	0	0
NAT9	ENSG00000109065	ENST00000583476	protein_coding	0	0	0	1	0	0	0	0	0	0	0	0	1	0	0	0	0	0	0	0	0	0	0	0	0	0	0
NAT9	ENSG00000109065	ENST00000583689	retained_intron	0	0	0	1	0	0	0	0	0	0	0	0	1	0	0	0	0	0	0	0	0	0	0	0	0	0	0
NAT9	ENSG00000109065	ENST00000583757	protein_coding	0	0	0	1	0	0	0	0	0	0	0	0	1	0	0	0	0	0	0	0	0	0	0	0	0	0	0
NAT9	ENSG00000109065	ENST00000583834	retained_intron	0	0	0	1	0	0	0	0	0	0	0	0	0	0	0	0	0	1	0	0	0	0	0	0	0	0	0
NAT9	ENSG00000109065	ENST00000583989	processed_transcript	0	0	0	1	0	0	0	0	0	0	0	0	1	0	0	0	0	0	0	0	0	0	0	0	0	0	0
NAT9	ENSG00000109065	ENST00000584022	nonsense_mediated_decay	0	0	0	2	1	0	0	0	0	0	0	0	0	0	0	0	0	1	0	0	0	0	0	0	0	0	0
NAT9	ENSG00000109065	ENST00000584409	processed_transcript	0	0	0	1	0	0	0	0	0	0	0	0	1	0	0	0	0	0	0	0	0	0	0	0	0	0	0
NAT9	ENSG00000109065	ENST00000585240	processed_transcript	0	0	0	1	0	0	0	0	0	0	0	0	1	0	0	0	0	0	0	0	0	0	0	0	0	0	0
NBEA	ENSG00000172915	ENST00000310336	protein_coding	0	0	1	1	0	0	0	0	0	0	0	0	0	0	0	1	1	0	0	0	0	0	0	0	0	0	0
NBEA	ENSG00000172915	ENST00000379939	protein_coding	0	0	1	1	0	0	0	0	0	0	0	0	0	0	0	1	1	0	0	0	0	0	0	0	0	0	0
NBEA	ENSG00000172915	ENST00000400445	protein_coding	0	0	1	1	0	0	0	0	0	0	0	0	0	0	0	1	1	0	0	0	0	0	0	0	0	0	0
NBEA	ENSG00000172915	ENST00000497540	processed_transcript	0	0	0	1	0	0	0	0	0	0	0	0	0	0	0	0	0	1	0	0	0	0	0	0	0	0	0
NBEA	ENSG00000172915	ENST00000629018	protein_coding	0	0	1	1	0	0	0	0	0	0	0	0	0	0	0	1	1	0	0	0	0	0	0	0	0	0	0
NBR2	ENSG00000198496	ENST00000356906		0	0	0	1	0	0	0	0	0	0	0	0	1	0	0	0	0	0	0	0	0	0	0	0	0	0	0
NBR2	ENSG00000198496	ENST00000460115		0	0	0	1	0	0	0	0	0	0	0	0	0	0	0	0	0	1	0	0	0	0	0	0	0	0	0
NBR2	ENSG00000198496	ENST00000467245		0	0	0	1	0	0	0	0	0	0	0	0	0	0	0	1	0	0	0	0	0	0	0	0	0	0	0
NBR2	ENSG00000198496	ENST00000657841		0	0	0	1	0	0	0	0	0	0	0	0	0	0	0	1	0	0	0	0	0	0	0	0	0	0	0
NCEH1	ENSG00000144959	ENST00000421723	nonsense_mediated_decay	0	0	0	1	0	0	0	0	0	0	0	0	1	0	0	0	0	0	0	0	0	0	0	0	0	0	0
NCEH1	ENSG00000144959	ENST00000424772	protein_coding	0	0	0	1	0	0	0	0	0	0	0	0	1	0	0	0	0	0	0	0	0	0	0	0	0	0	0
NCEH1	ENSG00000144959	ENST00000470419	retained_intron	0	0	0	1	0	0	0	0	0	0	0	0	1	0	0	0	0	0	0	0	0	0	0	0	0	0	0
NCEH1	ENSG00000144959	ENST00000475381	protein_coding	0	0	0	1	1	0	0	0	0	0	0	0	0	0	0	0	0	0	0	0	0	0	0	0	0	0	0
NCEH1	ENSG00000144959	ENST00000538775	protein_coding	0	0	0	1	1	0	0	0	0	0	0	0	0	0	0	0	0	0	0	0	0	0	0	0	0	0	0
NCEH1	ENSG00000144959	ENST00000543711	protein_coding	0	0	0	1	1	0	0	0	0	0	0	0	0	0	0	0	0	0	0	0	0	0	0	0	0	0	0
NCEH1	ENSG00000144959	ENST00000652007	protein_coding	0	0	0	1	0	0	0	0	0	0	0	0	1	0	0	0	0	0	0	0	0	0	0	0	0	0	0
NDST2	ENSG00000166507	ENST00000299641	protein_coding	0	0	0	1	0	0	0	0	0	0	0	0	1	0	0	0	0	0	0	0	0	0	0	0	0	0	0
NDST2	ENSG00000166507	ENST00000309979	protein_coding	0	0	0	1	0	0	0	0	0	0	0	0	1	0	0	0	0	0	0	0	0	0	0	0	0	0	0
NEFMP1	ENSG00000224697	ENST00000443423	processed_pseudogene	0	0	0	1	0	0	0	0	0	0	0	0	1	0	0	0	0	0	0	0	0	0	0	0	0	0	0
NF1	ENSG00000196712	ENST00000356175	protein_coding	0	0	0	4	0	0	0	0	0	0	0	0	0	0	0	4	0	0	0	0	0	0	0	0	0	0	0
NF1	ENSG00000196712	ENST00000358273	protein_coding	0	0	0	4	0	0	0	0	0	0	0	0	0	0	0	4	0	0	0	0	0	0	0	0	0	0	0
NF1	ENSG00000196712	ENST00000431387	protein_coding	0	0	0	4	0	0	0	0	0	0	0	0	0	0	0	4	0	0	0	0	0	0	0	0	0	0	0
NF1	ENSG00000196712	ENST00000456735	protein_coding	0	0	0	2	0	0	0	0	0	0	0	0	0	0	0	2	0	0	0	0	0	0	0	0	0	0	0
NF1	ENSG00000196712	ENST00000487476	protein_coding	0	0	0	4	0	0	0	0	0	0	0	0	0	0	0	4	0	0	0	0	0	0	0	0	0	0	0
NF1	ENSG00000196712	ENST00000490416	protein_coding	0	0	0	2	0	0	0	0	0	0	0	0	2	0	0	0	0	0	0	0	0	0	0	0	0	0	0
NF1	ENSG00000196712	ENST00000495910	nonsense_mediated_decay	0	0	0	4	0	0	0	0	0	0	0	0	0	0	0	4	0	0	0	0	0	0	0	0	0	0	0
NF1	ENSG00000196712	ENST00000579081	nonsense_mediated_decay	0	0	0	4	0	0	0	0	0	0	0	0	0	0	0	4	0	0	0	0	0	0	0	0	0	0	0
NLE1	ENSG00000073536	ENST00000360831	protein_coding	0	0	0	1	0	0	0	0	0	0	0	0	0	0	0	1	0	0	0	0	0	0	0	0	0	0	0
NLE1	ENSG00000073536	ENST00000442241	protein_coding	0	0	0	1	0	0	0	0	0	0	0	0	0	0	0	1	0	0	0	0	0	0	0	0	0	0	0
NLE1	ENSG00000073536	ENST00000586869	protein_coding	0	0	0	1	0	0	0	0	0	0	0	0	0	0	0	1	0	0	0	0	0	0	0	0	0	0	0
NLE1	ENSG00000073536	ENST00000588019	protein_coding	0	0	0	1	0	0	0	0	0	0	0	0	0	0	0	1	0	0	0	0	0	0	0	0	0	0	0
NLE1	ENSG00000073536	ENST00000588642	nonsense_mediated_decay	0	0	0	1	0	0	0	0	0	0	0	0	1	0	0	0	0	0	0	0	0	0	0	0	0	0	0
NLE1	ENSG00000073536	ENST00000589367	nonsense_mediated_decay	0	0	0	1	0	0	0	0	0	0	0	0	1	0	0	0	0	0	0	0	0	0	0	0	0	0	0
NLE1	ENSG00000073536	ENST00000593176	processed_transcript	0	0	0	1	0	0	0	0	0	0	0	0	1	0	0	0	0	0	0	0	0	0	0	0	0	0	0
NLRP9P1	ENSG00000256581	ENST00000540920	unprocessed_pseudogene	0	0	0	1	0	0	0	0	0	0	0	0	0	0	0	0	0	1	0	0	0	0	0	0	0	0	0
NOL11	ENSG00000130935	ENST00000253247	protein_coding	0	1	1	0	0	0	0	0	0	0	0	0	0	0	0	0	1	0	0	0	0	0	0	0	0	1	0
NOL11	ENSG00000130935	ENST00000577687	retained_intron	0	0	0	2	0	0	0	0	0	0	0	0	0	0	0	0	0	2	0	0	0	0	0	0	0	0	0
NOL11	ENSG00000130935	ENST00000580833	protein_coding	0	1	1	0	0	0	0	0	0	0	0	0	0	0	0	0	1	0	0	0	0	0	0	0	0	1	0
NOL11	ENSG00000130935	ENST00000581375	nonsense_mediated_decay	0	0	0	4	2	0	0	0	0	0	0	0	0	0	0	0	0	2	0	0	0	0	0	0	0	0	0
NOL11	ENSG00000130935	ENST00000583021	protein_coding	0	0	0	2	0	0	0	0	0	0	0	0	0	0	0	0	0	0	0	0	0	0	0	0	0	0	2
NOL11	ENSG00000130935	ENST00000583108	retained_intron	0	0	0	2	0	0	0	0	0	0	0	0	0	0	0	0	0	2	0	0	0	0	0	0	0	0	0
NOP2	ENSG00000111641	ENST00000322166	protein_coding	0	0	0	1	0	0	0	0	0	0	0	0	1	0	0	0	0	0	0	0	0	0	0	0	0	0	0
NOP2	ENSG00000111641	ENST00000382421	protein_coding	0	0	0	1	0	0	0	0	0	0	0	0	1	0	0	0	0	0	0	0	0	0	0	0	0	0	0
NOP2	ENSG00000111641	ENST00000399466	protein_coding	0	0	0	1	0	0	0	0	0	0	0	0	1	0	0	0	0	0	0	0	0	0	0	0	0	0	0
NOP2	ENSG00000111641	ENST00000537442	protein_coding	0	0	0	1	0	0	0	0	0	0	0	0	1	0	0	0	0	0	0	0	0	0	0	0	0	0	0
NOP2	ENSG00000111641	ENST00000541778	protein_coding	0	0	0	1	0	0	0	0	0	0	0	0	1	0	0	0	0	0	0	0	0	0	0	0	0	0	0
NOP2	ENSG00000111641	ENST00000542015	processed_transcript	0	0	0	1	0	0	0	0	0	0	0	0	1	0	0	0	0	0	0	0	0	0	0	0	0	0	0
NOP2	ENSG00000111641	ENST00000544630	retained_intron	0	0	0	1	0	0	0	0	0	0	0	0	1	0	0	0	0	0	0	0	0	0	0	0	0	0	0
NOP2	ENSG00000111641	ENST00000545200	protein_coding	0	0	0	1	0	0	0	0	0	0	0	0	1	0	0	0	0	0	0	0	0	0	0	0	0	0	0
NOP2	ENSG00000111641	ENST00000617555	protein_coding	0	0	0	1	0	0	0	0	0	0	0	0	1	0	0	0	0	0	0	0	0	0	0	0	0	0	0
NOP2	ENSG00000111641	ENST00000620535	protein_coding	0	0	0	1	0	0	0	0	0	0	0	0	1	0	0	0	0	0	0	0	0	0	0	0	0	0	0
NOP56P3	ENSG00000257956	ENST00000549457	processed_pseudogene	0	0	0	1	0	0	0	0	0	0	0	0	0	0	0	0	0	1	0	0	0	0	0	0	0	0	0
NOS2	ENSG00000007171	ENST00000313735	protein_coding	0	0	0	1	0	0	0	0	0	0	0	0	0	0	0	1	0	0	0	0	0	0	0	0	0	0	0
NOS2	ENSG00000007171	ENST00000621962	protein_coding	0	0	0	1	0	0	0	0	0	0	0	0	0	0	0	1	0	0	0	0	0	0	0	0	0	0	0
NOS2	ENSG00000007171	ENST00000646938	protein_coding	0	0	0	1	0	0	0	0	0	0	0	0	0	0	0	1	0	0	0	0	0	0	0	0	0	0	0
NOS3	ENSG00000164867	ENST00000297494	protein_coding	0	0	0	1	0	0	0	0	0	0	0	0	0	0	0	1	0	0	0	0	0	0	0	0	0	0	0
NOS3	ENSG00000164867	ENST00000460603	processed_transcript	0	0	0	1	0	0	0	0	0	0	0	0	0	0	0	0	0	0	0	0	0	0	0	0	0	0	1
NOS3	ENSG00000164867	ENST00000461406	protein_coding	0	0	0	1	0	0	0	0	0	0	0	0	0	0	0	1	0	0	0	0	0	0	0	0	0	0	0
NOS3	ENSG00000164867	ENST00000467517	protein_coding	0	0	0	1	0	0	0	0	0	0	0	0	0	0	0	1	0	0	0	0	0	0	0	0	0	0	0
NOS3	ENSG00000164867	ENST00000484524	protein_coding	0	0	0	1	0	0	0	0	0	0	0	0	0	0	0	1	0	0	0	0	0	0	0	0	0	0	0
NPB	ENSG00000183979	ENST00000333383	protein_coding	0	0	0	1	0	0	0	0	0	0	0	0	1	0	0	0	0	0	0	0	0	0	0	0	0	0	0
NPB	ENSG00000183979	ENST00000573081	protein_coding	0	0	0	1	0	0	0	0	0	0	0	0	1	0	0	0	0	0	0	0	0	0	0	0	0	0	0
NPFF	ENSG00000139574	ENST00000267017	protein_coding	0	0	0	1	0	0	0	0	0	0	0	0	1	0	0	0	0	0	0	0	0	0	0	0	0	0	0
NRBF2	ENSG00000148572	ENST00000277746	protein_coding	0	0	1	0	0	0	0	0	0	0	0	0	0	0	0	0	1	0	0	0	0	0	0	0	0	0	0
NRBF2	ENSG00000148572	ENST00000435510	protein_coding	0	0	1	0	0	0	0	0	0	0	0	0	0	0	0	0	1	0	0	0	0	0	0	0	0	0	0
NRF1	ENSG00000106459	ENST00000223190	protein_coding	0	0	1	0	0	0	0	0	0	0	0	0	0	0	0	0	1	0	0	0	0	0	0	0	0	0	0
NRF1	ENSG00000106459	ENST00000311967	protein_coding	0	0	1	0	0	0	0	0	0	0	0	0	0	0	0	0	1	0	0	0	0	0	0	0	0	0	0
NRF1	ENSG00000106459	ENST00000353868	protein_coding	0	0	1	0	0	0	0	0	0	0	0	0	0	0	0	0	1	0	0	0	0	0	0	0	0	0	0
NRF1	ENSG00000106459	ENST00000393230	protein_coding	0	0	1	0	0	0	0	0	0	0	0	0	0	0	0	0	1	0	0	0	0	0	0	0	0	0	0
NRF1	ENSG00000106459	ENST00000393232	protein_coding	0	0	1	0	0	0	0	0	0	0	0	0	0	0	0	0	1	0	0	0	0	0	0	0	0	0	0
NRF1	ENSG00000106459	ENST00000454688	protein_coding	0	0	1	0	0	0	0	0	0	0	0	0	0	0	0	0	1	0	0	0	0	0	0	0	0	0	0
NRG3	ENSG00000185737	ENST00000372141	protein_coding	0	0	0	2	0	0	0	0	0	0	0	0	0	0	0	2	0	0	0	0	0	0	0	0	0	0	0
NRG3	ENSG00000185737	ENST00000372142	protein_coding	0	0	0	2	0	0	0	0	0	0	0	0	0	0	0	2	0	0	0	0	0	0	0	0	0	0	0
NRG3	ENSG00000185737	ENST00000404547	protein_coding	0	0	0	2	0	0	0	0	0	0	0	0	0	0	0	2	0	0	0	0	0	0	0	0	0	0	0
NRG3	ENSG00000185737	ENST00000404576	protein_coding	0	0	0	2	0	0	0	0	0	0	0	0	0	0	0	2	0	0	0	0	0	0	0	0	0	0	0
NRG3	ENSG00000185737	ENST00000555784	nonsense_mediated_decay	0	0	0	2	0	0	0	0	0	0	0	0	0	0	0	2	0	0	0	0	0	0	0	0	0	0	0
NRG3	ENSG00000185737	ENST00000556918	protein_coding	0	0	0	2	0	0	0	0	0	0	0	0	0	0	0	2	0	0	0	0	0	0	0	0	0	0	0
NRG3	ENSG00000185737	ENST00000602794	nonsense_mediated_decay	0	0	0	2	0	0	0	0	0	0	0	0	0	0	0	2	0	0	0	0	0	0	0	0	0	0	0
NRG3-AS1	ENSG00000225738	ENST00000448936		0	0	0	2	0	0	0	0	0	0	0	0	0	0	0	0	0	0	0	0	0	0	0	0	0	0	2
NRG3-AS1	ENSG00000225738	ENST00000502725		0	0	0	2	0	0	0	0	0	0	0	0	0	0	0	0	0	0	0	0	0	0	0	0	0	0	2
NRG3-AS1	ENSG00000225738	ENST00000505481	retained_intron	0	0	0	2	0	0	0	0	0	0	0	0	0	0	0	0	0	0	0	0	0	0	0	0	0	0	2
NRIP2	ENSG00000053702	ENST00000337508	protein_coding	0	0	0	2	0	0	0	0	0	0	0	0	2	0	0	0	0	0	0	0	0	0	0	0	0	0	0
NRIP2	ENSG00000053702	ENST00000542386	protein_coding	0	0	0	2	0	0	0	0	0	0	0	0	2	0	0	0	0	0	0	0	0	0	0	0	0	0	0
NRIP2	ENSG00000053702	ENST00000542990	protein_coding	0	0	0	2	0	0	0	0	0	0	0	0	2	0	0	0	0	0	0	0	0	0	0	0	0	0	0
NSUN3	ENSG00000178694	ENST00000314622	protein_coding	0	0	0	1	0	0	0	0	0	0	0	0	0	0	0	1	0	0	0	0	0	0	0	0	0	0	0
NSUN3	ENSG00000178694	ENST00000468555	processed_transcript	0	0	0	1	0	0	0	0	0	0	0	0	0	0	0	1	0	0	0	0	0	0	0	0	0	0	0
NSUN3	ENSG00000178694	ENST00000476588	retained_intron	0	0	0	1	0	0	0	0	0	0	0	0	0	0	0	1	0	0	0	0	0	0	0	0	0	0	0
NSUN3	ENSG00000178694	ENST00000483378	nonsense_mediated_decay	0	0	0	1	0	0	0	0	0	0	0	0	0	0	0	1	0	0	0	0	0	0	0	0	0	0	0
NSUN3	ENSG00000178694	ENST00000485793	processed_transcript	0	0	0	1	0	0	0	0	0	0	0	0	0	0	0	1	0	0	0	0	0	0	0	0	0	0	0
NSUN3	ENSG00000178694	ENST00000494128	processed_transcript	0	0	0	1	0	0	0	0	0	0	0	0	0	0	0	1	0	0	0	0	0	0	0	0	0	0	0
NTN4	ENSG00000074527	ENST00000343702	protein_coding	0	0	0	3	0	0	0	0	0	0	0	0	0	0	0	3	0	0	0	0	0	0	0	0	0	0	0
NTN4	ENSG00000074527	ENST00000344911	protein_coding	0	0	0	3	0	0	0	0	0	0	0	0	0	0	0	3	0	0	0	0	0	0	0	0	0	0	0
NTN4	ENSG00000074527	ENST00000538383	protein_coding	0	0	0	3	0	0	0	0	0	0	0	0	0	0	0	3	0	0	0	0	0	0	0	0	0	0	0
NTN4	ENSG00000074527	ENST00000553059	protein_coding	0	0	0	3	0	0	0	0	0	0	0	0	0	0	0	3	0	0	0	0	0	0	0	0	0	0	0
NUAK1	ENSG00000074590	ENST00000261402	protein_coding	0	0	0	1	1	0	0	0	0	0	0	0	0	0	0	0	0	0	0	0	0	0	0	0	0	0	0
NUAK1	ENSG00000074590	ENST00000548902	protein_coding	0	0	0	1	0	0	0	0	0	0	0	0	1	0	0	0	0	0	0	0	0	0	0	0	0	0	0
NUAK1	ENSG00000074590	ENST00000549704	protein_coding	0	0	0	1	0	0	0	0	0	0	0	0	1	0	0	0	0	0	0	0	0	0	0	0	0	0	0
NUAK1	ENSG00000074590	ENST00000553094	protein_coding	0	0	0	1	0	0	0	0	0	0	0	0	1	0	0	0	0	0	0	0	0	0	0	0	0	0	0
NUB1	ENSG00000013374	ENST00000413040	protein_coding	0	1	0	0	0	0	0	0	0	0	0	0	0	0	0	1	0	0	0	0	0	1	0	0	0	0	0
NUB1	ENSG00000013374	ENST00000460712	protein_coding	0	0	0	1	0	0	0	0	0	0	0	0	0	0	0	0	0	0	0	0	0	0	0	0	0	0	1
NUB1	ENSG00000013374	ENST00000470229	protein_coding	0	1	0	0	0	0	0	0	0	0	0	0	0	0	0	1	0	0	0	0	0	1	0	0	0	0	0
NUB1	ENSG00000013374	ENST00000480714	protein_coding	0	0	0	1	0	0	0	0	0	0	0	0	0	0	0	0	0	0	0	0	0	0	0	0	0	0	1
NUB1	ENSG00000013374	ENST00000480907	retained_intron	0	1	0	0	0	0	0	0	0	0	0	0	0	0	0	1	0	0	0	0	0	1	0	0	0	0	0
NUB1	ENSG00000013374	ENST00000497987	retained_intron	0	1	0	0	0	0	0	0	0	0	0	0	0	0	0	1	0	0	0	0	0	1	0	0	0	0	0
NUB1	ENSG00000013374	ENST00000568733	protein_coding	0	1	0	0	0	0	0	0	0	0	0	0	0	0	0	1	0	0	0	0	0	1	0	0	0	0	0
NUFIP2	ENSG00000108256	ENST00000225388	protein_coding	0	0	1	0	0	0	0	0	0	0	0	0	0	0	0	0	1	0	0	0	0	0	0	0	0	0	0
NUFIP2	ENSG00000108256	ENST00000579665	protein_coding	0	0	0	1	0	0	0	0	0	0	0	0	0	0	0	1	0	0	0	0	0	0	0	0	0	0	0
NUP107	ENSG00000111581	ENST00000229179	protein_coding	0	0	0	2	0	0	0	0	0	0	0	0	0	0	0	2	0	0	0	0	0	0	0	0	0	0	0
NUP107	ENSG00000111581	ENST00000378905	protein_coding	0	0	0	2	0	0	0	0	0	0	0	0	0	0	0	2	0	0	0	0	0	0	0	0	0	0	0
NUP107	ENSG00000111581	ENST00000535718	nonsense_mediated_decay	0	0	0	2	0	0	0	0	0	0	0	0	0	0	0	2	0	0	0	0	0	0	0	0	0	0	0
NUP107	ENSG00000111581	ENST00000537598	processed_transcript	0	0	0	2	0	0	0	0	0	0	0	0	2	0	0	0	0	0	0	0	0	0	0	0	0	0	0
NUP107	ENSG00000111581	ENST00000537662	retained_intron	0	0	0	2	0	0	0	0	0	0	0	0	0	0	0	2	0	0	0	0	0	0	0	0	0	0	0
NUP107	ENSG00000111581	ENST00000539906	protein_coding	0	0	0	2	0	0	0	0	0	0	0	0	0	0	0	2	0	0	0	0	0	0	0	0	0	0	0
NUP210P1	ENSG00000198284	ENST00000504322	transcribed_processed_pseudogene	0	0	0	1	0	0	0	0	0	0	0	0	0	0	0	0	0	0	0	0	0	0	0	0	0	0	1
NYAP1	ENSG00000166924	ENST00000300179	protein_coding	0	0	0	1	0	0	0	0	0	0	0	0	0	0	0	0	0	0	0	0	0	0	0	0	0	0	1
OAS3	ENSG00000111331	ENST00000228928	protein_coding	0	0	0	1	0	0	0	0	0	0	0	0	0	0	0	1	0	0	0	0	0	0	0	0	0	0	0
OAS3	ENSG00000111331	ENST00000546800	retained_intron	0	0	0	1	0	0	0	0	0	0	0	0	1	0	0	0	0	0	0	0	0	0	0	0	0	0	0
OAS3	ENSG00000111331	ENST00000546973	protein_coding	0	0	0	1	0	0	0	0	0	0	0	0	0	0	0	1	0	0	0	0	0	0	0	0	0	0	0
OAS3	ENSG00000111331	ENST00000549918	retained_intron	0	0	0	1	0	0	0	0	0	0	0	0	0	0	0	0	0	0	0	0	0	0	0	0	0	0	1
OAT	ENSG00000065154	ENST00000368845	protein_coding	0	0	0	1	1	0	0	0	0	0	0	0	0	0	0	0	0	0	0	0	0	0	0	0	0	0	0
OAT	ENSG00000065154	ENST00000467675	processed_transcript	0	0	0	1	0	0	0	0	0	0	0	0	1	0	0	0	0	0	0	0	0	0	0	0	0	0	0
OAT	ENSG00000065154	ENST00000471127	processed_transcript	0	0	0	1	0	0	0	0	0	0	0	0	1	0	0	0	0	0	0	0	0	0	0	0	0	0	0
OAT	ENSG00000065154	ENST00000539214	protein_coding	0	0	0	1	1	0	0	0	0	0	0	0	0	0	0	0	0	0	0	0	0	0	0	0	0	0	0
OLR1	ENSG00000173391	ENST00000309539	protein_coding	0	0	0	1	1	0	0	0	0	0	0	0	0	0	0	0	0	0	0	0	0	0	0	0	0	0	0
OLR1	ENSG00000173391	ENST00000339968	protein_coding	0	0	0	1	0	0	0	0	0	0	0	0	1	0	0	0	0	0	0	0	0	0	0	0	0	0	0
OLR1	ENSG00000173391	ENST00000432556	protein_coding	0	0	0	1	0	0	0	0	0	0	0	0	1	0	0	0	0	0	0	0	0	0	0	0	0	0	0
OLR1	ENSG00000173391	ENST00000536989	retained_intron	0	0	0	1	0	0	0	0	0	0	0	0	1	0	0	0	0	0	0	0	0	0	0	0	0	0	0
OLR1	ENSG00000173391	ENST00000538745	protein_coding	0	0	0	1	0	0	0	0	0	0	0	0	1	0	0	0	0	0	0	0	0	0	0	0	0	0	0
OLR1	ENSG00000173391	ENST00000538873	protein_coding	0	0	0	1	0	0	0	0	0	0	0	0	1	0	0	0	0	0	0	0	0	0	0	0	0	0	0
OLR1	ENSG00000173391	ENST00000539518	protein_coding	0	0	0	1	0	0	0	0	0	0	0	0	1	0	0	0	0	0	0	0	0	0	0	0	0	0	0
OLR1	ENSG00000173391	ENST00000543414	protein_coding	0	0	0	1	0	0	0	0	0	0	0	0	1	0	0	0	0	0	0	0	0	0	0	0	0	0	0
OLR1	ENSG00000173391	ENST00000543993	protein_coding	0	0	0	1	0	0	0	0	0	0	0	0	1	0	0	0	0	0	0	0	0	0	0	0	0	0	0
OLR1	ENSG00000173391	ENST00000544577	protein_coding	0	0	0	1	0	0	0	0	0	0	0	0	1	0	0	0	0	0	0	0	0	0	0	0	0	0	0
OLR1	ENSG00000173391	ENST00000545927	protein_coding	0	0	0	1	0	0	0	0	0	0	0	0	1	0	0	0	0	0	0	0	0	0	0	0	0	0	0
OR7E100P	ENSG00000242525	ENST00000489105	unprocessed_pseudogene	0	0	0	2	0	0	0	0	0	0	0	0	0	0	0	0	0	2	0	0	0	0	0	0	0	0	0
OR7E111P	ENSG00000231667	ENST00000442229	unprocessed_pseudogene	0	0	0	2	0	0	0	0	0	0	0	0	0	0	0	0	0	2	0	0	0	0	0	0	0	0	0
OR7E22P	ENSG00000179799	ENST00000478335	transcribed_unprocessed_pseudogene	0	0	0	1	0	0	0	0	0	0	0	0	0	0	0	0	0	1	0	0	0	0	0	0	0	0	0
OR7E22P	ENSG00000179799	ENST00000641331	processed_transcript	0	0	0	1	0	0	0	0	0	0	0	0	0	0	0	0	0	1	0	0	0	0	0	0	0	0	0
OR7E22P	ENSG00000179799	ENST00000641370	processed_transcript	0	0	0	1	0	0	0	0	0	0	0	0	0	0	0	0	0	1	0	0	0	0	0	0	0	0	0
OR7E47P	ENSG00000257542	ENST00000546981	processed_transcript	0	0	0	2	0	0	0	0	0	0	0	0	0	0	0	0	0	2	0	0	0	0	0	0	0	0	0
OR7E47P	ENSG00000257542	ENST00000548970	transcribed_unprocessed_pseudogene	0	0	0	2	0	0	0	0	0	0	0	0	0	0	0	0	0	2	0	0	0	0	0	0	0	0	0
OR7E47P	ENSG00000257542	ENST00000646320	processed_transcript	0	0	0	2	0	0	0	0	0	0	0	0	0	0	0	0	0	2	0	0	0	0	0	0	0	0	0
OR7E7P	ENSG00000238228	ENST00000455678	unprocessed_pseudogene	0	0	0	1	0	0	0	0	0	0	0	0	0	0	0	0	0	0	0	0	0	0	0	0	0	0	1
OR7E93P	ENSG00000228963	ENST00000508347	unprocessed_pseudogene	0	0	0	1	0	0	0	0	0	0	0	0	0	0	0	0	0	0	0	0	0	0	0	0	0	0	1
OR7E97P	ENSG00000179170	ENST00000466578	unprocessed_pseudogene	0	0	0	2	0	0	0	0	0	0	0	0	0	0	0	0	0	2	0	0	0	0	0	0	0	0	0
ORAI2	ENSG00000160991	ENST00000356387	protein_coding	0	0	0	1	1	0	0	0	0	0	0	0	0	0	0	0	0	0	0	0	0	0	0	0	0	0	0
ORAI2	ENSG00000160991	ENST00000403646	protein_coding	0	0	0	1	0	0	0	0	0	0	0	0	1	0	0	0	0	0	0	0	0	0	0	0	0	0	0
ORAI2	ENSG00000160991	ENST00000468241	protein_coding	0	0	0	1	0	0	0	0	0	0	0	0	1	0	0	0	0	0	0	0	0	0	0	0	0	0	0
ORAI2	ENSG00000160991	ENST00000473939	protein_coding	0	0	0	1	0	0	0	0	0	0	0	0	1	0	0	0	0	0	0	0	0	0	0	0	0	0	0
ORAI2	ENSG00000160991	ENST00000478730	protein_coding	0	0	0	1	1	0	0	0	0	0	0	0	0	0	0	0	0	0	0	0	0	0	0	0	0	0	0
ORAI2	ENSG00000160991	ENST00000488996	processed_transcript	0	0	0	1	0	0	0	0	0	0	0	0	1	0	0	0	0	0	0	0	0	0	0	0	0	0	0
ORAI2	ENSG00000160991	ENST00000495936	protein_coding	0	0	0	1	1	0	0	0	0	0	0	0	0	0	0	0	0	0	0	0	0	0	0	0	0	0	0
ORAI2	ENSG00000160991	ENST00000498661	protein_coding	0	0	0	1	0	0	0	0	0	0	0	0	1	0	0	0	0	0	0	0	0	0	0	0	0	0	0
ORAI2	ENSG00000160991	ENST00000611770	protein_coding	0	0	0	1	1	0	0	0	0	0	0	0	0	0	0	0	0	0	0	0	0	0	0	0	0	0	0
P4HTM	ENSG00000178467	ENST00000343546	protein_coding	0	0	1	0	0	0	0	0	0	0	0	0	0	0	0	0	1	0	0	0	0	0	0	0	0	0	0
P4HTM	ENSG00000178467	ENST00000383729	protein_coding	0	0	1	0	0	0	0	0	0	0	0	0	0	0	0	0	1	0	0	0	0	0	0	0	0	0	0
P4HTM	ENSG00000178467	ENST00000444213	protein_coding	0	0	1	0	0	0	0	0	0	0	0	0	0	0	0	0	1	0	0	0	0	0	0	0	0	0	0
P4HTM	ENSG00000178467	ENST00000468374	processed_transcript	0	0	0	1	0	0	0	0	0	0	0	0	0	0	0	0	0	1	0	0	0	0	0	0	0	0	0
P4HTM	ENSG00000178467	ENST00000472301	retained_intron	0	0	0	1	0	0	0	0	0	0	0	0	0	0	0	0	0	1	0	0	0	0	0	0	0	0	0
P4HTM	ENSG00000178467	ENST00000472796	protein_coding	0	0	0	1	0	0	0	0	0	0	0	0	0	0	0	0	0	0	0	0	0	0	0	0	0	0	1
P4HTM	ENSG00000178467	ENST00000475629	protein_coding	0	0	0	1	0	0	0	0	0	0	0	0	1	0	0	0	0	0	0	0	0	0	0	0	0	0	0
P4HTM	ENSG00000178467	ENST00000484115	retained_intron	0	0	0	1	0	0	0	0	0	0	0	0	0	0	0	0	0	1	0	0	0	0	0	0	0	0	0
P4HTM	ENSG00000178467	ENST00000485210	retained_intron	0	0	0	1	0	0	0	0	0	0	0	0	0	0	0	0	0	1	0	0	0	0	0	0	0	0	0
P4HTM	ENSG00000178467	ENST00000486817	processed_transcript	0	0	0	1	0	0	0	0	0	0	0	0	0	0	0	0	0	1	0	0	0	0	0	0	0	0	0
P4HTM	ENSG00000178467	ENST00000491739	protein_coding	0	0	1	0	0	0	0	0	0	0	0	0	0	0	0	0	1	0	0	0	0	0	0	0	0	0	0
PA2G4	ENSG00000170515	ENST00000303305	protein_coding	0	1	1	0	0	0	0	0	0	0	0	0	0	0	0	0	1	0	0	0	0	0	0	0	0	1	0
PA2G4	ENSG00000170515	ENST00000550166	retained_intron	0	0	0	2	0	0	0	0	0	0	0	0	2	0	0	0	0	0	0	0	0	0	0	0	0	0	0
PA2G4	ENSG00000170515	ENST00000552266	retained_intron	0	0	0	2	0	0	0	0	0	0	0	0	2	0	0	0	0	0	0	0	0	0	0	0	0	0	0
PA2G4	ENSG00000170515	ENST00000552528	retained_intron	0	0	0	2	0	0	0	0	0	0	0	0	2	0	0	0	0	0	0	0	0	0	0	0	0	0	0
PA2G4	ENSG00000170515	ENST00000552766	protein_coding	0	0	0	2	0	0	0	0	0	0	0	0	0	0	0	2	0	0	0	0	0	0	0	0	0	0	0
PA2G4	ENSG00000170515	ENST00000553057	protein_coding	0	0	0	2	0	0	0	0	0	0	0	0	2	0	0	0	0	0	0	0	0	0	0	0	0	0	0
PABPC1P4	ENSG00000255642	ENST00000539977	processed_pseudogene	0	0	0	1	0	0	0	0	0	0	0	0	0	0	0	0	0	1	0	0	0	0	0	0	0	0	0
PAK2	ENSG00000180370	ENST00000327134	protein_coding	0	0	0	1	0	0	0	0	0	0	0	0	0	0	0	0	0	0	0	0	0	0	0	0	0	0	1
PARG	ENSG00000227345	ENST00000402038	protein_coding	0	0	0	1	0	0	0	0	0	0	0	0	0	0	0	1	0	0	0	0	0	0	0	0	0	0	0
PARG	ENSG00000227345	ENST00000610922	nonsense_mediated_decay	0	0	0	1	0	0	0	0	0	0	0	0	0	0	0	0	0	0	0	0	0	0	0	0	0	0	1
PARG	ENSG00000227345	ENST00000611974	processed_transcript	0	0	0	1	0	0	0	0	0	0	0	0	0	0	0	0	0	0	0	0	0	0	0	0	0	0	1
PARG	ENSG00000227345	ENST00000614063	nonsense_mediated_decay	0	0	0	1	0	0	0	0	0	0	0	0	0	0	0	0	0	0	0	0	0	0	0	0	0	0	1
PARG	ENSG00000227345	ENST00000616448	protein_coding	0	0	0	1	0	0	0	0	0	0	0	0	0	0	0	0	0	0	0	0	0	0	0	0	0	0	1
PARP12	ENSG00000059378	ENST00000263549	protein_coding	0	0	1	0	0	0	0	0	0	0	1	0	0	0	0	0	0	0	0	0	0	0	0	0	0	0	0
PARP12	ENSG00000059378	ENST00000466597	retained_intron	0	0	0	1	0	0	0	0	0	0	0	0	1	0	0	0	0	0	0	0	0	0	0	0	0	0	0
PARP12	ENSG00000059378	ENST00000473341	nonsense_mediated_decay	0	0	0	2	1	0	0	0	0	0	0	0	0	0	0	0	0	1	0	0	0	0	0	0	0	0	0
PARP12	ENSG00000059378	ENST00000484111	protein_coding	0	0	0	1	0	0	0	0	0	0	0	0	1	0	0	0	0	0	0	0	0	0	0	0	0	0	0
PARP12	ENSG00000059378	ENST00000488726	retained_intron	0	0	0	1	0	0	0	0	0	0	0	0	0	0	0	0	0	1	0	0	0	0	0	0	0	0	0
PARP12	ENSG00000059378	ENST00000489383	retained_intron	0	0	0	1	0	0	0	0	0	0	0	0	1	0	0	0	0	0	0	0	0	0	0	0	0	0	0
PARP12	ENSG00000059378	ENST00000489809	protein_coding	0	0	0	1	1	0	0	0	0	0	0	0	0	0	0	0	0	0	0	0	0	0	0	0	0	0	0
PARP12	ENSG00000059378	ENST00000491598	nonsense_mediated_decay	0	0	0	2	1	0	0	0	0	0	0	0	0	0	0	0	0	1	0	0	0	0	0	0	0	0	0
PARP12	ENSG00000059378	ENST00000496624	retained_intron	0	0	0	1	0	0	0	0	0	0	0	0	1	0	0	0	0	0	0	0	0	0	0	0	0	0	0
PARP15	ENSG00000173200	ENST00000310366	protein_coding	0	0	0	1	0	0	0	0	0	0	0	0	0	0	0	0	0	0	0	0	0	0	0	0	0	0	1
PARP15	ENSG00000173200	ENST00000464300	protein_coding	0	0	0	1	0	0	0	0	0	0	0	0	0	0	0	1	0	0	0	0	0	0	0	0	0	0	0
PARP15	ENSG00000173200	ENST00000465304	processed_transcript	1	0	0	0	0	0	0	0	0	0	0	0	0	0	0	1	0	0	0	0	1	0	0	0	0	0	0
PARP15	ENSG00000173200	ENST00000483793	protein_coding	0	0	0	1	0	0	0	0	0	0	0	0	0	0	0	1	0	0	0	0	0	0	0	0	0	0	0
PARP15	ENSG00000173200	ENST00000493645	protein_coding	0	0	0	1	0	0	0	0	0	0	0	0	0	0	0	0	0	0	0	0	0	0	0	0	0	0	1
PARPBP	ENSG00000185480	ENST00000327680	protein_coding	0	0	0	1	1	0	0	0	0	0	0	0	0	0	0	0	0	0	0	0	0	0	0	0	0	0	0
PARPBP	ENSG00000185480	ENST00000392911	protein_coding	0	0	0	1	0	0	0	0	0	0	0	0	1	0	0	0	0	0	0	0	0	0	0	0	0	0	0
PARPBP	ENSG00000185480	ENST00000412715	protein_coding	0	0	0	1	1	0	0	0	0	0	0	0	0	0	0	0	0	0	0	0	0	0	0	0	0	0	0
PARPBP	ENSG00000185480	ENST00000417507	protein_coding	0	0	0	1	1	0	0	0	0	0	0	0	0	0	0	0	0	0	0	0	0	0	0	0	0	0	0
PARPBP	ENSG00000185480	ENST00000457614	nonsense_mediated_decay	0	0	0	2	1	0	0	0	0	0	0	0	0	0	0	0	0	1	0	0	0	0	0	0	0	0	0
PARPBP	ENSG00000185480	ENST00000535811	processed_transcript	0	0	0	1	0	0	0	0	0	0	0	0	0	0	0	0	0	1	0	0	0	0	0	0	0	0	0
PARPBP	ENSG00000185480	ENST00000541394	protein_coding	0	0	0	1	0	0	0	0	0	0	0	0	1	0	0	0	0	0	0	0	0	0	0	0	0	0	0
PARPBP	ENSG00000185480	ENST00000543784	protein_coding	0	0	0	1	0	0	0	0	0	0	0	0	1	0	0	0	0	0	0	0	0	0	0	0	0	0	0
PAWR	ENSG00000177425	ENST00000328827	protein_coding	0	0	0	1	1	0	0	0	0	0	0	0	0	0	0	0	0	0	0	0	0	0	0	0	0	0	0
PAWR	ENSG00000177425	ENST00000547699	retained_intron	0	0	0	1	0	0	0	0	0	0	0	0	1	0	0	0	0	0	0	0	0	0	0	0	0	0	0
PAWR	ENSG00000177425	ENST00000548075	processed_transcript	0	0	0	1	0	0	0	0	0	0	0	0	0	0	0	1	0	0	0	0	0	0	0	0	0	0	0
PAWR	ENSG00000177425	ENST00000549050	processed_transcript	0	0	0	1	0	0	0	0	0	0	0	0	1	0	0	0	0	0	0	0	0	0	0	0	0	0	0
PAWR	ENSG00000177425	ENST00000550603	protein_coding	0	0	0	1	0	0	0	0	0	0	0	0	0	0	0	1	0	0	0	0	0	0	0	0	0	0	0
PCBP2	ENSG00000197111	ENST00000359282	protein_coding	1	0	0	0	0	0	0	0	0	0	0	0	0	0	1	0	0	0	0	0	0	0	0	0	0	0	0
PCBP2	ENSG00000197111	ENST00000359462	protein_coding	1	0	0	0	0	0	0	0	0	0	0	0	0	0	1	0	0	0	0	0	0	0	0	0	0	0	0
PCBP2	ENSG00000197111	ENST00000437231	protein_coding	1	0	0	0	0	0	0	0	0	0	0	0	0	0	1	0	0	0	0	0	0	0	0	0	0	0	0
PCBP2	ENSG00000197111	ENST00000439930	protein_coding	1	0	0	0	0	0	0	0	0	0	0	0	0	0	1	0	0	0	0	0	0	0	0	0	0	0	0
PCBP2	ENSG00000197111	ENST00000447282	protein_coding	1	0	0	0	0	0	0	0	0	0	0	0	0	0	1	0	0	0	0	0	0	0	0	0	0	0	0
PCBP2	ENSG00000197111	ENST00000455667	protein_coding	1	0	0	0	0	0	0	0	0	0	0	0	0	0	1	0	0	0	0	0	0	0	0	0	0	0	0
PCBP2	ENSG00000197111	ENST00000546463	protein_coding	1	0	0	0	0	0	0	0	0	0	0	0	0	0	1	0	0	0	0	0	0	0	0	0	0	0	0
PCBP2	ENSG00000197111	ENST00000546652	nonsense_mediated_decay	0	0	0	1	0	0	0	0	0	0	0	0	0	0	0	0	0	1	0	0	0	0	0	0	0	0	0
PCBP2	ENSG00000197111	ENST00000547859	protein_coding	0	0	0	1	0	0	0	0	0	0	0	0	0	0	0	0	0	0	0	0	0	0	0	0	0	0	1
PCBP2	ENSG00000197111	ENST00000547987	retained_intron	0	0	0	1	0	0	0	0	0	0	0	0	0	0	0	0	0	1	0	0	0	0	0	0	0	0	0
PCBP2	ENSG00000197111	ENST00000548190	retained_intron	0	0	0	1	0	0	0	0	0	0	0	0	1	0	0	0	0	0	0	0	0	0	0	0	0	0	0
PCBP2	ENSG00000197111	ENST00000548933	protein_coding	1	0	0	0	0	0	0	0	0	0	0	0	0	0	1	0	0	0	0	0	0	0	0	0	0	0	0
PCBP2	ENSG00000197111	ENST00000549272	retained_intron	0	0	0	1	0	0	0	0	0	0	0	0	0	0	0	0	0	0	0	0	0	0	0	0	0	0	1
PCBP2	ENSG00000197111	ENST00000549863	protein_coding	1	0	0	0	0	0	0	0	0	0	0	0	0	0	1	0	0	0	0	0	0	0	0	0	0	0	0
PCBP2	ENSG00000197111	ENST00000550520	protein_coding	1	0	0	0	0	0	0	0	0	0	0	0	0	0	1	0	0	0	0	0	0	0	0	0	0	0	0
PCBP2	ENSG00000197111	ENST00000550585	nonsense_mediated_decay	0	0	0	2	1	0	0	0	0	0	0	0	0	0	0	0	0	1	0	0	0	0	0	0	0	0	0
PCBP2	ENSG00000197111	ENST00000550910	retained_intron	0	0	0	1	0	0	0	0	0	0	0	0	1	0	0	0	0	0	0	0	0	0	0	0	0	0	0
PCBP2	ENSG00000197111	ENST00000551104	protein_coding	1	0	0	0	0	0	0	0	0	0	0	0	0	0	1	0	0	0	0	0	0	0	0	0	0	0	0
PCBP2	ENSG00000197111	ENST00000552296	protein_coding	1	0	0	0	0	0	0	0	0	0	0	0	0	0	1	0	0	0	0	0	0	0	0	0	0	0	0
PCBP2	ENSG00000197111	ENST00000552819	protein_coding	1	0	0	0	0	0	0	0	0	0	0	0	0	0	1	0	0	0	0	0	0	0	0	0	0	0	0
PCBP2	ENSG00000197111	ENST00000553064	protein_coding	1	0	0	0	0	0	0	0	0	0	0	0	0	0	1	0	0	0	0	0	0	0	0	0	0	0	0
PCBP2	ENSG00000197111	ENST00000562264	protein_coding	1	0	0	0	0	0	0	0	0	0	0	0	0	0	1	0	0	0	0	0	0	0	0	0	0	0	0
PCBP2-OT1	ENSG00000282977	ENST00000634357		0	0	0	1	0	0	0	0	0	0	0	0	0	0	0	0	0	0	0	0	0	0	0	0	0	0	1
PCCA	ENSG00000175198	ENST00000376279	protein_coding	0	0	0	1	0	0	0	0	0	0	0	0	0	0	0	1	0	0	0	0	0	0	0	0	0	0	0
PCCA	ENSG00000175198	ENST00000376285	protein_coding	0	0	0	1	0	0	0	0	0	0	0	0	0	0	0	1	0	0	0	0	0	0	0	0	0	0	0
PCCA	ENSG00000175198	ENST00000376286	protein_coding	0	0	0	1	0	0	0	0	0	0	0	0	0	0	0	1	0	0	0	0	0	0	0	0	0	0	0
PCCA	ENSG00000175198	ENST00000413170	protein_coding	0	0	0	1	0	0	0	0	0	0	0	0	0	0	0	1	0	0	0	0	0	0	0	0	0	0	0
PCCA	ENSG00000175198	ENST00000458283	protein_coding	0	0	0	1	0	0	0	0	0	0	0	0	0	0	0	1	0	0	0	0	0	0	0	0	0	0	0
PCCA	ENSG00000175198	ENST00000636366	protein_coding	0	0	0	1	0	0	0	0	0	0	0	0	0	0	0	1	0	0	0	0	0	0	0	0	0	0	0
PCCA	ENSG00000175198	ENST00000636475	nonsense_mediated_decay	0	0	0	1	0	0	0	0	0	0	0	0	0	0	0	1	0	0	0	0	0	0	0	0	0	0	0
PCCA	ENSG00000175198	ENST00000637657	protein_coding	0	0	0	1	0	0	0	0	0	0	0	0	0	0	0	1	0	0	0	0	0	0	0	0	0	0	0
PCCA	ENSG00000175198	ENST00000647303	nonsense_mediated_decay	0	0	0	1	0	0	0	0	0	0	0	0	0	0	0	1	0	0	0	0	0	0	0	0	0	0	0
PCCA-AS1	ENSG00000234650	ENST00000451662		0	0	0	1	0	0	0	0	0	0	0	0	0	0	0	1	0	0	0	0	0	0	0	0	0	0	0
PCDH15	ENSG00000150275	ENST00000320301	protein_coding	0	0	0	1	0	0	0	0	0	0	0	0	0	0	0	1	0	0	0	0	0	0	0	0	0	0	0
PCDH15	ENSG00000150275	ENST00000361849	protein_coding	0	0	0	1	0	0	0	0	0	0	0	0	0	0	0	1	0	0	0	0	0	0	0	0	0	0	0
PCDH15	ENSG00000150275	ENST00000373955	protein_coding	0	0	0	1	0	0	0	0	0	0	0	0	0	0	0	1	0	0	0	0	0	0	0	0	0	0	0
PCDH15	ENSG00000150275	ENST00000373956	nonsense_mediated_decay	0	0	0	1	0	0	0	0	0	0	0	0	0	0	0	1	0	0	0	0	0	0	0	0	0	0	0
PCDH15	ENSG00000150275	ENST00000373957	protein_coding	0	0	0	1	0	0	0	0	0	0	0	0	0	0	0	1	0	0	0	0	0	0	0	0	0	0	0
PCDH15	ENSG00000150275	ENST00000373965	protein_coding	0	0	0	2	1	0	0	0	0	0	0	0	0	0	0	1	0	0	0	0	0	0	0	0	0	0	0
PCDH15	ENSG00000150275	ENST00000395430	protein_coding	0	0	0	1	0	0	0	0	0	0	0	0	0	0	0	1	0	0	0	0	0	0	0	0	0	0	0
PCDH15	ENSG00000150275	ENST00000395432	protein_coding	0	0	0	1	0	0	0	0	0	0	0	0	0	0	0	1	0	0	0	0	0	0	0	0	0	0	0
PCDH15	ENSG00000150275	ENST00000395433	protein_coding	0	0	0	1	0	0	0	0	0	0	0	0	0	0	0	1	0	0	0	0	0	0	0	0	0	0	0
PCDH15	ENSG00000150275	ENST00000395438	protein_coding	0	0	0	1	0	0	0	0	0	0	0	0	0	0	0	1	0	0	0	0	0	0	0	0	0	0	0
PCDH15	ENSG00000150275	ENST00000395440	protein_coding	0	0	0	1	0	0	0	0	0	0	0	0	0	0	0	1	0	0	0	0	0	0	0	0	0	0	0
PCDH15	ENSG00000150275	ENST00000395442	protein_coding	0	0	0	1	0	0	0	0	0	0	0	0	0	0	0	1	0	0	0	0	0	0	0	0	0	0	0
PCDH15	ENSG00000150275	ENST00000395445	protein_coding	0	0	0	1	0	0	0	0	0	0	0	0	0	0	0	1	0	0	0	0	0	0	0	0	0	0	0
PCDH15	ENSG00000150275	ENST00000395446	protein_coding	0	0	0	1	0	0	0	0	0	0	0	0	0	0	0	1	0	0	0	0	0	0	0	0	0	0	0
PCDH15	ENSG00000150275	ENST00000409834	protein_coding	0	0	0	1	0	0	0	0	0	0	0	0	0	0	0	1	0	0	0	0	0	0	0	0	0	0	0
PCDH15	ENSG00000150275	ENST00000414367	nonsense_mediated_decay	0	0	0	1	0	0	0	0	0	0	0	0	0	0	0	1	0	0	0	0	0	0	0	0	0	0	0
PCDH15	ENSG00000150275	ENST00000414778	protein_coding	0	0	0	2	1	0	0	0	0	0	0	0	0	0	0	1	0	0	0	0	0	0	0	0	0	0	0
PCDH15	ENSG00000150275	ENST00000437009	protein_coding	0	0	0	1	0	0	0	0	0	0	0	0	0	0	0	1	0	0	0	0	0	0	0	0	0	0	0
PCDH15	ENSG00000150275	ENST00000448885	nonsense_mediated_decay	0	0	0	1	0	0	0	0	0	0	0	0	0	0	0	1	0	0	0	0	0	0	0	0	0	0	0
PCDH15	ENSG00000150275	ENST00000458638	protein_coding	0	0	0	1	0	0	0	0	0	0	0	0	0	0	0	1	0	0	0	0	0	0	0	0	0	0	0
PCDH15	ENSG00000150275	ENST00000476074	retained_intron	0	0	0	1	0	0	0	0	0	0	0	0	1	0	0	0	0	0	0	0	0	0	0	0	0	0	0
PCDH15	ENSG00000150275	ENST00000495484	protein_coding	0	0	0	2	0	0	0	0	0	0	0	0	1	0	0	1	0	0	0	0	0	0	0	0	0	0	0
PCDH15	ENSG00000150275	ENST00000612394	protein_coding	0	0	0	1	0	0	0	0	0	0	0	0	0	0	0	1	0	0	0	0	0	0	0	0	0	0	0
PCDH15	ENSG00000150275	ENST00000613346	protein_coding	0	0	0	1	0	0	0	0	0	0	0	0	0	0	0	1	0	0	0	0	0	0	0	0	0	0	0
PCDH15	ENSG00000150275	ENST00000613657	protein_coding	0	0	0	1	0	0	0	0	0	0	0	0	0	0	0	1	0	0	0	0	0	0	0	0	0	0	0
PCDH15	ENSG00000150275	ENST00000614895	protein_coding	0	0	0	2	1	0	0	0	0	0	0	0	0	0	0	1	0	0	0	0	0	0	0	0	0	0	0
PCDH15	ENSG00000150275	ENST00000616114	protein_coding	0	0	0	2	0	0	0	0	0	0	0	0	1	0	0	1	0	0	0	0	0	0	0	0	0	0	0
PCDH15	ENSG00000150275	ENST00000617051	protein_coding	0	0	0	1	0	0	0	0	0	0	0	0	0	0	0	1	0	0	0	0	0	0	0	0	0	0	0
PCDH15	ENSG00000150275	ENST00000617271	protein_coding	0	0	0	1	0	0	0	0	0	0	0	0	0	0	0	1	0	0	0	0	0	0	0	0	0	0	0
PCDH15	ENSG00000150275	ENST00000618301	protein_coding	0	0	0	1	0	0	0	0	0	0	0	0	1	0	0	0	0	0	0	0	0	0	0	0	0	0	0
PCDH15	ENSG00000150275	ENST00000621708	protein_coding	0	0	0	2	0	0	0	0	0	0	0	0	1	0	0	1	0	0	0	0	0	0	0	0	0	0	0
PCDH15	ENSG00000150275	ENST00000622048	protein_coding	0	0	0	1	0	0	0	0	0	0	0	0	0	0	0	1	0	0	0	0	0	0	0	0	0	0	0
PCDH15	ENSG00000150275	ENST00000642496	protein_coding	0	0	0	1	0	0	0	0	0	0	0	0	1	0	0	0	0	0	0	0	0	0	0	0	0	0	0
PCDH15	ENSG00000150275	ENST00000644397	protein_coding	0	0	0	2	1	0	0	0	0	0	0	0	0	0	0	1	0	0	0	0	0	0	0	0	0	0	0
PCGF6	ENSG00000156374	ENST00000337211	protein_coding	0	0	0	1	0	0	0	0	0	0	0	0	0	0	0	1	0	0	0	0	0	0	0	0	0	0	0
PCGF6	ENSG00000156374	ENST00000369847	protein_coding	0	0	1	0	0	0	0	0	0	0	0	0	0	0	0	0	1	0	0	0	0	0	0	0	0	0	0
PCGF6	ENSG00000156374	ENST00000490296	processed_transcript	0	0	0	1	0	0	0	0	0	0	0	0	0	0	0	0	0	1	0	0	0	0	0	0	0	0	0
PCGF6	ENSG00000156374	ENST00000492755	retained_intron	0	0	0	1	0	0	0	0	0	0	0	0	1	0	0	0	0	0	0	0	0	0	0	0	0	0	0
PCGF6	ENSG00000156374	ENST00000647574	nonsense_mediated_decay	0	0	0	2	1	0	0	0	0	0	0	0	0	0	0	0	0	1	0	0	0	0	0	0	0	0	0
PCLO	ENSG00000186472	ENST00000333891	protein_coding	0	0	2	0	0	0	0	0	0	0	0	0	0	0	0	0	2	0	0	0	0	0	0	0	0	0	0
PCLO	ENSG00000186472	ENST00000423517	protein_coding	0	0	2	0	0	0	0	0	0	0	0	0	0	0	0	0	2	0	0	0	0	0	0	0	0	0	0
PCLO	ENSG00000186472	ENST00000437081	protein_coding	0	0	1	0	0	0	0	0	0	0	0	0	0	0	0	0	1	0	0	0	0	0	0	0	0	0	0
PCYT2	ENSG00000185813	ENST00000331285	protein_coding	0	0	0	1	0	0	0	0	0	0	0	0	0	0	0	1	0	0	0	0	0	0	0	0	0	0	0
PCYT2	ENSG00000185813	ENST00000538721	protein_coding	0	0	0	1	0	0	0	0	0	0	0	0	0	0	0	1	0	0	0	0	0	0	0	0	0	0	0
PCYT2	ENSG00000185813	ENST00000538936	protein_coding	0	0	0	1	0	0	0	0	0	0	0	0	0	0	0	1	0	0	0	0	0	0	0	0	0	0	0
PCYT2	ENSG00000185813	ENST00000570388	protein_coding	0	0	0	1	0	0	0	0	0	0	0	0	0	0	0	1	0	0	0	0	0	0	0	0	0	0	0
PCYT2	ENSG00000185813	ENST00000570391	protein_coding	0	0	0	1	0	0	0	0	0	0	0	0	0	0	0	1	0	0	0	0	0	0	0	0	0	0	0
PCYT2	ENSG00000185813	ENST00000571105	protein_coding	0	0	0	1	0	0	0	0	0	0	0	0	0	0	0	1	0	0	0	0	0	0	0	0	0	0	0
PCYT2	ENSG00000185813	ENST00000571581	retained_intron	0	0	0	1	0	0	0	0	0	0	0	0	0	0	0	1	0	0	0	0	0	0	0	0	0	0	0
PCYT2	ENSG00000185813	ENST00000571944	retained_intron	0	0	0	1	0	0	0	0	0	0	0	0	0	0	0	0	0	1	0	0	0	0	0	0	0	0	0
PCYT2	ENSG00000185813	ENST00000572157	protein_coding	0	0	0	1	0	0	0	0	0	0	0	0	1	0	0	0	0	0	0	0	0	0	0	0	0	0	0
PCYT2	ENSG00000185813	ENST00000572473	protein_coding	0	0	0	1	0	0	0	0	0	0	0	0	1	0	0	0	0	0	0	0	0	0	0	0	0	0	0
PCYT2	ENSG00000185813	ENST00000572924	retained_intron	0	0	0	1	0	0	0	0	0	0	0	0	0	0	0	0	0	0	0	0	0	0	0	0	0	0	1
PCYT2	ENSG00000185813	ENST00000572995	protein_coding	0	0	0	1	0	0	0	0	0	0	0	0	0	0	0	1	0	0	0	0	0	0	0	0	0	0	0
PCYT2	ENSG00000185813	ENST00000573401	nonsense_mediated_decay	0	0	0	1	0	0	0	0	0	0	0	0	0	0	0	1	0	0	0	0	0	0	0	0	0	0	0
PCYT2	ENSG00000185813	ENST00000573636	protein_coding	0	0	0	1	0	0	0	0	0	0	0	0	0	0	0	1	0	0	0	0	0	0	0	0	0	0	0
PCYT2	ENSG00000185813	ENST00000573927	protein_coding	0	0	0	1	0	0	0	0	0	0	0	0	1	0	0	0	0	0	0	0	0	0	0	0	0	0	0
PCYT2	ENSG00000185813	ENST00000574155	retained_intron	0	0	0	1	0	0	0	0	0	0	0	0	0	0	0	0	0	1	0	0	0	0	0	0	0	0	0
PCYT2	ENSG00000185813	ENST00000574343	retained_intron	0	0	0	1	0	0	0	0	0	0	0	0	0	0	0	0	0	0	0	0	0	0	0	0	0	0	1
PCYT2	ENSG00000185813	ENST00000576343	protein_coding	0	0	0	1	0	0	0	0	0	0	0	0	0	0	0	1	0	0	0	0	0	0	0	0	0	0	0
PDAP1	ENSG00000106244	ENST00000350498	protein_coding	0	0	2	0	0	0	0	0	0	0	0	0	0	0	0	0	2	0	0	0	0	0	0	0	0	0	0
PDAP1	ENSG00000106244	ENST00000426447	nonsense_mediated_decay	0	0	0	4	2	0	0	0	0	0	0	0	0	0	0	0	0	2	0	0	0	0	0	0	0	0	0
PDAP1	ENSG00000106244	ENST00000496335	processed_transcript	0	0	0	2	0	0	0	0	0	0	0	0	0	0	0	2	0	0	0	0	0	0	0	0	0	0	0
PDCD6IP	ENSG00000170248	ENST00000307296	protein_coding	0	0	1	0	0	0	0	0	0	0	0	0	0	0	0	0	1	0	0	0	0	0	0	0	0	0	0
PDCD6IP	ENSG00000170248	ENST00000457054	protein_coding	0	0	1	0	0	0	0	0	0	0	0	0	0	0	0	0	1	0	0	0	0	0	0	0	0	0	0
PDCD6IP	ENSG00000170248	ENST00000465122	retained_intron	0	0	0	1	0	0	0	0	0	0	0	0	0	0	0	0	0	1	0	0	0	0	0	0	0	0	0
PDCD6IP	ENSG00000170248	ENST00000489869	retained_intron	0	0	0	1	0	0	0	0	0	0	0	0	0	0	0	0	0	0	0	0	0	0	0	0	0	0	1
PDCD6IP	ENSG00000170248	ENST00000495235	processed_transcript	0	0	0	1	0	0	0	0	0	0	0	0	0	0	0	0	0	1	0	0	0	0	0	0	0	0	0
PDCD6IP	ENSG00000170248	ENST00000648706	nonsense_mediated_decay	0	0	0	2	1	0	0	0	0	0	0	0	0	0	0	0	0	1	0	0	0	0	0	0	0	0	0
PDSS1	ENSG00000148459	ENST00000376215	protein_coding	0	0	1	0	0	0	0	0	0	0	0	0	0	0	0	0	1	0	0	0	0	0	0	0	0	0	0
PDSS1	ENSG00000148459	ENST00000473224	processed_transcript	0	0	0	1	0	0	0	0	0	0	0	0	0	0	0	0	0	1	0	0	0	0	0	0	0	0	0
PFKFB3	ENSG00000170525	ENST00000317350	protein_coding	0	0	0	1	0	0	0	0	0	0	0	0	0	0	0	1	0	0	0	0	0	0	0	0	0	0	0
PFKFB3	ENSG00000170525	ENST00000360521	protein_coding	0	0	0	1	0	0	0	0	0	0	0	0	0	0	0	1	0	0	0	0	0	0	0	0	0	0	0
PFKFB3	ENSG00000170525	ENST00000379775	protein_coding	0	0	0	1	0	0	0	0	0	0	0	0	0	0	0	1	0	0	0	0	0	0	0	0	0	0	0
PFKFB3	ENSG00000170525	ENST00000379785	protein_coding	0	0	0	1	0	0	0	0	0	0	0	0	0	0	0	1	0	0	0	0	0	0	0	0	0	0	0
PFKFB3	ENSG00000170525	ENST00000379789	protein_coding	0	0	0	1	0	0	0	0	0	0	0	0	0	0	0	1	0	0	0	0	0	0	0	0	0	0	0
PFKFB3	ENSG00000170525	ENST00000450232	protein_coding	0	0	0	1	0	0	0	0	0	0	0	0	0	0	0	0	0	0	0	0	0	0	0	0	0	0	1
PFKFB3	ENSG00000170525	ENST00000461744	nonsense_mediated_decay	0	0	0	1	0	0	0	0	0	0	0	0	0	0	0	1	0	0	0	0	0	0	0	0	0	0	0
PFKFB3	ENSG00000170525	ENST00000467491	nonsense_mediated_decay	0	0	0	1	0	0	0	0	0	0	0	0	0	0	0	1	0	0	0	0	0	0	0	0	0	0	0
PFKFB3	ENSG00000170525	ENST00000477914	nonsense_mediated_decay	0	0	0	1	0	0	0	0	0	0	0	0	0	0	0	1	0	0	0	0	0	0	0	0	0	0	0
PFKFB3	ENSG00000170525	ENST00000490474	nonsense_mediated_decay	0	0	0	1	0	0	0	0	0	0	0	0	0	0	0	1	0	0	0	0	0	0	0	0	0	0	0
PFKFB3	ENSG00000170525	ENST00000536985	protein_coding	0	0	0	1	0	0	0	0	0	0	0	0	0	0	0	1	0	0	0	0	0	0	0	0	0	0	0
PFKFB3	ENSG00000170525	ENST00000625260	protein_coding	0	0	0	1	0	0	0	0	0	0	0	0	0	0	0	1	0	0	0	0	0	0	0	0	0	0	0
PFKFB3	ENSG00000170525	ENST00000626882	protein_coding	0	0	0	1	0	0	0	0	0	0	0	0	0	0	0	1	0	0	0	0	0	0	0	0	0	0	0
PFKFB3	ENSG00000170525	ENST00000639949	protein_coding	0	0	0	1	0	0	0	0	0	0	0	0	0	0	0	1	0	0	0	0	0	0	0	0	0	0	0
PFKFB3	ENSG00000170525	ENST00000640683	protein_coding	0	0	0	1	0	0	0	0	0	0	0	0	0	0	0	1	0	0	0	0	0	0	0	0	0	0	0
PGAM1P5	ENSG00000257150	ENST00000548011	transcribed_processed_pseudogene	0	0	0	3	0	0	0	0	0	0	0	0	0	0	0	0	0	3	0	0	0	0	0	0	0	0	0
PGAM1P5	ENSG00000257150	ENST00000552554	processed_transcript	0	0	0	3	0	0	0	0	0	0	0	0	0	0	0	0	0	3	0	0	0	0	0	0	0	0	0
PGAP3	ENSG00000161395	ENST00000300658	protein_coding	0	0	0	1	0	0	0	0	0	0	0	0	0	0	0	1	0	0	0	0	0	0	0	0	0	0	0
PGAP3	ENSG00000161395	ENST00000309862	retained_intron	0	0	0	1	0	0	0	0	0	0	0	0	0	0	0	1	0	0	0	0	0	0	0	0	0	0	0
PGAP3	ENSG00000161395	ENST00000378011	protein_coding	0	0	0	1	0	0	0	0	0	0	0	0	0	0	0	1	0	0	0	0	0	0	0	0	0	0	0
PGAP3	ENSG00000161395	ENST00000429199	protein_coding	0	0	0	1	0	0	0	0	0	0	0	0	0	0	0	1	0	0	0	0	0	0	0	0	0	0	0
PGAP3	ENSG00000161395	ENST00000577337	nonsense_mediated_decay	0	0	0	1	0	0	0	0	0	0	0	0	0	0	0	1	0	0	0	0	0	0	0	0	0	0	0
PGAP3	ENSG00000161395	ENST00000579146	protein_coding	0	0	0	1	0	0	0	0	0	0	0	0	0	0	0	1	0	0	0	0	0	0	0	0	0	0	0
PGAP3	ENSG00000161395	ENST00000580898	retained_intron	0	0	0	1	0	0	0	0	0	0	0	0	1	0	0	0	0	0	0	0	0	0	0	0	0	0	0
PGAP3	ENSG00000161395	ENST00000582276	retained_intron	0	0	0	1	0	0	0	0	0	0	0	0	1	0	0	0	0	0	0	0	0	0	0	0	0	0	0
PGAP3	ENSG00000161395	ENST00000584620	nonsense_mediated_decay	0	0	0	1	0	0	0	0	0	0	0	0	1	0	0	0	0	0	0	0	0	0	0	0	0	0	0
PGAP3	ENSG00000161395	ENST00000619169	protein_coding	0	0	0	1	0	0	0	0	0	0	0	0	0	0	0	1	0	0	0	0	0	0	0	0	0	0	0
PGS1	ENSG00000087157	ENST00000262764	protein_coding	0	0	0	1	0	0	0	0	0	0	0	0	0	0	0	1	0	0	0	0	0	0	0	0	0	0	0
PGS1	ENSG00000087157	ENST00000585521	processed_transcript	0	0	0	1	0	0	0	0	0	0	0	0	0	0	0	1	0	0	0	0	0	0	0	0	0	0	0
PGS1	ENSG00000087157	ENST00000586019	protein_coding	0	0	0	1	0	0	0	0	0	0	0	0	0	0	0	1	0	0	0	0	0	0	0	0	0	0	0
PGS1	ENSG00000087157	ENST00000586355	protein_coding	0	0	0	1	0	0	0	0	0	0	0	0	0	0	0	1	0	0	0	0	0	0	0	0	0	0	0
PGS1	ENSG00000087157	ENST00000588169	nonsense_mediated_decay	0	0	0	1	0	0	0	0	0	0	0	0	0	0	0	1	0	0	0	0	0	0	0	0	0	0	0
PGS1	ENSG00000087157	ENST00000588281	processed_transcript	0	0	0	1	0	0	0	0	0	0	0	0	0	0	0	1	0	0	0	0	0	0	0	0	0	0	0
PGS1	ENSG00000087157	ENST00000589425	nonsense_mediated_decay	0	0	0	1	0	0	0	0	0	0	0	0	0	0	0	1	0	0	0	0	0	0	0	0	0	0	0
PGS1	ENSG00000087157	ENST00000589426	nonsense_mediated_decay	0	0	0	1	0	0	0	0	0	0	0	0	0	0	0	1	0	0	0	0	0	0	0	0	0	0	0
PGS1	ENSG00000087157	ENST00000591996	retained_intron	0	0	0	1	0	0	0	0	0	0	0	0	0	0	0	1	0	0	0	0	0	0	0	0	0	0	0
PHB2	ENSG00000215021	ENST00000399433	protein_coding	0	0	1	0	0	0	0	0	0	0	0	0	0	0	0	0	1	0	0	0	0	0	0	0	0	0	0
PHB2	ENSG00000215021	ENST00000440277	protein_coding	0	0	0	1	0	0	0	0	0	0	0	0	0	0	0	1	0	0	0	0	0	0	0	0	0	0	0
PHB2	ENSG00000215021	ENST00000535923	protein_coding	0	0	1	0	0	0	0	0	0	0	0	0	0	0	0	0	1	0	0	0	0	0	0	0	0	0	0
PHB2	ENSG00000215021	ENST00000536316	protein_coding	0	0	0	1	0	0	0	0	0	0	0	0	1	0	0	0	0	0	0	0	0	0	0	0	0	0	0
PHB2	ENSG00000215021	ENST00000537646	retained_intron	0	0	0	1	0	0	0	0	0	0	0	0	0	0	0	0	0	0	0	0	0	0	0	0	0	0	1
PHB2	ENSG00000215021	ENST00000542294	retained_intron	0	0	0	1	0	0	0	0	0	0	0	0	1	0	0	0	0	0	0	0	0	0	0	0	0	0	0
PHB2	ENSG00000215021	ENST00000542912	protein_coding	0	0	1	0	0	0	0	0	0	0	0	0	0	0	0	0	1	0	0	0	0	0	0	0	0	0	0
PHB2	ENSG00000215021	ENST00000543465	retained_intron	0	0	0	1	0	0	0	0	0	0	0	0	0	0	0	0	0	1	0	0	0	0	0	0	0	0	0
PHB2	ENSG00000215021	ENST00000544134	processed_transcript	0	0	0	1	0	0	0	0	0	0	0	0	1	0	0	0	0	0	0	0	0	0	0	0	0	0	0
PHB2	ENSG00000215021	ENST00000544888	nonsense_mediated_decay	0	0	0	1	0	0	0	0	0	0	0	0	1	0	0	0	0	0	0	0	0	0	0	0	0	0	0
PHB2	ENSG00000215021	ENST00000545167	protein_coding	0	0	1	0	0	0	0	0	0	0	0	0	0	0	0	0	1	0	0	0	0	0	0	0	0	0	0
PHB2	ENSG00000215021	ENST00000545555	protein_coding	0	0	0	1	0	0	0	0	0	0	0	0	0	0	0	1	0	0	0	0	0	0	0	0	0	0	0
PHB2	ENSG00000215021	ENST00000546111	protein_coding	0	0	0	1	0	0	0	0	0	0	0	0	0	0	0	1	0	0	0	0	0	0	0	0	0	0	0
PHB2	ENSG00000215021	ENST00000546217	retained_intron	0	0	0	1	0	0	0	0	0	0	0	0	1	0	0	0	0	0	0	0	0	0	0	0	0	0	0
PHBP18	ENSG00000257885	ENST00000546648	processed_pseudogene	0	0	0	2	0	0	0	0	0	0	0	0	0	0	0	0	0	2	0	0	0	0	0	0	0	0	0
PHBP9	ENSG00000230224	ENST00000453578	processed_pseudogene	0	0	0	1	0	0	0	0	0	0	0	0	0	0	0	0	0	1	0	0	0	0	0	0	0	0	0
PHC1	ENSG00000111752	ENST00000433083	protein_coding	1	0	0	0	0	0	0	0	0	0	0	0	0	0	0	0	0	0	0	0	0	0	0	0	1	0	0
PHC1	ENSG00000111752	ENST00000433847	processed_transcript	0	0	0	1	0	0	0	0	0	0	0	0	0	0	0	0	0	1	0	0	0	0	0	0	0	0	0
PHC1	ENSG00000111752	ENST00000535510	nonsense_mediated_decay	0	0	0	1	0	0	0	0	0	0	0	0	0	0	0	0	0	0	0	0	0	0	0	0	0	0	1
PHC1	ENSG00000111752	ENST00000537610	protein_coding	1	0	0	0	0	0	0	0	0	0	0	0	0	0	0	0	0	0	0	0	0	0	0	0	1	0	0
PHC1	ENSG00000111752	ENST00000539063	protein_coding	0	0	0	1	0	0	0	0	0	0	0	0	1	0	0	0	0	0	0	0	0	0	0	0	0	0	0
PHC1	ENSG00000111752	ENST00000539928	processed_transcript	0	0	0	1	0	0	0	0	0	0	0	0	0	0	0	1	0	0	0	0	0	0	0	0	0	0	0
PHC1	ENSG00000111752	ENST00000540574	nonsense_mediated_decay	0	0	0	1	0	0	0	0	0	0	0	0	0	0	0	1	0	0	0	0	0	0	0	0	0	0	0
PHC1	ENSG00000111752	ENST00000540809	retained_intron	0	0	0	1	0	0	0	0	0	0	0	0	0	0	0	0	0	0	0	0	0	0	0	0	0	0	1
PHC1	ENSG00000111752	ENST00000542346	protein_coding	0	0	0	1	0	0	0	0	0	0	0	0	0	0	0	1	0	0	0	0	0	0	0	0	0	0	0
PHC1	ENSG00000111752	ENST00000543824	protein_coding	1	0	0	0	0	0	0	0	0	0	0	0	0	0	0	0	0	0	0	0	0	0	0	0	1	0	0
PHC1	ENSG00000111752	ENST00000544916	protein_coding	1	0	0	0	0	0	0	0	0	0	0	0	0	0	0	0	0	0	0	0	0	0	0	0	1	0	0
PHF2P2	ENSG00000226057	ENST00000444553	transcribed_unprocessed_pseudogene	0	0	0	1	0	0	0	0	0	0	0	0	0	0	0	1	0	0	0	0	0	0	0	0	0	0	0
PHOSPHO1	ENSG00000173868	ENST00000310544	protein_coding	0	0	0	2	1	0	0	0	0	0	0	0	0	0	0	1	0	0	0	0	0	0	0	0	0	0	0
PHOSPHO1	ENSG00000173868	ENST00000413580	protein_coding	0	0	0	2	1	0	0	0	0	0	0	0	0	0	0	1	0	0	0	0	0	0	0	0	0	0	0
PHOSPHO1	ENSG00000173868	ENST00000503902	protein_coding	0	0	0	2	0	0	0	0	0	0	0	0	1	0	0	1	0	0	0	0	0	0	0	0	0	0	0
PHOSPHO1	ENSG00000173868	ENST00000511066	protein_coding	0	0	0	2	0	0	0	0	0	0	0	0	1	0	0	1	0	0	0	0	0	0	0	0	0	0	0
PHOSPHO1	ENSG00000173868	ENST00000512250	protein_coding	0	0	0	2	0	0	0	0	0	0	0	0	1	0	0	1	0	0	0	0	0	0	0	0	0	0	0
PHOSPHO1	ENSG00000173868	ENST00000514112	protein_coding	0	0	0	2	1	0	0	0	0	0	0	0	0	0	0	1	0	0	0	0	0	0	0	0	0	0	0
PHOSPHO1	ENSG00000173868	ENST00000574638	protein_coding	0	0	0	2	0	0	0	0	0	0	0	0	1	0	0	1	0	0	0	0	0	0	0	0	0	0	0
PIGX	ENSG00000163964	ENST00000296333	protein_coding	0	0	0	1	0	0	0	0	0	0	0	0	1	0	0	0	0	0	0	0	0	0	0	0	0	0	0
PIGX	ENSG00000163964	ENST00000392391	protein_coding	0	0	0	1	1	0	0	0	0	0	0	0	0	0	0	0	0	0	0	0	0	0	0	0	0	0	0
PIGX	ENSG00000163964	ENST00000415832	nonsense_mediated_decay	0	0	0	1	0	0	0	0	0	0	0	0	1	0	0	0	0	0	0	0	0	0	0	0	0	0	0
PIGX	ENSG00000163964	ENST00000426755	protein_coding	0	0	0	1	0	0	0	0	0	0	0	0	1	0	0	0	0	0	0	0	0	0	0	0	0	0	0
PIGX	ENSG00000163964	ENST00000453218	nonsense_mediated_decay	0	0	0	1	0	0	0	0	0	0	0	0	1	0	0	0	0	0	0	0	0	0	0	0	0	0	0
PIGX	ENSG00000163964	ENST00000639474	protein_coding	0	0	0	1	0	0	0	0	0	0	0	0	1	0	0	0	0	0	0	0	0	0	0	0	0	0	0
PIP5K1P2	ENSG00000229435	ENST00000437005	unprocessed_pseudogene	0	0	0	3	0	0	0	0	0	0	0	0	3	0	0	0	0	0	0	0	0	0	0	0	0	0	0
PIPSL	ENSG00000180764	ENST00000480546	processed_transcript	0	0	0	1	0	0	0	0	0	0	0	0	0	0	0	0	0	1	0	0	0	0	0	0	0	0	0
PIPSL	ENSG00000180764	ENST00000489875	transcribed_processed_pseudogene	0	0	0	1	0	0	0	0	0	0	0	0	0	0	0	0	0	1	0	0	0	0	0	0	0	0	0
PITPNA	ENSG00000174238	ENST00000313486	protein_coding	0	0	0	1	0	0	0	0	0	0	0	0	1	0	0	0	0	0	0	0	0	0	0	0	0	0	0
PITPNA	ENSG00000174238	ENST00000539476	protein_coding	0	0	0	1	0	0	0	0	0	0	0	0	1	0	0	0	0	0	0	0	0	0	0	0	0	0	0
PITPNA	ENSG00000174238	ENST00000575288	nonsense_mediated_decay	0	0	0	1	0	0	0	0	0	0	0	0	1	0	0	0	0	0	0	0	0	0	0	0	0	0	0
PITPNA-AS1	ENSG00000236618	ENST00000425081		0	0	0	1	0	0	0	0	0	0	0	0	0	0	0	0	0	0	0	0	0	0	0	0	0	0	1
PKD1L1	ENSG00000158683	ENST00000289672	protein_coding	0	0	1	0	0	0	0	0	0	0	0	0	0	0	0	0	1	0	0	0	0	0	0	0	0	0	0
PLCD3	ENSG00000161714	ENST00000538093	protein_coding	0	0	0	1	0	0	0	0	0	0	0	0	1	0	0	0	0	0	0	0	0	0	0	0	0	0	0
PLCD3	ENSG00000161714	ENST00000538988	processed_transcript	0	0	0	1	0	0	0	0	0	0	0	0	0	0	0	0	0	0	0	0	0	0	0	0	0	0	1
PLCD3	ENSG00000161714	ENST00000542173	retained_intron	0	0	0	1	0	0	0	0	0	0	0	0	0	0	0	0	0	0	0	0	0	0	0	0	0	0	1
PLCD3	ENSG00000161714	ENST00000543623	processed_transcript	0	0	0	1	0	0	0	0	0	0	0	0	0	0	0	0	0	0	0	0	0	0	0	0	0	0	1
PLCD3	ENSG00000161714	ENST00000544446	processed_transcript	0	0	0	1	0	0	0	0	0	0	0	0	1	0	0	0	0	0	0	0	0	0	0	0	0	0	0
PLCD3	ENSG00000161714	ENST00000546350	retained_intron	0	0	0	1	0	0	0	0	0	0	0	0	0	0	0	0	0	1	0	0	0	0	0	0	0	0	0
PLCD3	ENSG00000161714	ENST00000590644	protein_coding	0	0	0	1	0	0	0	0	0	0	0	0	1	0	0	0	0	0	0	0	0	0	0	0	0	0	0
PLCD3	ENSG00000161714	ENST00000611986	processed_transcript	0	0	0	1	0	0	0	0	0	0	0	0	0	0	0	0	0	0	0	0	0	0	0	0	0	0	1
PLCD3	ENSG00000161714	ENST00000615898	processed_transcript	0	0	0	1	0	0	0	0	0	0	0	0	0	0	0	0	0	0	0	0	0	0	0	0	0	0	1
PLCD3	ENSG00000161714	ENST00000618022	retained_intron	0	0	0	1	0	0	0	0	0	0	0	0	0	0	0	0	0	0	0	0	0	0	0	0	0	0	1
PLCD3	ENSG00000161714	ENST00000619929	protein_coding	0	0	1	0	0	0	0	0	0	0	1	0	0	0	0	0	0	0	0	0	0	0	0	0	0	0	0
PLD2	ENSG00000129219	ENST00000263088	protein_coding	0	0	1	0	0	0	0	0	0	0	1	0	0	0	0	0	0	0	0	0	0	0	0	0	0	0	0
PLD2	ENSG00000129219	ENST00000571273	retained_intron	0	0	0	1	0	0	0	0	0	0	0	0	0	0	0	0	0	1	0	0	0	0	0	0	0	0	0
PLD2	ENSG00000129219	ENST00000572127	retained_intron	0	0	0	1	0	0	0	0	0	0	0	0	0	0	0	0	0	1	0	0	0	0	0	0	0	0	0
PLD2	ENSG00000129219	ENST00000572199	retained_intron	0	0	0	1	0	0	0	0	0	0	0	0	1	0	0	0	0	0	0	0	0	0	0	0	0	0	0
PLD2	ENSG00000129219	ENST00000572940	protein_coding	0	0	1	0	0	0	0	0	0	0	1	0	0	0	0	0	0	0	0	0	0	0	0	0	0	0	0
PLD2	ENSG00000129219	ENST00000573258	retained_intron	0	0	0	1	0	0	0	0	0	0	0	0	1	0	0	0	0	0	0	0	0	0	0	0	0	0	0
PLD2	ENSG00000129219	ENST00000574796	retained_intron	0	0	0	1	0	0	0	0	0	0	0	0	1	0	0	0	0	0	0	0	0	0	0	0	0	0	0
PLD2	ENSG00000129219	ENST00000575246	nonsense_mediated_decay	0	0	0	2	1	0	0	0	0	0	0	0	0	0	0	0	0	1	0	0	0	0	0	0	0	0	0
PLD2	ENSG00000129219	ENST00000575813	nonsense_mediated_decay	0	0	0	1	0	0	0	0	0	0	0	0	1	0	0	0	0	0	0	0	0	0	0	0	0	0	0
PLD2	ENSG00000129219	ENST00000575945	retained_intron	0	0	0	1	0	0	0	0	0	0	0	0	0	0	0	0	0	0	0	0	0	0	0	0	0	0	1
PLD2	ENSG00000129219	ENST00000576329	retained_intron	0	0	0	1	0	0	0	0	0	0	0	0	1	0	0	0	0	0	0	0	0	0	0	0	0	0	0
PLD2	ENSG00000129219	ENST00000576864	protein_coding	0	0	0	1	0	0	0	0	0	0	0	0	0	0	0	0	0	0	0	0	0	0	0	0	0	0	1
PLD2	ENSG00000129219	ENST00000576983	protein_coding	0	0	1	0	0	0	0	0	0	0	1	0	0	0	0	0	0	0	0	0	0	0	0	0	0	0	0
PLOD3	ENSG00000106397	ENST00000223127	protein_coding	0	0	0	1	0	0	0	0	0	0	0	0	0	0	0	1	0	0	0	0	0	0	0	0	0	0	0
PLOD3	ENSG00000106397	ENST00000414785	protein_coding	0	0	0	1	0	0	0	0	0	0	0	0	1	0	0	0	0	0	0	0	0	0	0	0	0	0	0
PLOD3	ENSG00000106397	ENST00000421736	protein_coding	0	0	0	1	0	0	0	0	0	0	0	0	0	0	0	1	0	0	0	0	0	0	0	0	0	0	0
PLOD3	ENSG00000106397	ENST00000424135	nonsense_mediated_decay	0	0	0	1	0	0	0	0	0	0	0	0	0	0	0	1	0	0	0	0	0	0	0	0	0	0	0
PLOD3	ENSG00000106397	ENST00000440925	nonsense_mediated_decay	0	0	0	1	0	0	0	0	0	0	0	0	0	0	0	0	0	0	0	0	0	0	0	0	0	0	1
PLOD3	ENSG00000106397	ENST00000454310	protein_coding	0	0	0	1	0	0	0	0	0	0	0	0	0	0	0	0	0	0	0	0	0	0	0	0	0	0	1
PLOD3	ENSG00000106397	ENST00000456079	protein_coding	0	0	0	1	0	0	0	0	0	0	0	0	1	0	0	0	0	0	0	0	0	0	0	0	0	0	0
PLOD3	ENSG00000106397	ENST00000460132	retained_intron	0	0	0	1	0	0	0	0	0	0	0	0	0	0	0	0	0	0	0	0	0	0	0	0	0	0	1
PLOD3	ENSG00000106397	ENST00000460475	retained_intron	0	0	0	1	0	0	0	0	0	0	0	0	0	0	0	0	0	0	0	0	0	0	0	0	0	0	1
PLOD3	ENSG00000106397	ENST00000463479	retained_intron	0	0	0	1	0	0	0	0	0	0	0	0	0	0	0	0	0	0	0	0	0	0	0	0	0	0	1
PLOD3	ENSG00000106397	ENST00000466881	retained_intron	0	0	0	1	0	0	0	0	0	0	0	0	0	0	0	0	0	0	0	0	0	0	0	0	0	0	1
PLOD3	ENSG00000106397	ENST00000478082	retained_intron	0	0	0	1	0	0	0	0	0	0	0	0	0	0	0	1	0	0	0	0	0	0	0	0	0	0	0
PLOD3	ENSG00000106397	ENST00000478264	retained_intron	0	0	0	1	0	0	0	0	0	0	0	0	0	0	0	0	0	0	0	0	0	0	0	0	0	0	1
PLOD3	ENSG00000106397	ENST00000481461	retained_intron	0	0	0	1	0	0	0	0	0	0	0	0	1	0	0	0	0	0	0	0	0	0	0	0	0	0	0
PLOD3	ENSG00000106397	ENST00000487563	retained_intron	0	0	0	1	0	0	0	0	0	0	0	0	0	0	0	0	0	0	0	0	0	0	0	0	0	0	1
PLOD3	ENSG00000106397	ENST00000489927	retained_intron	0	0	0	1	0	0	0	0	0	0	0	0	1	0	0	0	0	0	0	0	0	0	0	0	0	0	0
PLXNA4	ENSG00000221866	ENST00000321063	protein_coding	0	0	0	1	1	0	0	0	0	0	0	0	0	0	0	0	0	0	0	0	0	0	0	0	0	0	0
PLXNA4	ENSG00000221866	ENST00000359827	protein_coding	0	0	0	1	1	0	0	0	0	0	0	0	0	0	0	0	0	0	0	0	0	0	0	0	0	0	0
PLXND1	ENSG00000004399	ENST00000324093	protein_coding	0	0	0	1	0	0	0	0	0	0	0	0	0	0	0	1	0	0	0	0	0	0	0	0	0	0	0
PLXND1	ENSG00000004399	ENST00000501038	retained_intron	0	0	0	1	0	0	0	0	0	0	0	0	0	0	0	0	0	0	0	0	0	0	0	0	0	0	1
PLXND1	ENSG00000004399	ENST00000503166	retained_intron	0	0	0	1	0	0	0	0	0	0	0	0	1	0	0	0	0	0	0	0	0	0	0	0	0	0	0
PLXND1	ENSG00000004399	ENST00000504524	retained_intron	0	0	0	1	0	0	0	0	0	0	0	0	0	0	0	0	0	0	0	0	0	0	0	0	0	0	1
PLXND1	ENSG00000004399	ENST00000504689	protein_coding	0	0	0	1	0	0	0	0	0	0	0	0	0	0	0	0	0	0	0	0	0	0	0	0	0	0	1
PLXND1	ENSG00000004399	ENST00000504979	retained_intron	0	0	0	1	0	0	0	0	0	0	0	0	1	0	0	0	0	0	0	0	0	0	0	0	0	0	0
PLXND1	ENSG00000004399	ENST00000506979	protein_coding	0	0	0	1	0	0	0	0	0	0	0	0	0	0	0	0	0	0	0	0	0	0	0	0	0	0	1
PLXND1	ENSG00000004399	ENST00000508630	retained_intron	0	0	0	1	0	0	0	0	0	0	0	0	0	0	0	0	0	0	0	0	0	0	0	0	0	0	1
PLXND1	ENSG00000004399	ENST00000512744	nonsense_mediated_decay	0	0	0	1	0	0	0	0	0	0	0	0	0	0	0	1	0	0	0	0	0	0	0	0	0	0	0
PLXND1	ENSG00000004399	ENST00000512807	retained_intron	0	0	0	1	0	0	0	0	0	0	0	0	0	0	0	0	0	0	0	0	0	0	0	0	0	0	1
PMCH	ENSG00000183395	ENST00000329406	protein_coding	0	0	0	1	0	0	0	0	0	0	0	0	0	0	0	1	0	0	0	0	0	0	0	0	0	0	0
PNMT	ENSG00000141744	ENST00000269582	protein_coding	0	0	0	1	0	0	0	0	0	0	0	0	1	0	0	0	0	0	0	0	0	0	0	0	0	0	0
PNMT	ENSG00000141744	ENST00000394246	protein_coding	0	0	0	1	0	0	0	0	0	0	0	0	1	0	0	0	0	0	0	0	0	0	0	0	0	0	0
PNMT	ENSG00000141744	ENST00000581428	protein_coding	0	0	0	1	0	0	0	0	0	0	0	0	1	0	0	0	0	0	0	0	0	0	0	0	0	0	0
PODXL	ENSG00000128567	ENST00000322985	protein_coding	1	0	0	0	0	0	0	0	0	0	0	0	0	0	0	0	0	0	0	0	0	1	0	0	1	0	0
PODXL	ENSG00000128567	ENST00000378555	protein_coding	1	0	0	0	0	0	0	0	0	0	0	0	0	0	0	0	0	0	0	0	0	1	0	0	1	0	0
PODXL	ENSG00000128567	ENST00000446198	nonsense_mediated_decay	0	1	0	1	1	0	0	0	0	0	0	0	0	0	0	0	0	1	0	0	0	1	0	0	0	0	0
PODXL	ENSG00000128567	ENST00000482581	retained_intron	0	0	0	1	0	0	0	0	0	0	0	0	1	0	0	0	0	0	0	0	0	0	0	0	0	0	0
PODXL	ENSG00000128567	ENST00000484346	retained_intron	0	1	0	0	0	0	0	0	0	0	0	0	0	0	0	0	0	1	0	0	0	1	0	0	0	0	0
PODXL	ENSG00000128567	ENST00000487965	retained_intron	0	0	0	1	0	0	0	0	0	0	0	0	1	0	0	0	0	0	0	0	0	0	0	0	0	0	0
PODXL	ENSG00000128567	ENST00000490761	retained_intron	0	0	0	1	0	0	0	0	0	0	0	0	1	0	0	0	0	0	0	0	0	0	0	0	0	0	0
POGLUT2	ENSG00000134901	ENST00000376004	protein_coding	0	1	1	0	0	0	0	0	0	0	0	0	0	0	0	0	1	0	0	0	0	0	0	0	0	1	0
POGLUT2	ENSG00000134901	ENST00000460338	processed_transcript	0	0	0	2	0	0	0	0	0	0	0	0	0	0	0	0	0	2	0	0	0	0	0	0	0	0	0
POGLUT2	ENSG00000134901	ENST00000484943	processed_transcript	0	0	0	2	0	0	0	0	0	0	0	0	0	0	0	0	0	2	0	0	0	0	0	0	0	0	0
POLR2A	ENSG00000181222	ENST00000572844	protein_coding	0	0	0	2	0	0	0	0	0	0	0	0	0	0	0	0	0	0	0	0	0	0	0	0	0	0	2
POLR2A	ENSG00000181222	ENST00000617998	processed_transcript	0	0	0	2	0	0	0	0	0	0	0	0	0	0	0	0	0	0	0	0	0	0	0	0	0	0	2
POLR2H	ENSG00000163882	ENST00000412877	protein_coding	0	0	0	1	0	0	0	0	0	0	0	0	0	0	0	0	0	0	0	0	0	0	0	0	0	0	1
POLR2H	ENSG00000163882	ENST00000438240	protein_coding	0	0	0	1	0	0	0	0	0	0	0	0	0	0	0	0	0	0	0	0	0	0	0	0	0	0	1
POLR2H	ENSG00000163882	ENST00000455712	protein_coding	0	0	0	1	0	0	0	0	0	0	0	0	0	0	0	0	0	0	0	0	0	0	0	0	0	0	1
POLR2H	ENSG00000163882	ENST00000456318	protein_coding	0	0	0	1	0	0	0	0	0	0	0	0	0	0	0	0	0	0	0	0	0	0	0	0	0	0	1
POLR2H	ENSG00000163882	ENST00000460083	processed_transcript	0	0	0	1	0	0	0	0	0	0	0	0	0	0	0	0	0	0	0	0	0	0	0	0	0	0	1
POU5F1P3	ENSG00000235602	ENST00000428824	processed_pseudogene	0	0	0	2	0	0	0	0	0	0	0	0	0	0	0	0	0	2	0	0	0	0	0	0	0	0	0
POU6F2	ENSG00000106536	ENST00000403058	protein_coding	0	0	1	0	0	0	0	0	0	0	0	0	0	0	0	0	1	0	0	0	0	0	0	0	0	0	0
POU6F2	ENSG00000106536	ENST00000517348	processed_transcript	0	0	0	1	0	0	0	0	0	0	0	0	0	0	0	0	0	1	0	0	0	0	0	0	0	0	0
POU6F2	ENSG00000106536	ENST00000518318	protein_coding	0	0	1	0	0	0	0	0	0	0	0	0	0	0	0	0	1	0	0	0	0	0	0	0	0	0	0
POU6F2	ENSG00000106536	ENST00000520104	processed_transcript	0	0	0	1	0	0	0	0	0	0	0	0	0	0	0	0	0	1	0	0	0	0	0	0	0	0	0
POU6F2	ENSG00000106536	ENST00000524147	processed_transcript	0	0	0	1	0	0	0	0	0	0	0	0	0	0	0	0	0	1	0	0	0	0	0	0	0	0	0
POU6F2	ENSG00000106536	ENST00000559001	protein_coding	0	0	1	0	0	0	0	0	0	0	0	0	0	0	0	0	1	0	0	0	0	0	0	0	0	0	0
POU6F2	ENSG00000106536	ENST00000673818	processed_transcript	0	0	0	1	0	0	0	0	0	0	0	0	0	0	0	0	0	1	0	0	0	0	0	0	0	0	0
POU6F2	ENSG00000106536	ENST00000673891	nonsense_mediated_decay	0	0	0	2	1	0	0	0	0	0	0	0	0	0	0	0	0	1	0	0	0	0	0	0	0	0	0
POU6F2	ENSG00000106536	ENST00000674059	nonsense_mediated_decay	0	0	0	2	1	0	0	0	0	0	0	0	0	0	0	0	0	1	0	0	0	0	0	0	0	0	0
PPFIA2	ENSG00000139220	ENST00000333447	protein_coding	0	0	0	1	0	0	0	0	0	0	0	0	0	0	0	1	0	0	0	0	0	0	0	0	0	0	0
PPFIA2	ENSG00000139220	ENST00000407050	protein_coding	0	0	0	1	0	0	0	0	0	0	0	0	0	0	0	1	0	0	0	0	0	0	0	0	0	0	0
PPFIA2	ENSG00000139220	ENST00000443686	protein_coding	0	0	0	1	0	0	0	0	0	0	0	0	0	0	0	1	0	0	0	0	0	0	0	0	0	0	0
PPFIA2	ENSG00000139220	ENST00000541017	protein_coding	0	0	0	1	0	0	0	0	0	0	0	0	0	0	0	1	0	0	0	0	0	0	0	0	0	0	0
PPFIA2	ENSG00000139220	ENST00000541570	protein_coding	0	0	0	1	0	0	0	0	0	0	0	0	0	0	0	1	0	0	0	0	0	0	0	0	0	0	0
PPFIA2	ENSG00000139220	ENST00000545296	processed_transcript	0	0	0	1	0	0	0	0	0	0	0	0	0	0	0	1	0	0	0	0	0	0	0	0	0	0	0
PPFIA2	ENSG00000139220	ENST00000548586	protein_coding	0	0	0	1	0	0	0	0	0	0	0	0	0	0	0	1	0	0	0	0	0	0	0	0	0	0	0
PPFIA2	ENSG00000139220	ENST00000549325	protein_coding	0	0	0	1	0	0	0	0	0	0	0	0	0	0	0	1	0	0	0	0	0	0	0	0	0	0	0
PPFIA2	ENSG00000139220	ENST00000549396	protein_coding	0	0	0	1	0	0	0	0	0	0	0	0	0	0	0	1	0	0	0	0	0	0	0	0	0	0	0
PPFIA2	ENSG00000139220	ENST00000550018	protein_coding	0	0	0	1	0	0	0	0	0	0	0	0	0	0	0	1	0	0	0	0	0	0	0	0	0	0	0
PPFIA2	ENSG00000139220	ENST00000550359	protein_coding	0	0	0	1	0	0	0	0	0	0	0	0	0	0	0	1	0	0	0	0	0	0	0	0	0	0	0
PPFIA2	ENSG00000139220	ENST00000550584	protein_coding	0	0	0	1	0	0	0	0	0	0	0	0	0	0	0	1	0	0	0	0	0	0	0	0	0	0	0
PPFIA2	ENSG00000139220	ENST00000551147	protein_coding	0	0	0	1	0	0	0	0	0	0	0	0	0	0	0	1	0	0	0	0	0	0	0	0	0	0	0
PPFIA2	ENSG00000139220	ENST00000551461	nonsense_mediated_decay	0	0	0	1	0	0	0	0	0	0	0	0	0	0	0	1	0	0	0	0	0	0	0	0	0	0	0
PPFIA2	ENSG00000139220	ENST00000552948	protein_coding	0	0	0	1	0	0	0	0	0	0	0	0	0	0	0	1	0	0	0	0	0	0	0	0	0	0	0
PPFIA2-AS1	ENSG00000257467	ENST00000547762		0	0	0	1	0	0	0	0	0	0	0	0	0	0	0	0	0	1	0	0	0	0	0	0	0	0	0
PPFIA2-AS1	ENSG00000257467	ENST00000549161		0	0	0	1	0	0	0	0	0	0	0	0	0	0	0	0	0	1	0	0	0	0	0	0	0	0	0
PPFIA2-AS1	ENSG00000257467	ENST00000550302		0	0	0	1	0	0	0	0	0	0	0	0	0	0	0	0	0	1	0	0	0	0	0	0	0	0	0
PPFIA2-AS1	ENSG00000257467	ENST00000551401		0	0	0	1	0	0	0	0	0	0	0	0	0	0	0	0	0	1	0	0	0	0	0	0	0	0	0
PPFIA2-AS1	ENSG00000257467	ENST00000552534		0	0	0	1	0	0	0	0	0	0	0	0	0	0	0	0	0	1	0	0	0	0	0	0	0	0	0
PPFIA2-AS1	ENSG00000257467	ENST00000553197		0	0	0	1	0	0	0	0	0	0	0	0	0	0	0	0	0	1	0	0	0	0	0	0	0	0	0
PPFIA2-AS1	ENSG00000257467	ENST00000654866		0	0	0	1	0	0	0	0	0	0	0	0	0	0	0	0	0	1	0	0	0	0	0	0	0	0	0
PPHLN1	ENSG00000134283	ENST00000256678	protein_coding	0	0	0	2	2	0	0	0	0	0	0	0	0	0	0	0	0	0	0	0	0	0	0	0	0	0	0
PPHLN1	ENSG00000134283	ENST00000317560	protein_coding	0	0	0	2	0	0	0	0	0	0	0	0	0	0	0	2	0	0	0	0	0	0	0	0	0	0	0
PPHLN1	ENSG00000134283	ENST00000337898	protein_coding	0	0	0	2	0	0	0	0	0	0	0	0	2	0	0	0	0	0	0	0	0	0	0	0	0	0	0
PPHLN1	ENSG00000134283	ENST00000358314	protein_coding	0	0	0	2	0	0	0	0	0	0	0	0	2	0	0	0	0	0	0	0	0	0	0	0	0	0	0
PPHLN1	ENSG00000134283	ENST00000395568	protein_coding	0	0	0	2	2	0	0	0	0	0	0	0	0	0	0	0	0	0	0	0	0	0	0	0	0	0	0
PPHLN1	ENSG00000134283	ENST00000395580	protein_coding	0	0	0	2	0	0	0	0	0	0	0	0	2	0	0	0	0	0	0	0	0	0	0	0	0	0	0
PPHLN1	ENSG00000134283	ENST00000432191	protein_coding	0	0	0	2	2	0	0	0	0	0	0	0	0	0	0	0	0	0	0	0	0	0	0	0	0	0	0
PPHLN1	ENSG00000134283	ENST00000449194	protein_coding	0	0	0	2	0	0	0	0	0	0	0	0	2	0	0	0	0	0	0	0	0	0	0	0	0	0	0
PPHLN1	ENSG00000134283	ENST00000549190	protein_coding	0	0	0	2	0	0	0	0	0	0	0	0	2	0	0	0	0	0	0	0	0	0	0	0	0	0	0
PPHLN1	ENSG00000134283	ENST00000610488	protein_coding	0	0	0	2	0	0	0	0	0	0	0	0	2	0	0	0	0	0	0	0	0	0	0	0	0	0	0
PPHLN1	ENSG00000134283	ENST00000613154	protein_coding	0	0	0	2	0	0	0	0	0	0	0	0	2	0	0	0	0	0	0	0	0	0	0	0	0	0	0
PPHLN1	ENSG00000134283	ENST00000619544	protein_coding	0	0	0	2	0	0	0	0	0	0	0	0	2	0	0	0	0	0	0	0	0	0	0	0	0	0	0
PPHLN1	ENSG00000134283	ENST00000624028	TEC	0	0	0	2	0	0	0	0	0	0	0	0	0	0	0	0	0	2	0	0	0	0	0	0	0	0	0
PPIAP53	ENSG00000223878	ENST00000452091	processed_pseudogene	0	0	0	2	0	0	0	0	0	0	0	0	0	0	0	0	0	2	0	0	0	0	0	0	0	0	0
PPM1H	ENSG00000111110	ENST00000228705	protein_coding	0	0	0	1	0	0	0	0	0	0	0	0	0	0	0	1	0	0	0	0	0	0	0	0	0	0	0
PPM1H	ENSG00000111110	ENST00000551519	retained_intron	0	0	0	1	0	0	0	0	0	0	0	0	0	0	0	1	0	0	0	0	0	0	0	0	0	0	0
PPP4R2	ENSG00000163605	ENST00000356692	protein_coding	0	0	0	1	0	0	0	0	0	0	0	0	0	0	0	1	0	0	0	0	0	0	0	0	0	0	0
PPP4R2	ENSG00000163605	ENST00000470976	retained_intron	0	0	0	1	0	0	0	0	0	0	0	0	0	0	0	1	0	0	0	0	0	0	0	0	0	0	0
PPP4R2	ENSG00000163605	ENST00000476505	protein_coding	0	0	0	1	0	0	0	0	0	0	0	0	0	0	0	1	0	0	0	0	0	0	0	0	0	0	0
PPP4R2	ENSG00000163605	ENST00000482242	nonsense_mediated_decay	0	0	0	1	0	0	0	0	0	0	0	0	0	0	0	1	0	0	0	0	0	0	0	0	0	0	0
PPP4R2	ENSG00000163605	ENST00000488810	protein_coding	0	0	0	1	0	0	0	0	0	0	0	0	0	0	0	1	0	0	0	0	0	0	0	0	0	0	0
PPP4R2	ENSG00000163605	ENST00000495566	protein_coding	0	0	0	1	0	0	0	0	0	0	0	0	0	0	0	1	0	0	0	0	0	0	0	0	0	0	0
PRDM4	ENSG00000110851	ENST00000228437	protein_coding	1	0	0	0	0	0	0	0	0	0	0	0	0	0	0	1	0	0	0	0	1	0	0	0	0	0	0
PRDM4	ENSG00000110851	ENST00000549416	retained_intron	0	0	0	1	0	0	0	0	0	0	0	0	0	0	0	0	0	0	0	0	0	0	0	0	0	0	1
PRDM4	ENSG00000110851	ENST00000550376	nonsense_mediated_decay	1	0	0	0	0	0	0	0	0	0	0	0	0	0	0	1	0	0	0	0	1	0	0	0	0	0	0
PRDM4	ENSG00000110851	ENST00000550659	protein_coding	1	0	0	0	0	0	0	0	0	0	0	0	0	0	0	1	0	0	0	0	1	0	0	0	0	0	0
PRH1	ENSG00000231887	ENST00000534923	processed_transcript	0	0	0	1	0	0	0	0	0	0	0	0	0	0	0	1	0	0	0	0	0	0	0	0	0	0	0
PRH1	ENSG00000231887	ENST00000536086	processed_transcript	0	0	0	1	0	0	0	0	0	0	0	0	0	0	0	1	0	0	0	0	0	0	0	0	0	0	0
PRH1	ENSG00000231887	ENST00000539853	protein_coding	0	0	0	1	0	0	0	0	0	0	0	0	0	0	0	1	0	0	0	0	0	0	0	0	0	0	0
PRH1	ENSG00000231887	ENST00000541456	processed_transcript	0	0	0	1	0	0	0	0	0	0	0	0	0	0	0	1	0	0	0	0	0	0	0	0	0	0	0
PRH1	ENSG00000231887	ENST00000541977	processed_transcript	0	0	0	1	0	0	0	0	0	0	0	0	0	0	0	1	0	0	0	0	0	0	0	0	0	0	0
PRKAR1A	ENSG00000108946	ENST00000358598	protein_coding	0	0	0	1	0	0	0	0	0	0	0	0	0	0	0	1	0	0	0	0	0	0	0	0	0	0	0
PRKAR1A	ENSG00000108946	ENST00000392710	nonsense_mediated_decay	0	0	0	1	0	0	0	0	0	0	0	0	0	0	0	1	0	0	0	0	0	0	0	0	0	0	0
PRKAR1A	ENSG00000108946	ENST00000392711	protein_coding	0	0	0	1	0	0	0	0	0	0	0	0	0	0	0	1	0	0	0	0	0	0	0	0	0	0	0
PRKAR1A	ENSG00000108946	ENST00000536854	protein_coding	0	0	0	1	0	0	0	0	0	0	0	0	0	0	0	1	0	0	0	0	0	0	0	0	0	0	0
PRKAR1A	ENSG00000108946	ENST00000585460	retained_intron	0	0	0	1	0	0	0	0	0	0	0	0	1	0	0	0	0	0	0	0	0	0	0	0	0	0	0
PRKAR1A	ENSG00000108946	ENST00000585608	nonsense_mediated_decay	0	0	0	1	0	0	0	0	0	0	0	0	1	0	0	0	0	0	0	0	0	0	0	0	0	0	0
PRKAR1A	ENSG00000108946	ENST00000585907	retained_intron	0	0	0	1	0	0	0	0	0	0	0	0	0	0	0	1	0	0	0	0	0	0	0	0	0	0	0
PRKAR1A	ENSG00000108946	ENST00000585981	protein_coding	0	0	0	1	0	0	0	0	0	0	0	0	1	0	0	0	0	0	0	0	0	0	0	0	0	0	0
PRKAR1A	ENSG00000108946	ENST00000586397	protein_coding	0	0	0	1	0	0	0	0	0	0	0	0	0	0	0	1	0	0	0	0	0	0	0	0	0	0	0
PRKAR1A	ENSG00000108946	ENST00000586541	nonsense_mediated_decay	0	0	0	1	0	0	0	0	0	0	0	0	0	0	0	1	0	0	0	0	0	0	0	0	0	0	0
PRKAR1A	ENSG00000108946	ENST00000588178	protein_coding	0	0	0	1	0	0	0	0	0	0	0	0	1	0	0	0	0	0	0	0	0	0	0	0	0	0	0
PRKAR1A	ENSG00000108946	ENST00000588188	protein_coding	0	0	0	1	0	0	0	0	0	0	0	0	0	0	0	1	0	0	0	0	0	0	0	0	0	0	0
PRKAR1A	ENSG00000108946	ENST00000589017	protein_coding	0	0	0	1	0	0	0	0	0	0	0	0	1	0	0	0	0	0	0	0	0	0	0	0	0	0	0
PRKAR1A	ENSG00000108946	ENST00000589228	protein_coding	0	0	0	1	0	0	0	0	0	0	0	0	0	0	0	1	0	0	0	0	0	0	0	0	0	0	0
PRKAR1A	ENSG00000108946	ENST00000592800	protein_coding	0	0	0	1	0	0	0	0	0	0	0	0	0	0	0	1	0	0	0	0	0	0	0	0	0	0	0
PRKAR2A	ENSG00000114302	ENST00000265563	protein_coding	0	0	0	2	2	0	0	0	0	0	0	0	0	0	0	0	0	0	0	0	0	0	0	0	0	0	0
PRKAR2A	ENSG00000114302	ENST00000296446	protein_coding	0	0	0	2	1	0	0	0	0	0	0	0	1	0	0	0	0	0	0	0	0	0	0	0	0	0	0
PRKAR2A	ENSG00000114302	ENST00000437821	protein_coding	0	0	0	2	0	0	0	0	0	0	0	0	2	0	0	0	0	0	0	0	0	0	0	0	0	0	0
PRKAR2A	ENSG00000114302	ENST00000438535	protein_coding	0	0	0	2	0	0	0	0	0	0	0	0	2	0	0	0	0	0	0	0	0	0	0	0	0	0	0
PRKAR2A	ENSG00000114302	ENST00000454963	protein_coding	0	0	0	2	0	0	0	0	0	0	0	0	1	0	0	1	0	0	0	0	0	0	0	0	0	0	0
PRKAR2A	ENSG00000114302	ENST00000457914	protein_coding	0	0	0	2	0	0	0	0	0	0	0	0	0	0	0	2	0	0	0	0	0	0	0	0	0	0	0
PRKAR2B	ENSG00000005249	ENST00000265717	protein_coding	1	0	1	0	0	0	0	0	0	1	0	0	0	0	1	0	0	0	0	0	0	1	0	0	1	0	0
PRKCI	ENSG00000163558	ENST00000295797	protein_coding	0	0	1	0	0	0	0	0	0	0	0	0	0	0	0	0	1	0	0	0	0	0	0	0	0	0	0
PRKCI	ENSG00000163558	ENST00000476635	retained_intron	0	0	0	1	0	0	0	0	0	0	0	0	0	0	0	0	0	1	0	0	0	0	0	0	0	0	0
PRKCI	ENSG00000163558	ENST00000483697	retained_intron	0	0	0	1	0	0	0	0	0	0	0	0	1	0	0	0	0	0	0	0	0	0	0	0	0	0	0
PRKCI	ENSG00000163558	ENST00000485837	retained_intron	0	0	0	1	0	0	0	0	0	0	0	0	0	0	0	0	0	1	0	0	0	0	0	0	0	0	0
PRPF40B	ENSG00000110844	ENST00000261897	protein_coding	0	0	0	1	0	0	0	0	0	0	0	0	1	0	0	0	0	0	0	0	0	0	0	0	0	0	0
PRPF40B	ENSG00000110844	ENST00000380281	protein_coding	0	0	0	1	0	0	0	0	0	0	0	0	1	0	0	0	0	0	0	0	0	0	0	0	0	0	0
PRPF40B	ENSG00000110844	ENST00000548825	protein_coding	0	0	0	1	0	0	0	0	0	0	0	0	1	0	0	0	0	0	0	0	0	0	0	0	0	0	0
PRPH	ENSG00000135406	ENST00000257860	protein_coding	0	0	0	1	0	0	0	0	0	0	0	0	0	0	0	1	0	0	0	0	0	0	0	0	0	0	0
PRPH	ENSG00000135406	ENST00000451891	protein_coding	0	0	0	1	0	0	0	0	0	0	0	0	0	0	0	1	0	0	0	0	0	0	0	0	0	0	0
PRPH	ENSG00000135406	ENST00000530631	retained_intron	0	0	0	1	0	0	0	0	0	0	0	0	0	0	0	0	0	0	0	0	0	0	0	0	0	0	1
PRPH	ENSG00000135406	ENST00000532332	protein_coding	0	0	0	1	0	0	0	0	0	0	0	0	0	0	0	1	0	0	0	0	0	0	0	0	0	0	0
PRPH	ENSG00000135406	ENST00000533401	retained_intron	0	0	0	1	0	0	0	0	0	0	0	0	0	0	0	1	0	0	0	0	0	0	0	0	0	0	0
PRPH	ENSG00000135406	ENST00000537252	retained_intron	0	0	0	1	0	0	0	0	0	0	0	0	1	0	0	0	0	0	0	0	0	0	0	0	0	0	0
PRPH	ENSG00000135406	ENST00000551194	processed_transcript	0	0	0	1	0	0	0	0	0	0	0	0	1	0	0	0	0	0	0	0	0	0	0	0	0	0	0
PRR13	ENSG00000205352	ENST00000379786	protein_coding	0	0	0	1	0	0	0	0	0	0	0	0	0	0	0	1	0	0	0	0	0	0	0	0	0	0	0
PRR13	ENSG00000205352	ENST00000429243	protein_coding	0	0	0	1	0	0	0	0	0	0	0	0	0	0	0	1	0	0	0	0	0	0	0	0	0	0	0
PRR13	ENSG00000205352	ENST00000546581	protein_coding	0	0	0	1	0	0	0	0	0	0	0	0	0	0	0	1	0	0	0	0	0	0	0	0	0	0	0
PRR13	ENSG00000205352	ENST00000547368	protein_coding	0	0	0	1	0	0	0	0	0	0	0	0	0	0	0	1	0	0	0	0	0	0	0	0	0	0	0
PRR13	ENSG00000205352	ENST00000549068	protein_coding	0	0	0	1	0	0	0	0	0	0	0	0	0	0	0	1	0	0	0	0	0	0	0	0	0	0	0
PRR13	ENSG00000205352	ENST00000549135	protein_coding	0	0	0	1	0	0	0	0	0	0	0	0	0	0	0	0	0	0	0	0	0	0	0	0	0	0	1
PRR13	ENSG00000205352	ENST00000549581	protein_coding	0	0	0	1	0	0	0	0	0	0	0	0	0	0	0	1	0	0	0	0	0	0	0	0	0	0	0
PRR13	ENSG00000205352	ENST00000549740	protein_coding	0	0	0	1	0	0	0	0	0	0	0	0	0	0	0	1	0	0	0	0	0	0	0	0	0	0	0
PRR13	ENSG00000205352	ENST00000549924	protein_coding	0	0	0	1	0	0	0	0	0	0	0	0	0	0	0	1	0	0	0	0	0	0	0	0	0	0	0
PRR13	ENSG00000205352	ENST00000551003	protein_coding	0	0	0	1	0	0	0	0	0	0	0	0	0	0	0	1	0	0	0	0	0	0	0	0	0	0	0
PRR13	ENSG00000205352	ENST00000551365	retained_intron	0	0	0	1	0	0	0	0	0	0	0	0	0	0	0	0	0	1	0	0	0	0	0	0	0	0	0
PRR13	ENSG00000205352	ENST00000551945	protein_coding	0	0	0	1	0	0	0	0	0	0	0	0	0	0	0	1	0	0	0	0	0	0	0	0	0	0	0
PRR13	ENSG00000205352	ENST00000552846	retained_intron	0	0	0	1	0	0	0	0	0	0	0	0	0	0	0	1	0	0	0	0	0	0	0	0	0	0	0
PTGES3L-AARSD1	ENSG00000108825	ENST00000360221	protein_coding	0	0	1	0	0	0	0	0	0	0	0	0	0	0	0	0	1	0	0	0	0	0	0	0	0	0	0
PTGES3L-AARSD1	ENSG00000108825	ENST00000409103	protein_coding	0	0	1	0	0	0	0	0	0	0	0	0	0	0	0	0	1	0	0	0	0	0	0	0	0	0	0
PTGES3L-AARSD1	ENSG00000108825	ENST00000409399	protein_coding	0	0	1	0	0	0	0	0	0	0	0	0	0	0	0	0	1	0	0	0	0	0	0	0	0	0	0
PTGES3L-AARSD1	ENSG00000108825	ENST00000421990	protein_coding	0	0	1	0	0	0	0	0	0	0	0	0	0	0	0	0	1	0	0	0	0	0	0	0	0	0	0
PTGES3L-AARSD1	ENSG00000108825	ENST00000423601	nonsense_mediated_decay	0	0	0	2	1	0	0	0	0	0	0	0	0	0	0	0	0	1	0	0	0	0	0	0	0	0	0
PTH1R	ENSG00000160801	ENST00000313049	protein_coding	0	0	0	1	0	0	0	0	0	0	0	0	0	0	0	1	0	0	0	0	0	0	0	0	0	0	0
PTH1R	ENSG00000160801	ENST00000418619	protein_coding	0	0	0	1	0	0	0	0	0	0	0	0	0	0	0	1	0	0	0	0	0	0	0	0	0	0	0
PTH1R	ENSG00000160801	ENST00000427125	protein_coding	0	0	0	1	0	0	0	0	0	0	0	0	0	0	0	1	0	0	0	0	0	0	0	0	0	0	0
PTH1R	ENSG00000160801	ENST00000428220	nonsense_mediated_decay	0	0	0	1	0	0	0	0	0	0	0	0	0	0	0	1	0	0	0	0	0	0	0	0	0	0	0
PTH1R	ENSG00000160801	ENST00000430002	protein_coding	0	0	0	1	0	0	0	0	0	0	0	0	0	0	0	1	0	0	0	0	0	0	0	0	0	0	0
PTH1R	ENSG00000160801	ENST00000449590	protein_coding	0	0	0	1	0	0	0	0	0	0	0	0	0	0	0	1	0	0	0	0	0	0	0	0	0	0	0
PTH1R	ENSG00000160801	ENST00000490109	processed_transcript	0	0	0	1	0	0	0	0	0	0	0	0	0	0	0	1	0	0	0	0	0	0	0	0	0	0	0
PTHLH	ENSG00000087494	ENST00000201015	protein_coding	0	0	0	1	1	0	0	0	0	0	0	0	0	0	0	0	0	0	0	0	0	0	0	0	0	0	0
PTHLH	ENSG00000087494	ENST00000395868	protein_coding	0	0	0	1	1	0	0	0	0	0	0	0	0	0	0	0	0	0	0	0	0	0	0	0	0	0	0
PTHLH	ENSG00000087494	ENST00000395872	protein_coding	0	0	0	1	0	0	0	0	0	0	0	0	0	0	0	1	0	0	0	0	0	0	0	0	0	0	0
PTHLH	ENSG00000087494	ENST00000534890	protein_coding	0	0	0	1	0	0	0	0	0	0	0	0	1	0	0	0	0	0	0	0	0	0	0	0	0	0	0
PTHLH	ENSG00000087494	ENST00000535992	protein_coding	0	0	0	1	1	0	0	0	0	0	0	0	0	0	0	0	0	0	0	0	0	0	0	0	0	0	0
PTHLH	ENSG00000087494	ENST00000538310	protein_coding	0	0	0	1	0	0	0	0	0	0	0	0	0	0	0	1	0	0	0	0	0	0	0	0	0	0	0
PTHLH	ENSG00000087494	ENST00000539239	protein_coding	0	0	0	1	0	0	0	0	0	0	0	0	0	0	0	1	0	0	0	0	0	0	0	0	0	0	0
PTHLH	ENSG00000087494	ENST00000542963	protein_coding	0	0	0	1	0	0	0	0	0	0	0	0	1	0	0	0	0	0	0	0	0	0	0	0	0	0	0
PTHLH	ENSG00000087494	ENST00000545234	protein_coding	0	0	0	1	0	0	0	0	0	0	0	0	0	0	0	1	0	0	0	0	0	0	0	0	0	0	0
PTPN12	ENSG00000127947	ENST00000248594	protein_coding	0	0	1	0	0	0	0	0	0	0	0	0	0	0	0	0	1	0	0	0	0	0	0	0	0	0	0
PTPN12	ENSG00000127947	ENST00000415482	protein_coding	0	0	1	0	0	0	0	0	0	0	0	0	0	0	0	0	1	0	0	0	0	0	0	0	0	0	0
PTPN12	ENSG00000127947	ENST00000418110	protein_coding	0	0	0	1	0	0	0	0	0	0	0	0	1	0	0	0	0	0	0	0	0	0	0	0	0	0	0
PTPN12	ENSG00000127947	ENST00000435495	protein_coding	0	0	1	0	0	0	0	0	0	0	0	0	0	0	0	0	1	0	0	0	0	0	0	0	0	0	0
PTPN12	ENSG00000127947	ENST00000447995	nonsense_mediated_decay	0	0	0	1	0	0	0	0	0	0	0	0	0	0	0	0	0	1	0	0	0	0	0	0	0	0	0
PTPN12	ENSG00000127947	ENST00000494248	retained_intron	0	0	0	1	0	0	0	0	0	0	0	0	0	0	0	0	0	1	0	0	0	0	0	0	0	0	0
PTPN12	ENSG00000127947	ENST00000522115	protein_coding	0	0	1	0	0	0	0	0	0	0	0	0	0	0	0	0	1	0	0	0	0	0	0	0	0	0	0
PTPRN2	ENSG00000155093	ENST00000389413	protein_coding	0	0	0	1	0	0	0	0	0	0	0	0	0	0	0	1	0	0	0	0	0	0	0	0	0	0	0
PTPRN2	ENSG00000155093	ENST00000389416	protein_coding	0	0	0	1	0	0	0	0	0	0	0	0	0	0	0	1	0	0	0	0	0	0	0	0	0	0	0
PTPRN2	ENSG00000155093	ENST00000389418	protein_coding	0	0	0	1	0	0	0	0	0	0	0	0	0	0	0	1	0	0	0	0	0	0	0	0	0	0	0
PTPRN2	ENSG00000155093	ENST00000409483	protein_coding	0	0	0	1	0	0	0	0	0	0	0	0	0	0	0	1	0	0	0	0	0	0	0	0	0	0	0
PTPRN2	ENSG00000155093	ENST00000648371	protein_coding	0	0	0	1	0	0	0	0	0	0	0	0	0	0	0	1	0	0	0	0	0	0	0	0	0	0	0
PTPRQ	ENSG00000139304	ENST00000616559	protein_coding	0	0	1	0	0	0	0	0	0	0	0	0	0	0	0	0	1	0	0	0	0	0	0	0	0	0	0
PTPRQ	ENSG00000139304	ENST00000644991	protein_coding	0	0	1	0	0	0	0	0	0	0	0	0	0	0	0	0	1	0	0	0	0	0	0	0	0	0	0
PURB	ENSG00000146676	ENST00000395699	protein_coding	0	0	0	1	1	0	0	0	0	0	0	0	0	0	0	0	0	0	0	0	0	0	0	0	0	0	0
RAB37	ENSG00000172794	ENST00000340415	protein_coding	0	0	0	1	0	0	0	0	0	0	0	0	1	0	0	0	0	0	0	0	0	0	0	0	0	0	0
RAB37	ENSG00000172794	ENST00000392610	protein_coding	0	0	0	1	0	0	0	0	0	0	0	0	1	0	0	0	0	0	0	0	0	0	0	0	0	0	0
RAB37	ENSG00000172794	ENST00000392612	protein_coding	0	0	0	1	0	0	0	0	0	0	0	0	1	0	0	0	0	0	0	0	0	0	0	0	0	0	0
RAB37	ENSG00000172794	ENST00000392613	protein_coding	0	0	0	1	0	0	0	0	0	0	0	0	1	0	0	0	0	0	0	0	0	0	0	0	0	0	0
RAB37	ENSG00000172794	ENST00000392614	protein_coding	0	0	0	1	0	0	0	0	0	0	0	0	1	0	0	0	0	0	0	0	0	0	0	0	0	0	0
RAB37	ENSG00000172794	ENST00000392615	protein_coding	0	0	0	1	0	0	0	0	0	0	0	0	1	0	0	0	0	0	0	0	0	0	0	0	0	0	0
RAB37	ENSG00000172794	ENST00000392617	retained_intron	0	0	0	1	0	0	0	0	0	0	0	0	1	0	0	0	0	0	0	0	0	0	0	0	0	0	0
RAB37	ENSG00000172794	ENST00000402449	protein_coding	0	0	0	1	0	0	0	0	0	0	0	0	1	0	0	0	0	0	0	0	0	0	0	0	0	0	0
RAB37	ENSG00000172794	ENST00000481224	nonsense_mediated_decay	0	0	0	1	0	0	0	0	0	0	0	0	1	0	0	0	0	0	0	0	0	0	0	0	0	0	0
RAB37	ENSG00000172794	ENST00000488977	retained_intron	0	0	0	1	0	0	0	0	0	0	0	0	1	0	0	0	0	0	0	0	0	0	0	0	0	0	0
RAB37	ENSG00000172794	ENST00000527040	retained_intron	0	0	0	1	0	0	0	0	0	0	0	0	1	0	0	0	0	0	0	0	0	0	0	0	0	0	0
RAB37	ENSG00000172794	ENST00000528438	protein_coding	0	0	0	1	0	0	0	0	0	0	0	0	1	0	0	0	0	0	0	0	0	0	0	0	0	0	0
RAB37	ENSG00000172794	ENST00000531420	retained_intron	0	0	0	1	0	0	0	0	0	0	0	0	1	0	0	0	0	0	0	0	0	0	0	0	0	0	0
RAB37	ENSG00000172794	ENST00000533530	retained_intron	0	0	0	1	0	0	0	0	0	0	0	0	1	0	0	0	0	0	0	0	0	0	0	0	0	0	0
RAB37	ENSG00000172794	ENST00000577548	retained_intron	0	0	0	1	0	0	0	0	0	0	0	0	1	0	0	0	0	0	0	0	0	0	0	0	0	0	0
RAB37	ENSG00000172794	ENST00000613645	protein_coding	0	0	0	1	0	0	0	0	0	0	0	0	1	0	0	0	0	0	0	0	0	0	0	0	0	0	0
RAB5B	ENSG00000111540	ENST00000360299	protein_coding	0	0	0	2	2	0	0	0	0	0	0	0	0	0	0	0	0	0	0	0	0	0	0	0	0	0	0
RAB5B	ENSG00000111540	ENST00000448789	protein_coding	0	0	0	2	2	0	0	0	0	0	0	0	0	0	0	0	0	0	0	0	0	0	0	0	0	0	0
RAB5B	ENSG00000111540	ENST00000546810	retained_intron	0	0	0	2	0	0	0	0	0	0	0	0	2	0	0	0	0	0	0	0	0	0	0	0	0	0	0
RAB5B	ENSG00000111540	ENST00000548068	protein_coding	0	0	0	2	0	0	0	0	0	0	0	0	2	0	0	0	0	0	0	0	0	0	0	0	0	0	0
RAB5B	ENSG00000111540	ENST00000549034	retained_intron	0	0	0	2	0	0	0	0	0	0	0	0	2	0	0	0	0	0	0	0	0	0	0	0	0	0	0
RAB5B	ENSG00000111540	ENST00000549505	nonsense_mediated_decay	0	0	0	4	2	0	0	0	0	0	0	0	0	0	0	0	0	2	0	0	0	0	0	0	0	0	0
RAB5B	ENSG00000111540	ENST00000550283	retained_intron	0	0	0	2	0	0	0	0	0	0	0	0	2	0	0	0	0	0	0	0	0	0	0	0	0	0	0
RAB5B	ENSG00000111540	ENST00000551459	protein_coding	0	0	0	2	0	0	0	0	0	0	0	0	2	0	0	0	0	0	0	0	0	0	0	0	0	0	0
RAB5B	ENSG00000111540	ENST00000553116	protein_coding	0	0	0	2	2	0	0	0	0	0	0	0	0	0	0	0	0	0	0	0	0	0	0	0	0	0	0
RAB5B	ENSG00000111540	ENST00000628569	protein_coding	0	0	0	2	0	0	0	0	0	0	0	0	2	0	0	0	0	0	0	0	0	0	0	0	0	0	0
RAB5C	ENSG00000108774	ENST00000346213	protein_coding	0	0	0	1	1	0	0	0	0	0	0	0	0	0	0	0	0	0	0	0	0	0	0	0	0	0	0
RAB5C	ENSG00000108774	ENST00000393860	protein_coding	0	0	0	1	1	0	0	0	0	0	0	0	0	0	0	0	0	0	0	0	0	0	0	0	0	0	0
RAB5C	ENSG00000108774	ENST00000546881	retained_intron	0	0	0	1	0	0	0	0	0	0	0	0	1	0	0	0	0	0	0	0	0	0	0	0	0	0	0
RAB5C	ENSG00000108774	ENST00000547517	protein_coding	0	0	0	1	1	0	0	0	0	0	0	0	0	0	0	0	0	0	0	0	0	0	0	0	0	0	0
RAB5C	ENSG00000108774	ENST00000550013	retained_intron	0	0	0	1	0	0	0	0	0	0	0	0	1	0	0	0	0	0	0	0	0	0	0	0	0	0	0
RAB5C	ENSG00000108774	ENST00000550406	protein_coding	0	0	0	1	0	0	0	0	0	0	0	0	1	0	0	0	0	0	0	0	0	0	0	0	0	0	0
RAB5C	ENSG00000108774	ENST00000550504	protein_coding	0	0	0	1	0	0	0	0	0	0	0	0	1	0	0	0	0	0	0	0	0	0	0	0	0	0	0
RAB5C	ENSG00000108774	ENST00000551338	protein_coding	0	0	0	1	0	0	0	0	0	0	0	0	1	0	0	0	0	0	0	0	0	0	0	0	0	0	0
RAB5C	ENSG00000108774	ENST00000552162	protein_coding	0	0	0	1	0	0	0	0	0	0	0	0	1	0	0	0	0	0	0	0	0	0	0	0	0	0	0
RAP1B	ENSG00000127314	ENST00000250559	protein_coding	0	0	0	1	0	0	0	0	0	0	0	0	0	0	0	1	0	0	0	0	0	0	0	0	0	0	0
RAP1B	ENSG00000127314	ENST00000341355	protein_coding	0	0	0	1	0	0	0	0	0	0	0	0	0	0	0	1	0	0	0	0	0	0	0	0	0	0	0
RAP1B	ENSG00000127314	ENST00000378985	protein_coding	0	0	0	1	0	0	0	0	0	0	0	0	0	0	0	1	0	0	0	0	0	0	0	0	0	0	0
RAP1B	ENSG00000127314	ENST00000393436	protein_coding	0	0	0	1	0	0	0	0	0	0	0	0	0	0	0	1	0	0	0	0	0	0	0	0	0	0	0
RAP1B	ENSG00000127314	ENST00000422358	protein_coding	0	0	0	1	0	0	0	0	0	0	0	0	0	0	0	1	0	0	0	0	0	0	0	0	0	0	0
RAP1B	ENSG00000127314	ENST00000425247	protein_coding	0	0	0	1	0	0	0	0	0	0	0	0	0	0	0	1	0	0	0	0	0	0	0	0	0	0	0
RAP1B	ENSG00000127314	ENST00000450214	protein_coding	0	0	0	1	0	0	0	0	0	0	0	0	0	0	0	1	0	0	0	0	0	0	0	0	0	0	0
RAP1B	ENSG00000127314	ENST00000453560	protein_coding	0	0	0	1	0	0	0	0	0	0	0	0	0	0	0	1	0	0	0	0	0	0	0	0	0	0	0
RAP1B	ENSG00000127314	ENST00000460800	processed_transcript	0	0	0	1	0	0	0	0	0	0	0	0	0	0	0	1	0	0	0	0	0	0	0	0	0	0	0
RAP1B	ENSG00000127314	ENST00000463493	processed_transcript	0	0	0	1	0	0	0	0	0	0	0	0	0	0	0	1	0	0	0	0	0	0	0	0	0	0	0
RAP1B	ENSG00000127314	ENST00000485252	protein_coding	0	0	0	1	0	0	0	0	0	0	0	0	0	0	0	1	0	0	0	0	0	0	0	0	0	0	0
RAP1B	ENSG00000127314	ENST00000489473	protein_coding	0	0	0	1	0	0	0	0	0	0	0	0	0	0	0	1	0	0	0	0	0	0	0	0	0	0	0
RAP1B	ENSG00000127314	ENST00000501412	retained_intron	0	0	0	1	0	0	0	0	0	0	0	0	0	0	0	1	0	0	0	0	0	0	0	0	0	0	0
RAP1B	ENSG00000127314	ENST00000534899	protein_coding	0	0	0	1	0	0	0	0	0	0	0	0	0	0	0	1	0	0	0	0	0	0	0	0	0	0	0
RAP1B	ENSG00000127314	ENST00000535492	protein_coding	0	0	0	1	0	0	0	0	0	0	0	0	0	0	0	1	0	0	0	0	0	0	0	0	0	0	0
RAP1B	ENSG00000127314	ENST00000537460	protein_coding	0	0	0	1	0	0	0	0	0	0	0	0	0	0	0	1	0	0	0	0	0	0	0	0	0	0	0
RAP1B	ENSG00000127314	ENST00000538283	protein_coding	0	0	0	1	0	0	0	0	0	0	0	0	0	0	0	1	0	0	0	0	0	0	0	0	0	0	0
RAP1B	ENSG00000127314	ENST00000538877	protein_coding	0	0	0	1	0	0	0	0	0	0	0	0	0	0	0	1	0	0	0	0	0	0	0	0	0	0	0
RAP1B	ENSG00000127314	ENST00000538980	protein_coding	0	0	0	1	0	0	0	0	0	0	0	0	0	0	0	1	0	0	0	0	0	0	0	0	0	0	0
RAP1B	ENSG00000127314	ENST00000539091	protein_coding	0	0	0	1	0	0	0	0	0	0	0	0	0	0	0	1	0	0	0	0	0	0	0	0	0	0	0
RAP1B	ENSG00000127314	ENST00000540209	protein_coding	0	0	0	1	0	0	0	0	0	0	0	0	0	0	0	1	0	0	0	0	0	0	0	0	0	0	0
RAP1B	ENSG00000127314	ENST00000540781	protein_coding	0	0	0	1	0	0	0	0	0	0	0	0	0	0	0	1	0	0	0	0	0	0	0	0	0	0	0
RAP1B	ENSG00000127314	ENST00000541167	protein_coding	0	0	0	1	0	0	0	0	0	0	0	0	0	0	0	1	0	0	0	0	0	0	0	0	0	0	0
RAP1B	ENSG00000127314	ENST00000541216	protein_coding	0	0	0	1	0	0	0	0	0	0	0	0	0	0	0	1	0	0	0	0	0	0	0	0	0	0	0
RAP1B	ENSG00000127314	ENST00000541386	protein_coding	0	0	0	1	0	0	0	0	0	0	0	0	0	0	0	1	0	0	0	0	0	0	0	0	0	0	0
RAP1B	ENSG00000127314	ENST00000542018	protein_coding	0	0	0	1	0	0	0	0	0	0	0	0	0	0	0	1	0	0	0	0	0	0	0	0	0	0	0
RAP1B	ENSG00000127314	ENST00000542145	protein_coding	0	0	0	1	0	0	0	0	0	0	0	0	0	0	0	1	0	0	0	0	0	0	0	0	0	0	0
RAP1B	ENSG00000127314	ENST00000543393	protein_coding	0	0	0	1	0	0	0	0	0	0	0	0	0	0	0	1	0	0	0	0	0	0	0	0	0	0	0
RAP1B	ENSG00000127314	ENST00000543697	protein_coding	0	0	0	1	0	0	0	0	0	0	0	0	0	0	0	1	0	0	0	0	0	0	0	0	0	0	0
RAP1B	ENSG00000127314	ENST00000545270	protein_coding	0	0	0	1	0	0	0	0	0	0	0	0	0	0	0	1	0	0	0	0	0	0	0	0	0	0	0
RAP1B	ENSG00000127314	ENST00000545720	protein_coding	0	0	0	1	0	0	0	0	0	0	0	0	0	0	0	1	0	0	0	0	0	0	0	0	0	0	0
RARB	ENSG00000077092	ENST00000330688	protein_coding	0	0	0	1	0	0	0	1	0	0	0	0	0	0	0	0	0	0	0	0	0	0	0	0	0	0	0
RARB	ENSG00000077092	ENST00000383772	protein_coding	0	0	0	1	0	0	0	0	0	0	0	0	0	0	0	1	0	0	0	0	0	0	0	0	0	0	0
RARB	ENSG00000077092	ENST00000437042	protein_coding	0	0	0	1	0	0	0	1	0	0	0	0	0	0	0	0	0	0	0	0	0	0	0	0	0	0	0
RARB	ENSG00000077092	ENST00000462272	processed_transcript	0	0	0	1	0	0	0	0	0	0	0	0	0	0	0	0	0	0	0	0	0	0	0	0	0	0	1
RARB	ENSG00000077092	ENST00000479097	processed_transcript	0	0	0	1	0	0	0	0	0	0	0	0	0	0	0	0	0	0	0	0	0	0	0	0	0	0	1
RARB	ENSG00000077092	ENST00000480001	processed_transcript	0	0	0	1	0	0	0	0	0	0	0	0	0	0	0	0	0	0	0	0	0	0	0	0	0	0	1
RARB	ENSG00000077092	ENST00000489694	processed_transcript	0	0	0	1	0	0	0	0	0	0	0	0	0	0	0	0	0	0	0	0	0	0	0	0	0	0	1
RASA3	ENSG00000185989	ENST00000334062	protein_coding	0	0	0	1	0	0	0	0	0	0	0	0	0	0	0	1	0	0	0	0	0	0	0	0	0	0	0
RASA4CP	ENSG00000228903	ENST00000424092	transcribed_unprocessed_pseudogene	0	0	0	1	0	0	0	0	0	0	0	0	0	0	0	0	0	0	0	0	0	0	0	0	0	0	1
RASSF1	ENSG00000068028	ENST00000327761	protein_coding	0	0	0	1	0	0	0	0	0	0	0	0	1	0	0	0	0	0	0	0	0	0	0	0	0	0	0
RASSF1	ENSG00000068028	ENST00000357043	protein_coding	0	0	0	1	0	0	0	0	0	0	0	0	1	0	0	0	0	0	0	0	0	0	0	0	0	0	0
RASSF1	ENSG00000068028	ENST00000359365	protein_coding	0	0	0	1	0	0	0	0	0	0	0	0	1	0	0	0	0	0	0	0	0	0	0	0	0	0	0
RASSF1	ENSG00000068028	ENST00000395117	nonsense_mediated_decay	0	0	0	1	0	0	0	0	0	0	0	0	1	0	0	0	0	0	0	0	0	0	0	0	0	0	0
RASSF1	ENSG00000068028	ENST00000395126	protein_coding	0	0	0	1	0	0	0	0	0	0	0	0	1	0	0	0	0	0	0	0	0	0	0	0	0	0	0
RASSF1	ENSG00000068028	ENST00000482447	nonsense_mediated_decay	0	0	0	1	0	0	0	0	0	0	0	0	1	0	0	0	0	0	0	0	0	0	0	0	0	0	0
RASSF1	ENSG00000068028	ENST00000616212	protein_coding	0	0	0	1	0	0	0	0	0	0	0	0	1	0	0	0	0	0	0	0	0	0	0	0	0	0	0
RBBP4P2	ENSG00000242457	ENST00000478252	processed_pseudogene	0	0	0	1	0	0	0	0	0	0	0	0	0	0	0	0	0	1	0	0	0	0	0	0	0	0	0
RBM28	ENSG00000106344	ENST00000223073	protein_coding	0	0	0	1	0	0	0	0	0	0	0	0	0	0	0	1	0	0	0	0	0	0	0	0	0	0	0
RBM28	ENSG00000106344	ENST00000415472	protein_coding	0	0	0	1	0	0	0	0	0	0	0	0	0	0	0	1	0	0	0	0	0	0	0	0	0	0	0
RBM28	ENSG00000106344	ENST00000459726	protein_coding	0	0	0	1	0	0	0	0	0	0	0	0	0	0	0	1	0	0	0	0	0	0	0	0	0	0	0
RBM28	ENSG00000106344	ENST00000478061	protein_coding	0	0	0	1	0	0	0	0	0	0	0	0	0	0	0	1	0	0	0	0	0	0	0	0	0	0	0
RBM28	ENSG00000106344	ENST00000487602	nonsense_mediated_decay	0	0	0	1	0	0	0	0	0	0	0	0	0	0	0	0	0	0	0	0	0	0	0	0	0	0	1
RBM28	ENSG00000106344	ENST00000488249	retained_intron	0	0	0	1	0	0	0	0	0	0	0	0	0	0	0	0	0	0	0	0	0	0	0	0	0	0	1
RBM33	ENSG00000184863	ENST00000341148	protein_coding	0	0	0	1	1	0	0	0	0	0	0	0	0	0	0	0	0	0	0	0	0	0	0	0	0	0	0
RBM33	ENSG00000184863	ENST00000392755	protein_coding	0	0	0	1	0	0	0	0	0	0	0	0	1	0	0	0	0	0	0	0	0	0	0	0	0	0	0
RBM33	ENSG00000184863	ENST00000401878	protein_coding	0	0	0	1	1	0	0	0	0	0	0	0	0	0	0	0	0	0	0	0	0	0	0	0	0	0	0
RCC2P4	ENSG00000249558	ENST00000513160	processed_pseudogene	0	0	0	3	0	0	0	0	0	0	0	0	0	0	0	0	0	3	0	0	0	0	0	0	0	0	0
RDM1	ENSG00000278023	ENST00000612980	protein_coding	0	0	0	1	0	0	0	0	0	0	0	0	0	0	0	1	0	0	0	0	0	0	0	0	0	0	0
RDM1	ENSG00000278023	ENST00000613308	protein_coding	0	0	0	1	0	0	0	0	0	0	0	0	1	0	0	0	0	0	0	0	0	0	0	0	0	0	0
RDM1	ENSG00000278023	ENST00000615024	nonsense_mediated_decay	0	0	0	1	0	0	0	0	0	0	0	0	0	0	0	1	0	0	0	0	0	0	0	0	0	0	0
RDM1	ENSG00000278023	ENST00000615288	nonsense_mediated_decay	0	0	0	1	0	0	0	0	0	0	0	0	0	0	0	1	0	0	0	0	0	0	0	0	0	0	0
RDM1	ENSG00000278023	ENST00000615378	protein_coding	0	0	0	1	0	0	0	0	0	0	0	0	1	0	0	0	0	0	0	0	0	0	0	0	0	0	0
RDM1	ENSG00000278023	ENST00000616596	protein_coding	0	0	0	1	0	0	0	0	0	0	0	0	0	0	0	1	0	0	0	0	0	0	0	0	0	0	0
RDM1	ENSG00000278023	ENST00000617591	protein_coding	0	0	0	1	0	0	0	0	0	0	0	0	0	0	0	1	0	0	0	0	0	0	0	0	0	0	0
RDM1	ENSG00000278023	ENST00000618511	nonsense_mediated_decay	0	0	0	1	0	0	0	0	0	0	0	0	0	0	0	1	0	0	0	0	0	0	0	0	0	0	0
RDM1	ENSG00000278023	ENST00000619193	nonsense_mediated_decay	0	0	0	1	0	0	0	0	0	0	0	0	0	0	0	1	0	0	0	0	0	0	0	0	0	0	0
RDM1	ENSG00000278023	ENST00000619262	protein_coding	0	0	0	1	0	0	0	0	0	0	0	0	0	0	0	1	0	0	0	0	0	0	0	0	0	0	0
RDM1	ENSG00000278023	ENST00000619368	nonsense_mediated_decay	0	0	0	1	0	0	0	0	0	0	0	0	0	0	0	1	0	0	0	0	0	0	0	0	0	0	0
RDM1	ENSG00000278023	ENST00000619828	protein_coding	0	0	0	1	0	0	0	0	0	0	0	0	0	0	0	1	0	0	0	0	0	0	0	0	0	0	0
RDM1	ENSG00000278023	ENST00000619876	protein_coding	0	0	0	1	0	0	0	0	0	0	0	0	1	0	0	0	0	0	0	0	0	0	0	0	0	0	0
RDM1	ENSG00000278023	ENST00000620284	protein_coding	0	0	0	1	0	0	0	0	0	0	0	0	0	0	0	1	0	0	0	0	0	0	0	0	0	0	0
RDM1	ENSG00000278023	ENST00000639942	protein_coding	0	0	0	1	0	0	0	0	0	0	0	0	1	0	0	0	0	0	0	0	0	0	0	0	0	0	0
RDM1P1	ENSG00000266504	ENST00000579701	transcribed_unprocessed_pseudogene	0	0	0	2	0	0	0	0	0	0	0	0	2	0	0	0	0	0	0	0	0	0	0	0	0	0	0
RETREG3	ENSG00000141699	ENST00000309428	protein_coding	0	0	0	1	0	0	0	0	0	0	0	0	0	0	0	0	0	0	0	0	0	0	0	0	0	0	1
RETREG3	ENSG00000141699	ENST00000585726	nonsense_mediated_decay	0	0	0	1	0	0	0	0	0	0	0	0	0	0	0	0	0	0	0	0	0	0	0	0	0	0	1
RETREG3	ENSG00000141699	ENST00000585894	protein_coding	0	0	0	1	0	0	0	0	0	0	0	0	0	0	0	1	0	0	0	0	0	0	0	0	0	0	0
RETREG3	ENSG00000141699	ENST00000586796	retained_intron	0	0	0	1	0	0	0	0	0	0	0	0	0	0	0	0	0	0	0	0	0	0	0	0	0	0	1
RETREG3	ENSG00000141699	ENST00000586870	nonsense_mediated_decay	0	0	0	1	0	0	0	0	0	0	0	0	0	0	0	0	0	0	0	0	0	0	0	0	0	0	1
RETREG3	ENSG00000141699	ENST00000588423	protein_coding	0	0	0	1	0	0	0	0	0	0	0	0	0	0	0	1	0	0	0	0	0	0	0	0	0	0	0
RETREG3	ENSG00000141699	ENST00000589797	nonsense_mediated_decay	0	0	0	1	0	0	0	0	0	0	0	0	0	0	0	0	0	0	0	0	0	0	0	0	0	0	1
RETREG3	ENSG00000141699	ENST00000590541	nonsense_mediated_decay	0	0	0	1	0	0	0	0	0	0	0	0	0	0	0	0	0	0	0	0	0	0	0	0	0	0	1
RETREG3	ENSG00000141699	ENST00000591547	protein_coding	0	0	0	1	0	0	0	0	0	0	0	0	0	0	0	1	0	0	0	0	0	0	0	0	0	0	0
RETREG3	ENSG00000141699	ENST00000593251	nonsense_mediated_decay	0	0	0	1	0	0	0	0	0	0	0	0	0	0	0	0	0	0	0	0	0	0	0	0	0	0	1
RFT1	ENSG00000163933	ENST00000296292	protein_coding	0	0	0	1	1	0	0	0	0	0	0	0	0	0	0	0	0	0	0	0	0	0	0	0	0	0	0
RFT1	ENSG00000163933	ENST00000394738	protein_coding	0	0	0	1	0	0	0	0	0	0	0	0	1	0	0	0	0	0	0	0	0	0	0	0	0	0	0
RHEBL1	ENSG00000167550	ENST00000301068	protein_coding	0	1	0	1	0	1	0	1	0	0	0	0	0	0	0	0	0	0	0	0	0	0	0	0	0	0	0
RHEBL1	ENSG00000167550	ENST00000420065	nonsense_mediated_decay	0	1	0	2	0	1	0	1	0	0	0	0	0	0	0	0	0	1	0	0	0	0	0	0	0	0	0
RHEBL1	ENSG00000167550	ENST00000550675	protein_coding	0	1	0	1	0	1	0	1	0	0	0	0	0	0	0	0	0	0	0	0	0	0	0	0	0	0	0
RHEBL1	ENSG00000167550	ENST00000550797	nonsense_mediated_decay	0	1	0	2	0	1	0	1	0	0	0	0	0	0	0	0	0	1	0	0	0	0	0	0	0	0	0
RHOA	ENSG00000067560	ENST00000418115	protein_coding	0	0	0	1	0	0	0	0	0	0	0	0	1	0	0	0	0	0	0	0	0	0	0	0	0	0	0
RHOA	ENSG00000067560	ENST00000422781	protein_coding	0	0	0	1	0	0	0	0	0	0	0	0	1	0	0	0	0	0	0	0	0	0	0	0	0	0	0
RHOA	ENSG00000067560	ENST00000445425	protein_coding	0	0	0	1	0	0	0	0	0	0	0	0	1	0	0	0	0	0	0	0	0	0	0	0	0	0	0
RHOA	ENSG00000067560	ENST00000454011	protein_coding	0	0	0	1	0	0	0	0	0	0	0	0	1	0	0	0	0	0	0	0	0	0	0	0	0	0	0
RHOT1P3	ENSG00000242756	ENST00000436571	processed_pseudogene	0	0	0	1	0	0	0	0	0	0	0	0	0	0	0	0	0	0	0	0	0	0	0	0	0	0	1
RN7SL481P	ENSG00000240322	ENST00000477764	misc_RNA	0	0	0	1	0	0	0	0	0	0	0	0	0	0	0	0	0	0	0	0	0	0	0	0	0	0	1
RN7SL535P	ENSG00000239419	ENST00000479087	misc_RNA	0	0	0	1	0	0	0	0	0	0	0	0	1	0	0	0	0	0	0	0	0	0	0	0	0	0	0
RN7SL733P	ENSG00000273946	ENST00000582253	misc_RNA	0	0	0	2	0	0	0	0	0	0	0	0	2	0	0	0	0	0	0	0	0	0	0	0	0	0	0
RNF123	ENSG00000164068	ENST00000327697	protein_coding	0	0	0	2	0	0	0	0	0	0	0	0	0	0	0	0	0	0	0	0	0	0	0	0	0	0	2
RNF123	ENSG00000164068	ENST00000432042	protein_coding	0	0	0	2	0	0	0	0	0	0	0	0	0	0	0	0	0	0	0	0	0	0	0	0	0	0	2
RNF123	ENSG00000164068	ENST00000443204	nonsense_mediated_decay	0	0	0	2	0	0	0	0	0	0	0	0	0	0	0	0	0	0	0	0	0	0	0	0	0	0	2
RNF123	ENSG00000164068	ENST00000454491	protein_coding	0	0	0	2	0	0	0	0	0	0	0	0	0	0	0	0	0	0	0	0	0	0	0	0	0	0	2
RNF123	ENSG00000164068	ENST00000457726	nonsense_mediated_decay	0	0	0	2	0	0	0	0	0	0	0	0	0	0	0	0	0	0	0	0	0	0	0	0	0	0	2
RNF123	ENSG00000164068	ENST00000486102	retained_intron	0	0	0	2	0	0	0	0	0	0	0	0	0	0	0	0	0	0	0	0	0	0	0	0	0	0	2
RNF123	ENSG00000164068	ENST00000487805	retained_intron	0	0	0	2	0	0	0	0	0	0	0	0	0	0	0	0	0	0	0	0	0	0	0	0	0	0	2
RNF123	ENSG00000164068	ENST00000629802	protein_coding	0	0	0	2	0	0	0	0	0	0	0	0	0	0	0	0	0	0	0	0	0	0	0	0	0	0	2
RNU1-16P	ENSG00000202347	ENST00000365477	snRNA	0	0	0	1	0	0	0	0	0	0	0	0	1	0	0	0	0	0	0	0	0	0	0	0	0	0	0
RNU6-55P	ENSG00000223024	ENST00000411092	snRNA	0	0	0	1	0	0	0	0	0	0	0	0	0	0	0	0	0	0	0	0	0	0	0	0	0	0	1
RNU6-882P	ENSG00000212327	ENST00000391025	snRNA	0	0	0	1	0	0	0	0	0	0	0	0	1	0	0	0	0	0	0	0	0	0	0	0	0	0	0
RNU7-1	ENSG00000238923	ENST00000458811	snRNA	0	0	0	1	0	0	0	0	0	0	0	0	0	0	0	0	0	0	0	0	0	0	0	0	0	0	1
ROBO2	ENSG00000185008	ENST00000332191	protein_coding	0	0	0	1	0	0	0	0	0	0	0	0	1	0	0	0	0	0	0	0	0	0	0	0	0	0	0
ROBO2	ENSG00000185008	ENST00000461745	protein_coding	0	0	0	1	1	0	0	0	0	0	0	0	0	0	0	0	0	0	0	0	0	0	0	0	0	0	0
ROBO2	ENSG00000185008	ENST00000470802	retained_intron	0	0	0	1	0	0	0	0	0	0	0	0	0	0	0	0	0	1	0	0	0	0	0	0	0	0	0
ROBO2	ENSG00000185008	ENST00000473767	nonsense_mediated_decay	0	0	0	1	0	0	0	0	0	0	0	0	1	0	0	0	0	0	0	0	0	0	0	0	0	0	0
ROBO2	ENSG00000185008	ENST00000475334	protein_coding	0	0	0	1	0	0	0	0	0	0	0	0	1	0	0	0	0	0	0	0	0	0	0	0	0	0	0
ROBO2	ENSG00000185008	ENST00000487694	protein_coding	0	0	0	1	0	0	0	0	0	0	0	0	1	0	0	0	0	0	0	0	0	0	0	0	0	0	0
ROBO2	ENSG00000185008	ENST00000490534	protein_coding	0	0	0	1	0	0	0	0	0	0	0	0	1	0	0	0	0	0	0	0	0	0	0	0	0	0	0
ROBO2	ENSG00000185008	ENST00000614793	protein_coding	0	0	0	1	1	0	0	0	0	0	0	0	0	0	0	0	0	0	0	0	0	0	0	0	0	0	0
RPL10P12	ENSG00000234040	ENST00000427342	processed_pseudogene	0	0	0	1	0	0	0	0	0	0	0	0	0	0	0	0	0	1	0	0	0	0	0	0	0	0	0
RPL12P32	ENSG00000242314	ENST00000484010	processed_pseudogene	0	0	0	1	0	0	0	0	0	0	0	0	0	0	0	0	0	1	0	0	0	0	0	0	0	0	0
RPL13AP19	ENSG00000228754	ENST00000434320	processed_pseudogene	0	0	0	1	0	0	0	0	0	0	0	0	1	0	0	0	0	0	0	0	0	0	0	0	0	0	0
RPL17P34	ENSG00000213432	ENST00000394133	processed_pseudogene	0	0	0	2	0	0	0	0	0	0	0	0	0	0	0	0	0	2	0	0	0	0	0	0	0	0	0
RPL21P136	ENSG00000271215	ENST00000605378	processed_pseudogene	0	0	0	1	0	0	0	0	0	0	0	0	1	0	0	0	0	0	0	0	0	0	0	0	0	0	0
RPL22L1	ENSG00000163584	ENST00000295830	protein_coding	0	0	0	1	1	0	0	0	0	0	0	0	0	0	0	0	0	0	0	0	0	0	0	0	0	0	0
RPL22L1	ENSG00000163584	ENST00000463836	protein_coding	0	0	0	1	1	0	0	0	0	0	0	0	0	0	0	0	0	0	0	0	0	0	0	0	0	0	0
RPL22L1	ENSG00000163584	ENST00000466674	protein_coding	0	0	0	1	1	0	0	0	0	0	0	0	0	0	0	0	0	0	0	0	0	0	0	0	0	0	0
RPL22L1	ENSG00000163584	ENST00000475836	nonsense_mediated_decay	0	0	0	2	1	0	0	0	0	0	0	0	0	0	0	0	0	1	0	0	0	0	0	0	0	0	0
RPL22L1	ENSG00000163584	ENST00000478578	retained_intron	0	0	0	1	0	0	0	0	0	0	0	0	0	0	0	0	0	1	0	0	0	0	0	0	0	0	0
RPL22L1	ENSG00000163584	ENST00000494771	nonsense_mediated_decay	0	0	0	2	1	0	0	0	0	0	0	0	0	0	0	0	0	1	0	0	0	0	0	0	0	0	0
RPL22P1	ENSG00000213178	ENST00000418623	processed_pseudogene	0	0	0	2	0	0	0	0	0	0	0	0	0	0	0	0	0	2	0	0	0	0	0	0	0	0	0
RPL23AP49	ENSG00000243422	ENST00000638439	processed_transcript	0	0	0	1	0	0	0	0	0	0	0	0	0	0	0	1	0	0	0	0	0	0	0	0	0	0	0
RPL23AP69	ENSG00000235315	ENST00000431134	processed_pseudogene	0	0	0	1	0	0	0	0	0	0	0	0	0	0	0	0	0	1	0	0	0	0	0	0	0	0	0
RPL31P35	ENSG00000232612	ENST00000431058	processed_pseudogene	0	0	0	1	0	0	0	0	0	0	0	0	0	0	0	0	0	1	0	0	0	0	0	0	0	0	0
RPL3P8	ENSG00000232199	ENST00000432928	processed_pseudogene	0	0	0	1	0	0	0	0	0	0	0	0	0	0	0	0	0	1	0	0	0	0	0	0	0	0	0
RPL41	ENSG00000229117	ENST00000358888	processed_transcript	0	0	0	2	0	0	0	0	0	0	0	0	0	0	0	0	0	0	0	0	0	0	0	0	0	0	2
RPL41	ENSG00000229117	ENST00000501597	protein_coding	0	0	0	2	0	0	0	0	0	0	0	0	0	0	0	0	0	0	0	0	0	0	0	0	0	0	2
RPL41	ENSG00000229117	ENST00000546485	processed_transcript	0	0	0	2	0	0	0	0	0	0	0	0	0	0	0	0	0	0	0	0	0	0	0	0	0	0	2
RPL41	ENSG00000229117	ENST00000546591	protein_coding	0	0	0	2	0	0	0	0	0	0	0	0	0	0	0	0	0	0	0	0	0	0	0	0	0	0	2
RPL41	ENSG00000229117	ENST00000546654	processed_transcript	0	0	0	2	0	0	0	0	0	0	0	0	0	0	0	0	0	0	0	0	0	0	0	0	0	0	2
RPL41	ENSG00000229117	ENST00000552314	processed_transcript	0	0	0	2	0	0	0	0	0	0	0	0	0	0	0	0	0	0	0	0	0	0	0	0	0	0	2
RPL4P4	ENSG00000229638	ENST00000422486	processed_pseudogene	0	0	0	1	0	0	0	0	0	0	0	0	0	0	0	0	0	1	0	0	0	0	0	0	0	0	0
RPL7L1P5	ENSG00000267634	ENST00000590816	processed_pseudogene	0	0	0	1	0	0	0	0	0	0	0	0	0	0	0	0	0	1	0	0	0	0	0	0	0	0	0
RPL7L1P8	ENSG00000228766	ENST00000469911	processed_pseudogene	0	0	0	2	0	0	0	0	0	0	0	0	0	0	0	0	0	2	0	0	0	0	0	0	0	0	0
RPS10P14	ENSG00000213744	ENST00000440748	processed_pseudogene	0	0	0	1	0	0	0	0	0	0	0	0	0	0	0	0	0	1	0	0	0	0	0	0	0	0	0
RPS15AP5	ENSG00000223540	ENST00000436276	processed_pseudogene	0	0	0	1	0	0	0	0	0	0	0	0	0	0	0	0	0	1	0	0	0	0	0	0	0	0	0
RPS21P8	ENSG00000223782	ENST00000413365	processed_pseudogene	0	0	0	1	0	0	0	0	0	0	0	0	0	0	0	0	0	0	0	0	0	0	0	0	0	0	1
RPS26P47	ENSG00000234354	ENST00000427219	processed_pseudogene	0	0	0	1	0	0	0	0	0	0	0	0	0	0	0	0	0	0	0	0	0	0	0	0	0	0	1
RPS27AP1	ENSG00000242692	ENST00000475545	processed_pseudogene	0	0	0	2	0	0	0	0	0	0	0	0	0	0	0	0	0	2	0	0	0	0	0	0	0	0	0
RPS4XP11	ENSG00000234335	ENST00000446897	processed_pseudogene	0	0	0	2	0	0	0	0	0	0	0	0	0	0	0	0	0	2	0	0	0	0	0	0	0	0	0
RPS4XP16	ENSG00000224892	ENST00000427198	transcribed_processed_pseudogene	0	0	0	1	0	0	0	0	0	0	0	0	0	0	0	0	0	1	0	0	0	0	0	0	0	0	0
RPS4XP16	ENSG00000224892	ENST00000595905	processed_transcript	0	0	0	1	0	0	0	0	0	0	0	0	0	0	0	0	0	1	0	0	0	0	0	0	0	0	0
RPS4XP16	ENSG00000224892	ENST00000596904	processed_transcript	0	0	0	1	0	0	0	0	0	0	0	0	1	0	0	0	0	0	0	0	0	0	0	0	0	0	0
RPS8P4	ENSG00000227437	ENST00000454541	processed_pseudogene	0	0	0	3	0	0	0	0	0	0	0	0	0	0	0	0	0	3	0	0	0	0	0	0	0	0	0
RPSAP11	ENSG00000237433	ENST00000443010	processed_pseudogene	0	0	0	1	0	0	0	0	0	0	0	0	0	0	0	0	0	0	0	0	0	0	0	0	0	0	1
RSU1	ENSG00000148484	ENST00000345264	protein_coding	0	0	0	1	1	0	0	0	0	0	0	0	0	0	0	0	0	0	0	0	0	0	0	0	0	0	0
RSU1	ENSG00000148484	ENST00000377911	processed_transcript	0	0	0	1	0	0	0	0	0	0	0	0	1	0	0	0	0	0	0	0	0	0	0	0	0	0	0
RSU1	ENSG00000148484	ENST00000377921	protein_coding	0	0	0	1	1	0	0	0	0	0	0	0	0	0	0	0	0	0	0	0	0	0	0	0	0	0	0
RSU1	ENSG00000148484	ENST00000464074	processed_transcript	0	0	0	1	0	0	0	0	0	0	0	0	1	0	0	0	0	0	0	0	0	0	0	0	0	0	0
RSU1	ENSG00000148484	ENST00000602389	protein_coding	0	0	0	1	1	0	0	0	0	0	0	0	0	0	0	0	0	0	0	0	0	0	0	0	0	0	0
RXYLT1-AS1	ENSG00000255850	ENST00000546214		0	0	0	1	0	0	0	0	0	0	0	0	0	0	0	0	0	0	0	0	0	0	0	0	0	0	1
SALL4P5	ENSG00000231915	ENST00000419001	unprocessed_pseudogene	0	0	0	1	0	0	0	0	0	0	0	0	0	0	0	0	0	1	0	0	0	0	0	0	0	0	0
SAMD9L	ENSG00000177409	ENST00000318238	protein_coding	1	0	0	0	0	0	0	0	0	0	0	0	0	0	1	0	0	0	0	0	0	0	0	0	0	0	0
SAMD9L	ENSG00000177409	ENST00000411955	protein_coding	1	0	0	0	0	0	0	0	0	0	0	0	0	0	1	0	0	0	0	0	0	0	0	0	0	0	0
SAMD9L	ENSG00000177409	ENST00000414791	protein_coding	0	0	0	1	0	0	0	0	0	0	0	0	1	0	0	0	0	0	0	0	0	0	0	0	0	0	0
SAMD9L	ENSG00000177409	ENST00000437805	protein_coding	1	0	0	0	0	0	0	0	0	0	0	0	0	0	1	0	0	0	0	0	0	0	0	0	0	0	0
SAMD9L	ENSG00000177409	ENST00000439952	protein_coding	0	0	0	1	0	0	0	0	0	0	0	0	1	0	0	0	0	0	0	0	0	0	0	0	0	0	0
SAMD9L	ENSG00000177409	ENST00000446033	protein_coding	0	0	0	1	0	0	0	0	0	0	0	0	1	0	0	0	0	0	0	0	0	0	0	0	0	0	0
SAMD9L	ENSG00000177409	ENST00000446959	protein_coding	0	0	0	1	0	0	0	0	0	0	0	0	1	0	0	0	0	0	0	0	0	0	0	0	0	0	0
SAMD9L	ENSG00000177409	ENST00000610760	protein_coding	0	0	0	1	0	0	0	0	0	0	0	0	0	0	0	1	0	0	0	0	0	0	0	0	0	0	0
SBNO1	ENSG00000139697	ENST00000267176	protein_coding	0	0	0	1	0	0	0	0	0	0	0	0	0	0	0	1	0	0	0	0	0	0	0	0	0	0	0
SBNO1	ENSG00000139697	ENST00000420886	protein_coding	0	0	0	1	0	0	0	0	0	0	0	0	0	0	0	1	0	0	0	0	0	0	0	0	0	0	0
SBNO1	ENSG00000139697	ENST00000602398	protein_coding	0	0	0	1	0	0	0	0	0	0	0	0	0	0	0	1	0	0	0	0	0	0	0	0	0	0	0
SCARNA12	ENSG00000238795	ENST00000459155	snoRNA	0	0	0	1	0	0	0	0	0	0	0	0	0	0	0	0	0	0	0	0	0	0	0	0	0	0	1
SCART1	ENSG00000214279	ENST00000488261	retained_intron	0	0	0	1	0	0	0	0	0	0	0	0	0	0	0	1	0	0	0	0	0	0	0	0	0	0	0
SCAT2	ENSG00000257596	ENST00000547177		0	0	0	3	0	0	0	0	0	0	0	0	3	0	0	0	0	0	0	0	0	0	0	0	0	0	0
SCDP1	ENSG00000226549	ENST00000455244	processed_pseudogene	0	0	0	1	0	0	0	0	0	0	0	0	1	0	0	0	0	0	0	0	0	0	0	0	0	0	0
SCN10A	ENSG00000185313	ENST00000449082	protein_coding	0	0	1	1	0	0	0	0	0	0	0	0	0	0	0	1	1	0	0	0	0	0	0	0	0	0	0
SCN10A	ENSG00000185313	ENST00000643108	protein_coding	0	0	1	1	0	0	0	0	0	0	0	0	0	0	0	1	1	0	0	0	0	0	0	0	0	0	0
SCN10A	ENSG00000185313	ENST00000643924	protein_coding	0	0	1	1	0	0	0	0	0	0	0	0	0	0	0	1	1	0	0	0	0	0	0	0	0	0	0
SCN10A	ENSG00000185313	ENST00000644826	protein_coding	0	0	1	1	0	0	0	0	0	0	0	0	0	0	0	1	1	0	0	0	0	0	0	0	0	0	0
SCN10A	ENSG00000185313	ENST00000655275	protein_coding	0	0	1	1	0	0	0	0	0	0	0	0	0	0	0	1	1	0	0	0	0	0	0	0	0	0	0
SCRN1	ENSG00000136193	ENST00000242059	protein_coding	0	0	0	1	0	0	0	0	0	0	0	0	0	0	0	1	0	0	0	0	0	0	0	0	0	0	0
SCRN1	ENSG00000136193	ENST00000409497	protein_coding	0	0	0	1	0	0	0	0	0	0	0	0	0	0	0	1	0	0	0	0	0	0	0	0	0	0	0
SCRN1	ENSG00000136193	ENST00000409570	protein_coding	0	0	0	1	0	0	0	0	0	0	0	0	0	0	0	1	0	0	0	0	0	0	0	0	0	0	0
SCRN1	ENSG00000136193	ENST00000421434	protein_coding	0	0	0	1	0	0	0	0	0	0	0	0	0	0	0	1	0	0	0	0	0	0	0	0	0	0	0
SCRN1	ENSG00000136193	ENST00000425819	protein_coding	0	0	0	1	0	0	0	0	0	0	0	0	0	0	0	1	0	0	0	0	0	0	0	0	0	0	0
SCRN1	ENSG00000136193	ENST00000426154	protein_coding	0	0	0	1	0	0	0	0	0	0	0	0	0	0	0	1	0	0	0	0	0	0	0	0	0	0	0
SCRN1	ENSG00000136193	ENST00000434476	protein_coding	0	0	0	1	0	0	0	0	0	0	0	0	0	0	0	1	0	0	0	0	0	0	0	0	0	0	0
SCRN1	ENSG00000136193	ENST00000438497	protein_coding	0	0	0	1	0	0	0	0	0	0	0	0	0	0	0	1	0	0	0	0	0	0	0	0	0	0	0
SCRN1	ENSG00000136193	ENST00000494620	processed_transcript	0	0	0	1	0	0	0	0	0	0	0	0	0	0	0	1	0	0	0	0	0	0	0	0	0	0	0
SCRN1	ENSG00000136193	ENST00000631335	protein_coding	0	0	0	1	0	0	0	0	0	0	0	0	0	0	0	1	0	0	0	0	0	0	0	0	0	0	0
SDK1	ENSG00000146555	ENST00000389531	protein_coding	0	0	0	1	0	0	0	0	0	0	0	0	0	0	0	1	0	0	0	0	0	0	0	0	0	0	0
SDK1	ENSG00000146555	ENST00000404826	protein_coding	0	0	0	1	0	0	0	0	0	0	0	0	0	0	0	1	0	0	0	0	0	0	0	0	0	0	0
SDK1	ENSG00000146555	ENST00000476701	retained_intron	0	0	0	1	0	0	0	0	0	0	0	0	0	0	0	1	0	0	0	0	0	0	0	0	0	0	0
SDK1	ENSG00000146555	ENST00000615806	protein_coding	0	0	0	1	0	0	0	0	0	0	0	0	0	0	0	1	0	0	0	0	0	0	0	0	0	0	0
SDK2	ENSG00000069188	ENST00000392650	protein_coding	1	0	0	2	1	0	0	0	0	0	0	0	0	0	0	1	0	0	0	0	0	0	0	0	1	0	0
SDK2	ENSG00000069188	ENST00000410094	processed_transcript	0	0	0	1	0	0	0	0	0	0	0	0	1	0	0	0	0	0	0	0	0	0	0	0	0	0	0
SDK2	ENSG00000069188	ENST00000424778	protein_coding	1	0	0	1	0	0	0	0	0	0	0	0	1	0	0	0	0	0	0	0	0	0	0	0	1	0	0
SDK2	ENSG00000069188	ENST00000479356	retained_intron	0	0	0	1	0	0	0	0	0	0	0	0	0	0	0	0	0	1	0	0	0	0	0	0	0	0	0
SELENOT	ENSG00000198843	ENST00000466234	retained_intron	0	0	0	1	0	0	0	0	0	0	0	0	0	0	0	0	0	0	0	0	0	0	0	0	0	0	1
SELENOT	ENSG00000198843	ENST00000471696	protein_coding	0	1	0	0	0	0	0	0	0	0	0	0	0	0	0	0	0	0	0	0	0	0	0	0	0	1	0
SELENOT	ENSG00000198843	ENST00000477889	protein_coding	0	1	0	0	0	0	0	0	0	0	0	0	0	0	0	0	0	0	0	0	0	0	0	0	0	1	0
SELENOT	ENSG00000198843	ENST00000480740	protein_coding	0	1	0	0	0	0	0	0	0	0	0	0	0	0	0	0	0	0	0	0	0	0	0	0	0	1	0
SELENOT	ENSG00000198843	ENST00000485923	protein_coding	0	1	0	0	0	0	0	0	0	0	0	0	0	0	0	0	0	0	0	0	0	0	0	0	0	1	0
SELENOT	ENSG00000198843	ENST00000492132	nonsense_mediated_decay	0	0	0	2	1	0	0	0	0	0	0	0	0	0	0	0	0	1	0	0	0	0	0	0	0	0	0
SELENOT	ENSG00000198843	ENST00000615547	protein_coding	0	1	0	0	0	0	0	0	0	0	0	0	0	0	0	0	0	0	0	0	0	0	0	0	0	1	0
SEMA5B	ENSG00000082684	ENST00000195173	protein_coding	0	0	1	0	0	0	0	0	0	0	0	0	0	0	0	0	1	0	0	0	0	0	0	0	0	0	0
SEMA5B	ENSG00000082684	ENST00000357599	protein_coding	0	0	1	0	0	0	0	0	0	0	0	0	0	0	0	0	1	0	0	0	0	0	0	0	0	0	0
SEMA5B	ENSG00000082684	ENST00000393583	protein_coding	0	0	1	0	0	0	0	0	0	0	0	0	0	0	0	0	1	0	0	0	0	0	0	0	0	0	0
SEMA5B	ENSG00000082684	ENST00000451055	protein_coding	0	0	1	0	0	0	0	0	0	0	0	0	0	0	0	0	1	0	0	0	0	0	0	0	0	0	0
SEMA5B	ENSG00000082684	ENST00000475244	nonsense_mediated_decay	0	0	0	1	0	0	0	0	0	0	0	0	0	0	0	0	0	1	0	0	0	0	0	0	0	0	0
SEMA5B	ENSG00000082684	ENST00000616742	protein_coding	0	0	1	0	0	0	0	0	0	0	0	0	0	0	0	0	1	0	0	0	0	0	0	0	0	0	0
SEMA5B	ENSG00000082684	ENST00000648990	protein_coding	0	0	1	0	0	0	0	0	0	0	0	0	0	0	0	0	1	0	0	0	0	0	0	0	0	0	0
SEMA5B	ENSG00000082684	ENST00000649167	retained_intron	0	0	0	1	0	0	0	0	0	0	0	0	0	0	0	0	0	1	0	0	0	0	0	0	0	0	0
SEMA5B	ENSG00000082684	ENST00000650207	protein_coding	0	0	1	0	0	0	0	0	0	0	0	0	0	0	0	0	1	0	0	0	0	0	0	0	0	0	0
SENP7	ENSG00000138468	ENST00000314261	protein_coding	0	0	0	1	0	0	0	0	0	0	0	0	0	0	0	1	0	0	0	0	0	0	0	0	0	0	0
SENP7	ENSG00000138468	ENST00000348610	protein_coding	0	0	0	1	0	0	0	0	0	0	0	0	0	0	0	1	0	0	0	0	0	0	0	0	0	0	0
SENP7	ENSG00000138468	ENST00000394091	protein_coding	0	0	0	1	0	0	0	0	0	0	0	0	0	0	0	1	0	0	0	0	0	0	0	0	0	0	0
SENP7	ENSG00000138468	ENST00000394094	protein_coding	0	0	0	1	0	0	0	0	0	0	0	0	0	0	0	1	0	0	0	0	0	0	0	0	0	0	0
SENP7	ENSG00000138468	ENST00000394095	protein_coding	0	0	0	1	0	0	0	0	0	0	0	0	0	0	0	1	0	0	0	0	0	0	0	0	0	0	0
SEPTIN14P3	ENSG00000226008	ENST00000439401	unprocessed_pseudogene	0	0	0	2	0	0	0	0	0	0	0	0	0	0	0	0	0	0	0	0	0	0	0	0	0	0	2
SEPTIN7P3	ENSG00000226102	ENST00000455017	unprocessed_pseudogene	0	0	0	1	0	0	0	0	0	0	0	0	0	0	0	1	0	0	0	0	0	0	0	0	0	0	0
SERBP1P3	ENSG00000242142	ENST00000459980	processed_pseudogene	0	0	0	1	0	0	0	0	0	0	0	0	0	0	0	0	0	1	0	0	0	0	0	0	0	0	0
SETMAR	ENSG00000170364	ENST00000358065	protein_coding	0	0	2	0	0	0	0	0	0	0	0	0	0	0	0	0	2	0	0	0	0	0	0	0	0	0	0
SETMAR	ENSG00000170364	ENST00000358950	protein_coding	0	0	2	0	0	0	0	0	0	0	0	0	0	0	0	0	2	0	0	0	0	0	0	0	0	0	0
SETMAR	ENSG00000170364	ENST00000413809	nonsense_mediated_decay	0	0	0	4	2	0	0	0	0	0	0	0	0	0	0	0	0	2	0	0	0	0	0	0	0	0	0
SETMAR	ENSG00000170364	ENST00000425046	nonsense_mediated_decay	0	0	0	4	2	0	0	0	0	0	0	0	0	0	0	0	0	2	0	0	0	0	0	0	0	0	0
SETMAR	ENSG00000170364	ENST00000425863	protein_coding	0	0	2	0	0	0	0	0	0	0	0	0	0	0	0	0	2	0	0	0	0	0	0	0	0	0	0
SETMAR	ENSG00000170364	ENST00000430981	protein_coding	0	0	0	2	0	0	0	0	0	0	0	0	2	0	0	0	0	0	0	0	0	0	0	0	0	0	0
SETMAR	ENSG00000170364	ENST00000462115	processed_transcript	0	0	0	2	0	0	0	0	0	0	0	0	2	0	0	0	0	0	0	0	0	0	0	0	0	0	0
SETMAR	ENSG00000170364	ENST00000490691	processed_transcript	0	0	0	2	0	0	0	0	0	0	0	0	0	0	0	0	0	2	0	0	0	0	0	0	0	0	0
SFMBT2	ENSG00000198879	ENST00000361972	protein_coding	0	0	0	1	1	0	0	0	0	0	0	0	0	0	0	0	0	0	0	0	0	0	0	0	0	0	0
SFMBT2	ENSG00000198879	ENST00000397167	protein_coding	0	0	0	1	1	0	0	0	0	0	0	0	0	0	0	0	0	0	0	0	0	0	0	0	0	0	0
SFMBT2	ENSG00000198879	ENST00000673876	protein_coding	0	0	0	1	0	0	0	0	0	0	0	0	1	0	0	0	0	0	0	0	0	0	0	0	0	0	0
SGSM2	ENSG00000141258	ENST00000268989	protein_coding	0	0	0	1	0	0	0	0	0	0	0	0	0	0	0	1	0	0	0	0	0	0	0	0	0	0	0
SGSM2	ENSG00000141258	ENST00000426855	protein_coding	0	0	0	1	0	0	0	0	0	0	0	0	0	0	0	1	0	0	0	0	0	0	0	0	0	0	0
SGSM2	ENSG00000141258	ENST00000570431	protein_coding	0	0	0	1	0	0	0	0	0	0	0	0	0	0	0	1	0	0	0	0	0	0	0	0	0	0	0
SGSM2	ENSG00000141258	ENST00000572875	nonsense_mediated_decay	0	0	0	1	0	0	0	0	0	0	0	0	1	0	0	0	0	0	0	0	0	0	0	0	0	0	0
SGSM2	ENSG00000141258	ENST00000573062	nonsense_mediated_decay	0	0	0	1	0	0	0	0	0	0	0	0	0	0	0	1	0	0	0	0	0	0	0	0	0	0	0
SGSM2	ENSG00000141258	ENST00000574563	protein_coding	0	0	0	1	0	0	0	0	0	0	0	0	0	0	0	1	0	0	0	0	0	0	0	0	0	0	0
SGSM2	ENSG00000141258	ENST00000574650	protein_coding	0	0	0	1	0	0	0	0	0	0	0	0	1	0	0	0	0	0	0	0	0	0	0	0	0	0	0
SGSM2	ENSG00000141258	ENST00000574857	retained_intron	0	0	0	1	0	0	0	0	0	0	0	0	0	0	0	0	0	1	0	0	0	0	0	0	0	0	0
SGSM2	ENSG00000141258	ENST00000575367	retained_intron	0	0	0	1	0	0	0	0	0	0	0	0	0	0	0	0	0	0	0	0	0	0	0	0	0	0	1
SH2B2	ENSG00000160999	ENST00000536178	protein_coding	0	0	1	0	0	0	0	0	0	0	0	0	0	0	0	0	1	0	0	0	0	0	0	0	0	0	0
SH2B2	ENSG00000160999	ENST00000617975	nonsense_mediated_decay	0	0	0	1	0	0	0	0	0	0	0	0	1	0	0	0	0	0	0	0	0	0	0	0	0	0	0
SHLD2	ENSG00000122376	ENST00000298784	protein_coding	1	1	0	0	0	0	0	0	0	0	0	0	0	0	1	0	0	0	0	0	0	0	0	0	0	1	0
SHLD2	ENSG00000122376	ENST00000298786	protein_coding	1	1	0	0	0	0	0	0	0	0	0	0	0	0	1	0	0	0	0	0	0	0	0	0	0	1	0
SHLD2	ENSG00000122376	ENST00000437629	protein_coding	0	0	0	2	0	0	0	0	0	0	0	0	2	0	0	0	0	0	0	0	0	0	0	0	0	0	0
SLC10A2	ENSG00000125255	ENST00000245312	protein_coding	0	0	1	0	0	0	0	0	0	0	0	0	0	0	0	0	1	0	0	0	0	0	0	0	0	0	0
SLC13A5	ENSG00000141485	ENST00000293800	protein_coding	0	0	0	1	1	0	0	0	0	0	0	0	0	0	0	0	0	0	0	0	0	0	0	0	0	0	0
SLC13A5	ENSG00000141485	ENST00000381074	protein_coding	0	0	0	1	0	0	0	0	0	0	0	0	1	0	0	0	0	0	0	0	0	0	0	0	0	0	0
SLC13A5	ENSG00000141485	ENST00000433363	protein_coding	0	0	0	1	1	0	0	0	0	0	0	0	0	0	0	0	0	0	0	0	0	0	0	0	0	0	0
SLC13A5	ENSG00000141485	ENST00000570687	protein_coding	0	0	0	1	0	0	0	0	0	0	0	0	1	0	0	0	0	0	0	0	0	0	0	0	0	0	0
SLC13A5	ENSG00000141485	ENST00000573648	protein_coding	0	0	0	1	0	0	0	0	0	0	0	0	1	0	0	0	0	0	0	0	0	0	0	0	0	0	0
SLC13A5	ENSG00000141485	ENST00000574580	retained_intron	0	0	0	1	0	0	0	0	0	0	0	0	0	0	0	0	0	1	0	0	0	0	0	0	0	0	0
SLC16A3	ENSG00000141526	ENST00000392339	protein_coding	0	0	0	1	1	0	0	0	0	0	0	0	0	0	0	0	0	0	0	0	0	0	0	0	0	0	0
SLC16A3	ENSG00000141526	ENST00000392341	protein_coding	0	0	0	1	1	0	0	0	0	0	0	0	0	0	0	0	0	0	0	0	0	0	0	0	0	0	0
SLC16A3	ENSG00000141526	ENST00000577650	protein_coding	0	0	0	1	0	0	0	0	0	0	0	0	1	0	0	0	0	0	0	0	0	0	0	0	0	0	0
SLC16A3	ENSG00000141526	ENST00000578522	protein_coding	0	0	0	1	0	0	0	0	0	0	0	0	1	0	0	0	0	0	0	0	0	0	0	0	0	0	0
SLC16A3	ENSG00000141526	ENST00000578574	retained_intron	0	0	0	1	0	0	0	0	0	0	0	0	1	0	0	0	0	0	0	0	0	0	0	0	0	0	0
SLC16A3	ENSG00000141526	ENST00000578684	protein_coding	0	0	0	1	0	0	0	0	0	0	0	0	1	0	0	0	0	0	0	0	0	0	0	0	0	0	0
SLC16A3	ENSG00000141526	ENST00000578810	retained_intron	0	0	0	1	0	0	0	0	0	0	0	0	1	0	0	0	0	0	0	0	0	0	0	0	0	0	0
SLC16A3	ENSG00000141526	ENST00000579572	retained_intron	0	0	0	1	0	0	0	0	0	0	0	0	1	0	0	0	0	0	0	0	0	0	0	0	0	0	0
SLC16A3	ENSG00000141526	ENST00000580098	protein_coding	0	0	0	1	0	0	0	0	0	0	0	0	1	0	0	0	0	0	0	0	0	0	0	0	0	0	0
SLC16A3	ENSG00000141526	ENST00000580189	protein_coding	0	0	0	1	0	0	0	0	0	0	0	0	1	0	0	0	0	0	0	0	0	0	0	0	0	0	0
SLC16A3	ENSG00000141526	ENST00000581287	protein_coding	0	0	0	1	1	0	0	0	0	0	0	0	0	0	0	0	0	0	0	0	0	0	0	0	0	0	0
SLC16A3	ENSG00000141526	ENST00000581642	retained_intron	0	0	0	1	0	0	0	0	0	0	0	0	1	0	0	0	0	0	0	0	0	0	0	0	0	0	0
SLC16A3	ENSG00000141526	ENST00000582715	protein_coding	0	0	0	1	0	0	0	0	0	0	0	0	0	0	0	1	0	0	0	0	0	0	0	0	0	0	0
SLC16A3	ENSG00000141526	ENST00000582743	protein_coding	0	0	0	1	1	0	0	0	0	0	0	0	0	0	0	0	0	0	0	0	0	0	0	0	0	0	0
SLC16A3	ENSG00000141526	ENST00000582946	protein_coding	0	0	0	1	0	0	0	0	0	0	0	0	1	0	0	0	0	0	0	0	0	0	0	0	0	0	0
SLC16A3	ENSG00000141526	ENST00000583025	protein_coding	0	0	0	1	0	0	0	0	0	0	0	0	0	0	0	1	0	0	0	0	0	0	0	0	0	0	0
SLC16A3	ENSG00000141526	ENST00000583237	protein_coding	0	0	0	1	0	0	0	0	0	0	0	0	1	0	0	0	0	0	0	0	0	0	0	0	0	0	0
SLC16A3	ENSG00000141526	ENST00000584689	protein_coding	0	0	0	1	0	0	0	0	0	0	0	0	1	0	0	0	0	0	0	0	0	0	0	0	0	0	0
SLC16A3	ENSG00000141526	ENST00000584781	processed_transcript	0	0	0	1	0	0	0	0	0	0	0	0	1	0	0	0	0	0	0	0	0	0	0	0	0	0	0
SLC16A3	ENSG00000141526	ENST00000617373	protein_coding	0	0	0	1	1	0	0	0	0	0	0	0	0	0	0	0	0	0	0	0	0	0	0	0	0	0	0
SLC16A3	ENSG00000141526	ENST00000619321	protein_coding	0	0	0	1	1	0	0	0	0	0	0	0	0	0	0	0	0	0	0	0	0	0	0	0	0	0	0
SLC25A30	ENSG00000174032	ENST00000310862	nonsense_mediated_decay	0	0	0	2	1	0	0	0	0	0	0	0	0	0	0	0	0	1	0	0	0	0	0	0	0	0	0
SLC25A30	ENSG00000174032	ENST00000463262	nonsense_mediated_decay	0	0	0	1	0	0	0	0	0	0	0	0	1	0	0	0	0	0	0	0	0	0	0	0	0	0	0
SLC25A30	ENSG00000174032	ENST00000519547	protein_coding	0	0	0	1	0	0	0	0	0	0	0	0	1	0	0	0	0	0	0	0	0	0	0	0	0	0	0
SLC25A30	ENSG00000174032	ENST00000519676	protein_coding	0	0	1	0	0	0	0	0	0	0	0	0	0	0	0	0	1	0	0	0	0	0	0	0	0	0	0
SLC25A30	ENSG00000174032	ENST00000522438	protein_coding	0	0	0	1	0	0	0	0	0	0	0	0	1	0	0	0	0	0	0	0	0	0	0	0	0	0	0
SLC25A30	ENSG00000174032	ENST00000523988	retained_intron	0	0	0	1	0	0	0	0	0	0	0	0	0	0	0	0	0	1	0	0	0	0	0	0	0	0	0
SLC25A30	ENSG00000174032	ENST00000539591	protein_coding	0	0	1	0	0	0	0	0	0	0	0	0	0	0	0	0	1	0	0	0	0	0	0	0	0	0	0
SLC25A30	ENSG00000174032	ENST00000618165	protein_coding	0	0	1	0	0	0	0	0	0	0	0	0	0	0	0	0	1	0	0	0	0	0	0	0	0	0	0
SLC26A3	ENSG00000091138	ENST00000340010	protein_coding	0	0	1	0	0	0	0	0	0	0	0	0	0	0	0	0	1	0	0	0	0	0	0	0	0	0	0
SLC26A3	ENSG00000091138	ENST00000379083	nonsense_mediated_decay	0	0	0	1	0	0	0	0	0	0	0	0	0	0	0	1	0	0	0	0	0	0	0	0	0	0	0
SLC26A3	ENSG00000091138	ENST00000469651	retained_intron	0	0	0	1	0	0	0	0	0	0	0	0	1	0	0	0	0	0	0	0	0	0	0	0	0	0	0
SLC29A4	ENSG00000164638	ENST00000297195	protein_coding	0	0	0	1	0	0	0	0	0	0	0	0	1	0	0	0	0	0	0	0	0	0	0	0	0	0	0
SLC29A4	ENSG00000164638	ENST00000396872	protein_coding	0	0	0	1	0	0	0	0	0	0	0	0	1	0	0	0	0	0	0	0	0	0	0	0	0	0	0
SLC29A4	ENSG00000164638	ENST00000406453	protein_coding	0	0	0	1	0	0	0	0	0	0	0	0	1	0	0	0	0	0	0	0	0	0	0	0	0	0	0
SLC29A4	ENSG00000164638	ENST00000439491	processed_transcript	0	0	0	1	0	0	0	0	0	0	0	0	1	0	0	0	0	0	0	0	0	0	0	0	0	0	0
SLC35G1	ENSG00000176273	ENST00000494992	nonsense_mediated_decay	0	0	0	1	0	0	0	0	0	0	0	0	1	0	0	0	0	0	0	0	0	0	0	0	0	0	0
SLC35G6	ENSG00000259224	ENST00000412468	protein_coding	0	0	0	2	0	0	0	2	0	0	0	0	0	0	0	0	0	0	0	0	0	0	0	0	0	0	0
SLC4A8	ENSG00000050438	ENST00000319957	retained_intron	0	0	0	1	0	0	0	0	0	0	0	0	0	0	0	0	0	1	0	0	0	0	0	0	0	0	0
SLC4A8	ENSG00000050438	ENST00000358657	protein_coding	0	1	0	0	0	0	0	0	0	0	0	0	0	0	0	0	0	0	0	0	0	0	0	0	0	1	0
SLC4A8	ENSG00000050438	ENST00000453097	protein_coding	0	1	0	0	0	0	0	0	0	0	0	0	0	0	0	0	0	0	0	0	0	0	0	0	0	1	0
SLC4A8	ENSG00000050438	ENST00000546872	retained_intron	0	0	0	1	0	0	0	0	0	0	0	0	0	0	0	0	0	1	0	0	0	0	0	0	0	0	0
SLC4A8	ENSG00000050438	ENST00000548616	retained_intron	0	0	0	1	0	0	0	0	0	0	0	0	1	0	0	0	0	0	0	0	0	0	0	0	0	0	0
SLC4A8	ENSG00000050438	ENST00000551071	retained_intron	0	0	0	1	0	0	0	0	0	0	0	0	0	0	0	0	0	1	0	0	0	0	0	0	0	0	0
SLC4A8	ENSG00000050438	ENST00000604314	retained_intron	0	0	0	1	0	0	0	0	0	0	0	0	0	0	0	0	0	1	0	0	0	0	0	0	0	0	0
SLC9A3R1	ENSG00000109062	ENST00000262613	protein_coding	0	1	0	2	0	1	0	1	0	0	0	0	1	0	0	0	0	0	0	0	0	0	0	0	0	0	0
SLC9A3R1	ENSG00000109062	ENST00000413388	protein_coding	0	0	0	1	0	0	0	0	0	0	0	0	1	0	0	0	0	0	0	0	0	0	0	0	0	0	0
SLC9A3R1	ENSG00000109062	ENST00000578958	retained_intron	0	0	0	1	0	0	0	0	0	0	0	0	1	0	0	0	0	0	0	0	0	0	0	0	0	0	0
SLC9A3R1	ENSG00000109062	ENST00000581356	nonsense_mediated_decay	0	0	0	1	0	0	0	0	0	0	0	0	1	0	0	0	0	0	0	0	0	0	0	0	0	0	0
SLC9A3R1	ENSG00000109062	ENST00000583369	protein_coding	0	1	0	2	0	1	0	1	0	0	0	0	1	0	0	0	0	0	0	0	0	0	0	0	0	0	0
SLFN12L	ENSG00000205045	ENST00000260908	protein_coding	0	0	0	1	0	0	0	0	0	0	0	0	0	0	0	0	0	0	0	0	0	0	0	0	0	0	1
SLFN12L	ENSG00000205045	ENST00000361112	protein_coding	0	0	0	3	0	0	0	0	0	0	0	0	0	0	0	2	0	0	0	0	0	0	0	0	0	0	1
SLFN12L	ENSG00000205045	ENST00000628453	protein_coding	0	0	0	1	0	0	0	0	0	0	0	0	0	0	0	0	0	0	0	0	0	0	0	0	0	0	1
SLFN13	ENSG00000154760	ENST00000285013	protein_coding	0	1	0	1	0	1	0	1	0	0	0	0	0	0	0	0	0	0	0	0	0	0	0	0	0	0	0
SLFN13	ENSG00000154760	ENST00000524511	protein_coding	0	1	0	1	0	1	0	1	0	0	0	0	0	0	0	0	0	0	0	0	0	0	0	0	0	0	0
SLFN13	ENSG00000154760	ENST00000526483	retained_intron	0	0	0	1	0	0	0	0	0	0	0	0	0	0	0	0	0	1	0	0	0	0	0	0	0	0	0
SLFN13	ENSG00000154760	ENST00000526861	protein_coding	0	1	0	1	0	1	0	1	0	0	0	0	0	0	0	0	0	0	0	0	0	0	0	0	0	0	0
SLFN13	ENSG00000154760	ENST00000530782	nonsense_mediated_decay	0	1	0	2	0	1	0	1	0	0	0	0	0	0	0	0	0	1	0	0	0	0	0	0	0	0	0
SLFN13	ENSG00000154760	ENST00000531588	protein_coding	0	1	0	1	0	1	0	1	0	0	0	0	0	0	0	0	0	0	0	0	0	0	0	0	0	0	0
SLFN13	ENSG00000154760	ENST00000532210	protein_coding	0	1	0	1	0	1	0	1	0	0	0	0	0	0	0	0	0	0	0	0	0	0	0	0	0	0	0
SLFN13	ENSG00000154760	ENST00000532774	retained_intron	0	0	0	1	0	0	0	0	0	0	0	0	0	0	0	0	0	0	0	0	0	0	0	0	0	0	1
SLFN13	ENSG00000154760	ENST00000533791	protein_coding	0	0	0	1	0	0	0	0	0	0	0	0	0	0	0	0	0	0	0	0	0	0	0	0	0	0	1
SLFN13	ENSG00000154760	ENST00000534689	protein_coding	0	1	0	1	0	1	0	1	0	0	0	0	0	0	0	0	0	0	0	0	0	0	0	0	0	0	0
SLFN13	ENSG00000154760	ENST00000542635	protein_coding	0	1	0	1	0	1	0	1	0	0	0	0	0	0	0	0	0	0	0	0	0	0	0	0	0	0	0
SLMAP	ENSG00000163681	ENST00000295951	protein_coding	0	0	0	2	0	0	0	0	0	0	0	0	0	0	0	2	0	0	0	0	0	0	0	0	0	0	0
SLMAP	ENSG00000163681	ENST00000295952	protein_coding	0	0	0	2	0	0	0	0	0	0	0	0	0	0	0	2	0	0	0	0	0	0	0	0	0	0	0
SLMAP	ENSG00000163681	ENST00000383718	protein_coding	0	0	0	2	2	0	0	0	0	0	0	0	0	0	0	0	0	0	0	0	0	0	0	0	0	0	0
SLMAP	ENSG00000163681	ENST00000416658	protein_coding	0	0	0	2	0	0	0	0	0	0	0	0	0	0	0	2	0	0	0	0	0	0	0	0	0	0	0
SLMAP	ENSG00000163681	ENST00000417128	protein_coding	0	0	0	2	0	0	0	0	0	0	0	0	0	0	0	2	0	0	0	0	0	0	0	0	0	0	0
SLMAP	ENSG00000163681	ENST00000428312	protein_coding	0	0	0	2	0	0	0	0	0	0	0	0	0	0	0	2	0	0	0	0	0	0	0	0	0	0	0
SLMAP	ENSG00000163681	ENST00000438794	protein_coding	0	0	0	2	0	0	0	0	0	0	0	0	0	0	0	2	0	0	0	0	0	0	0	0	0	0	0
SLMAP	ENSG00000163681	ENST00000449503	protein_coding	0	0	0	2	0	0	0	0	0	0	0	0	0	0	0	2	0	0	0	0	0	0	0	0	0	0	0
SLMAP	ENSG00000163681	ENST00000459654	retained_intron	0	0	0	2	0	0	0	0	0	0	0	0	0	0	0	2	0	0	0	0	0	0	0	0	0	0	0
SLMAP	ENSG00000163681	ENST00000461354	retained_intron	0	0	0	2	0	0	0	0	0	0	0	0	0	0	0	2	0	0	0	0	0	0	0	0	0	0	0
SLMAP	ENSG00000163681	ENST00000465203	protein_coding	0	0	0	2	0	0	0	0	0	0	0	0	2	0	0	0	0	0	0	0	0	0	0	0	0	0	0
SLMAP	ENSG00000163681	ENST00000466255	retained_intron	0	0	0	2	0	0	0	0	0	0	0	0	0	0	0	2	0	0	0	0	0	0	0	0	0	0	0
SLMAP	ENSG00000163681	ENST00000472546	retained_intron	0	0	0	2	0	0	0	0	0	0	0	0	0	0	0	2	0	0	0	0	0	0	0	0	0	0	0
SLMAP	ENSG00000163681	ENST00000475055	protein_coding	0	0	0	2	0	0	0	0	0	0	0	0	2	0	0	0	0	0	0	0	0	0	0	0	0	0	0
SLMAP	ENSG00000163681	ENST00000494088	protein_coding	0	0	0	2	0	0	0	0	0	0	0	0	0	0	0	2	0	0	0	0	0	0	0	0	0	0	0
SLMAP	ENSG00000163681	ENST00000495364	protein_coding	0	0	0	2	0	0	0	0	0	0	0	0	0	0	0	2	0	0	0	0	0	0	0	0	0	0	0
SLMAP	ENSG00000163681	ENST00000657480	nonsense_mediated_decay	0	0	0	2	0	0	0	0	0	0	0	0	0	0	0	2	0	0	0	0	0	0	0	0	0	0	0
SLMAP	ENSG00000163681	ENST00000658689	nonsense_mediated_decay	0	0	0	2	0	0	0	0	0	0	0	0	0	0	0	2	0	0	0	0	0	0	0	0	0	0	0
SLMAP	ENSG00000163681	ENST00000659705	protein_coding	0	0	0	2	0	0	0	0	0	0	0	0	0	0	0	2	0	0	0	0	0	0	0	0	0	0	0
SLMAP	ENSG00000163681	ENST00000659926	nonsense_mediated_decay	0	0	0	2	0	0	0	0	0	0	0	0	0	0	0	2	0	0	0	0	0	0	0	0	0	0	0
SLMAP	ENSG00000163681	ENST00000662629	nonsense_mediated_decay	0	0	0	2	0	0	0	0	0	0	0	0	0	0	0	2	0	0	0	0	0	0	0	0	0	0	0
SLMAP	ENSG00000163681	ENST00000664084	nonsense_mediated_decay	0	0	0	2	0	0	0	0	0	0	0	0	0	0	0	2	0	0	0	0	0	0	0	0	0	0	0
SLMAP	ENSG00000163681	ENST00000667800	nonsense_mediated_decay	0	0	0	2	0	0	0	0	0	0	0	0	0	0	0	2	0	0	0	0	0	0	0	0	0	0	0
SLMAP	ENSG00000163681	ENST00000670768	protein_coding	0	0	0	2	0	0	0	0	0	0	0	0	0	0	0	2	0	0	0	0	0	0	0	0	0	0	0
SLMAP	ENSG00000163681	ENST00000671191	protein_coding	0	0	0	2	0	0	0	0	0	0	0	0	0	0	0	2	0	0	0	0	0	0	0	0	0	0	0
SMAD9	ENSG00000120693	ENST00000350148	protein_coding	0	0	0	2	0	0	0	0	0	0	0	0	0	0	0	2	0	0	0	0	0	0	0	0	0	0	0
SMAD9	ENSG00000120693	ENST00000379826	protein_coding	0	0	0	2	0	0	0	0	0	0	0	0	0	0	0	2	0	0	0	0	0	0	0	0	0	0	0
SMAD9	ENSG00000120693	ENST00000399275	protein_coding	0	0	0	2	0	0	0	0	0	0	0	0	0	0	0	2	0	0	0	0	0	0	0	0	0	0	0
SMIM41	ENSG00000284791	ENST00000546390	protein_coding	0	0	0	2	2	0	0	0	0	0	0	0	0	0	0	0	0	0	0	0	0	0	0	0	0	0	0
SMPD4P2	ENSG00000229147	ENST00000440167	unprocessed_pseudogene	0	0	0	1	0	0	0	0	0	0	0	0	0	0	0	1	0	0	0	0	0	0	0	0	0	0	0
SNHG16	ENSG00000163597	ENST00000448136		0	0	0	1	0	0	0	0	0	0	0	0	1	0	0	0	0	0	0	0	0	0	0	0	0	0	0
SNHG16	ENSG00000163597	ENST00000493536		0	0	0	1	0	0	0	0	0	0	0	0	1	0	0	0	0	0	0	0	0	0	0	0	0	0	0
SNHG16	ENSG00000163597	ENST00000586846		0	0	0	1	0	0	0	0	0	0	0	0	1	0	0	0	0	0	0	0	0	0	0	0	0	0	0
SNHG16	ENSG00000163597	ENST00000586942		0	0	0	1	0	0	0	0	0	0	0	0	1	0	0	0	0	0	0	0	0	0	0	0	0	0	0
SNHG16	ENSG00000163597	ENST00000587838		0	0	0	1	0	0	0	0	0	0	0	0	1	0	0	0	0	0	0	0	0	0	0	0	0	0	0
SNHG16	ENSG00000163597	ENST00000590435		0	0	0	1	0	0	0	0	0	0	0	0	1	0	0	0	0	0	0	0	0	0	0	0	0	0	0
SNHG16	ENSG00000163597	ENST00000591956		0	0	0	1	0	0	0	0	0	0	0	0	1	0	0	0	0	0	0	0	0	0	0	0	0	0	0
SNHG16	ENSG00000163597	ENST00000653677		0	0	0	1	0	0	0	0	0	0	0	0	1	0	0	0	0	0	0	0	0	0	0	0	0	0	0
SNHG16	ENSG00000163597	ENST00000661348		0	0	0	1	0	0	0	0	0	0	0	0	1	0	0	0	0	0	0	0	0	0	0	0	0	0	0
SNHG16	ENSG00000163597	ENST00000667091		0	0	0	1	0	0	0	0	0	0	0	0	1	0	0	0	0	0	0	0	0	0	0	0	0	0	0
SNHG16	ENSG00000163597	ENST00000668511		0	0	0	1	0	0	0	0	0	0	0	0	1	0	0	0	0	0	0	0	0	0	0	0	0	0	0
SNHG16	ENSG00000163597	ENST00000670737		0	0	0	1	0	0	0	0	0	0	0	0	1	0	0	0	0	0	0	0	0	0	0	0	0	0	0
SNORA38B	ENSG00000200394	ENST00000363524	snoRNA	0	0	0	2	0	0	0	0	0	0	0	0	0	0	0	0	0	0	0	0	0	0	0	0	0	0	2
SNORA70G	ENSG00000206650	ENST00000383923	snoRNA	0	0	0	1	0	0	0	0	0	0	0	0	1	0	0	0	0	0	0	0	0	0	0	0	0	0	0
SNORD1A	ENSG00000278261	ENST00000364968	snoRNA	0	0	0	1	0	0	0	0	0	0	0	0	1	0	0	0	0	0	0	0	0	0	0	0	0	0	0
SNORD1B	ENSG00000199961	ENST00000363091	snoRNA	0	0	0	1	0	0	0	0	0	0	0	0	1	0	0	0	0	0	0	0	0	0	0	0	0	0	0
SNRK	ENSG00000163788	ENST00000296088	protein_coding	0	0	0	1	1	0	0	0	0	0	0	0	0	0	0	0	0	0	0	0	0	0	0	0	0	0	0
SNRK	ENSG00000163788	ENST00000429705	protein_coding	0	0	0	1	1	0	0	0	0	0	0	0	0	0	0	0	0	0	0	0	0	0	0	0	0	0	0
SNRK	ENSG00000163788	ENST00000437827	protein_coding	0	0	0	1	0	0	0	0	0	0	0	0	1	0	0	0	0	0	0	0	0	0	0	0	0	0	0
SNRK	ENSG00000163788	ENST00000454177	protein_coding	0	0	0	1	0	0	0	0	0	0	0	0	1	0	0	0	0	0	0	0	0	0	0	0	0	0	0
SNRK	ENSG00000163788	ENST00000468628	processed_transcript	0	0	0	1	0	0	0	0	0	0	0	0	0	0	0	1	0	0	0	0	0	0	0	0	0	0	0
SNRK	ENSG00000163788	ENST00000481892	retained_intron	0	0	0	1	0	0	0	0	0	0	0	0	1	0	0	0	0	0	0	0	0	0	0	0	0	0	0
SNRK-AS1	ENSG00000234617	ENST00000422681		0	0	0	1	0	0	0	0	0	0	0	0	1	0	0	0	0	0	0	0	0	0	0	0	0	0	0
SNRK-AS1	ENSG00000234617	ENST00000607513		0	0	0	1	0	0	0	0	0	0	0	0	0	0	0	1	0	0	0	0	0	0	0	0	0	0	0
SOX15	ENSG00000129194	ENST00000250055	protein_coding	0	0	1	0	0	0	0	0	0	0	0	0	0	0	0	0	1	0	0	0	0	0	0	0	0	0	0
SOX15	ENSG00000129194	ENST00000538513	protein_coding	0	0	1	0	0	0	0	0	0	0	0	0	0	0	0	0	1	0	0	0	0	0	0	0	0	0	0
SOX15	ENSG00000129194	ENST00000570788	protein_coding	0	0	0	1	0	0	0	0	0	0	0	0	1	0	0	0	0	0	0	0	0	0	0	0	0	0	0
SOX9	ENSG00000125398	ENST00000245479	protein_coding	0	0	1	0	0	0	0	0	0	0	0	0	0	0	0	0	1	0	0	0	0	0	0	0	0	0	0
SOX9-AS1	ENSG00000234899	ENST00000414600		0	0	0	1	0	0	0	0	0	0	0	0	0	0	0	1	0	0	0	0	0	0	0	0	0	0	0
SOX9-AS1	ENSG00000234899	ENST00000440093		0	0	0	1	0	0	0	0	0	0	0	0	0	0	0	0	0	0	0	0	0	0	0	0	0	0	1
SOX9-AS1	ENSG00000234899	ENST00000529667		0	0	0	1	0	0	0	0	0	0	0	0	0	0	0	0	0	0	0	0	0	0	0	0	0	0	1
SOX9-AS1	ENSG00000234899	ENST00000533179		0	0	0	1	0	0	0	0	0	0	0	0	0	0	0	0	0	0	0	0	0	0	0	0	0	0	1
SOX9-AS1	ENSG00000234899	ENST00000533232	retained_intron	0	0	0	1	0	0	0	0	0	0	0	0	0	0	0	0	0	0	0	0	0	0	0	0	0	0	1
SOX9-AS1	ENSG00000234899	ENST00000628742		0	0	0	1	0	0	0	0	0	0	0	0	0	0	0	1	0	0	0	0	0	0	0	0	0	0	0
SOX9-AS1	ENSG00000234899	ENST00000655414		0	0	0	1	0	0	0	0	0	0	0	0	0	0	0	0	0	0	0	0	0	0	0	0	0	0	1
SOX9-AS1	ENSG00000234899	ENST00000655689		0	0	0	1	0	0	0	0	0	0	0	0	0	0	0	0	0	0	0	0	0	0	0	0	0	0	1
SOX9-AS1	ENSG00000234899	ENST00000656124		0	0	0	1	0	0	0	0	0	0	0	0	0	0	0	0	0	0	0	0	0	0	0	0	0	0	1
SOX9-AS1	ENSG00000234899	ENST00000656392		0	0	0	1	0	0	0	0	0	0	0	0	0	0	0	0	0	0	0	0	0	0	0	0	0	0	1
SOX9-AS1	ENSG00000234899	ENST00000657467		0	0	0	1	0	0	0	0	0	0	0	0	0	0	0	0	0	0	0	0	0	0	0	0	0	0	1
SOX9-AS1	ENSG00000234899	ENST00000659146		0	0	0	1	0	0	0	0	0	0	0	0	0	0	0	0	0	0	0	0	0	0	0	0	0	0	1
SOX9-AS1	ENSG00000234899	ENST00000659228		0	0	0	1	0	0	0	0	0	0	0	0	0	0	0	0	0	0	0	0	0	0	0	0	0	0	1
SOX9-AS1	ENSG00000234899	ENST00000659599		0	0	0	1	0	0	0	0	0	0	0	0	0	0	0	0	0	0	0	0	0	0	0	0	0	0	1
SOX9-AS1	ENSG00000234899	ENST00000662263		0	0	0	1	0	0	0	0	0	0	0	0	0	0	0	0	0	0	0	0	0	0	0	0	0	0	1
SOX9-AS1	ENSG00000234899	ENST00000662298		0	0	0	1	0	0	0	0	0	0	0	0	0	0	0	0	0	0	0	0	0	0	0	0	0	0	1
SOX9-AS1	ENSG00000234899	ENST00000663438		0	0	0	1	0	0	0	0	0	0	0	0	0	0	0	0	0	0	0	0	0	0	0	0	0	0	1
SOX9-AS1	ENSG00000234899	ENST00000668782		0	0	0	1	0	0	0	0	0	0	0	0	0	0	0	0	0	0	0	0	0	0	0	0	0	0	1
SOX9-AS1	ENSG00000234899	ENST00000668847		0	0	0	1	0	0	0	0	0	0	0	0	0	0	0	0	0	0	0	0	0	0	0	0	0	0	1
SOX9-AS1	ENSG00000234899	ENST00000668902		0	0	0	1	0	0	0	0	0	0	0	0	0	0	0	0	0	0	0	0	0	0	0	0	0	0	1
SOX9-AS1	ENSG00000234899	ENST00000670181		0	0	0	1	0	0	0	0	0	0	0	0	0	0	0	0	0	0	0	0	0	0	0	0	0	0	1
SOX9-AS1	ENSG00000234899	ENST00000671151		0	0	0	1	0	0	0	0	0	0	0	0	0	0	0	0	0	0	0	0	0	0	0	0	0	0	1
SPATS2	ENSG00000123352	ENST00000321898	protein_coding	0	0	1	0	0	0	0	0	0	0	0	0	0	0	0	0	1	0	0	0	0	0	0	0	0	0	0
SPATS2	ENSG00000123352	ENST00000547003	processed_transcript	0	0	0	1	0	0	0	0	0	0	0	0	1	0	0	0	0	0	0	0	0	0	0	0	0	0	0
SPATS2	ENSG00000123352	ENST00000548727	retained_intron	0	0	0	1	0	0	0	0	0	0	0	0	1	0	0	0	0	0	0	0	0	0	0	0	0	0	0
SPATS2	ENSG00000123352	ENST00000549412	nonsense_mediated_decay	0	0	0	2	1	0	0	0	0	0	0	0	0	0	0	0	0	1	0	0	0	0	0	0	0	0	0
SPATS2	ENSG00000123352	ENST00000552918	protein_coding	0	0	1	0	0	0	0	0	0	0	0	0	0	0	0	0	1	0	0	0	0	0	0	0	0	0	0
SPATS2	ENSG00000123352	ENST00000553127	protein_coding	0	0	1	0	0	0	0	0	0	0	0	0	0	0	0	0	1	0	0	0	0	0	0	0	0	0	0
SPEM1	ENSG00000181323	ENST00000323675	protein_coding	0	0	0	1	0	0	0	0	0	0	0	0	1	0	0	0	0	0	0	0	0	0	0	0	0	0	0
SPEM2	ENSG00000184560	ENST00000333870	protein_coding	0	0	1	1	1	0	0	0	0	0	0	0	0	0	0	0	1	0	0	0	0	0	0	0	0	0	0
SPEM2	ENSG00000184560	ENST00000574034	protein_coding	0	1	0	1	1	0	0	0	0	0	0	0	0	0	0	0	0	0	0	0	0	0	0	0	0	1	0
SPEM3	ENSG00000283439	ENST00000636696	protein_coding	0	0	0	2	0	0	0	0	0	0	0	0	0	0	0	0	0	0	0	0	0	0	0	0	0	0	2
SPEM3	ENSG00000283439	ENST00000651079	protein_coding	0	0	0	2	0	0	0	0	0	0	0	0	0	0	0	0	0	0	0	0	0	0	0	0	0	0	2
SPPL2C	ENSG00000185294	ENST00000329196	protein_coding	0	1	0	0	0	0	0	0	0	0	0	0	0	0	0	0	0	0	0	0	0	0	0	0	0	1	0
SPPL3	ENSG00000157837	ENST00000353487	protein_coding	0	0	0	1	0	0	0	0	0	0	0	0	0	0	0	1	0	0	0	0	0	0	0	0	0	0	0
SPPL3	ENSG00000157837	ENST00000534966	retained_intron	0	0	0	1	0	0	0	0	0	0	0	0	0	0	0	1	0	0	0	0	0	0	0	0	0	0	0
SPPL3	ENSG00000157837	ENST00000536996	protein_coding	0	0	0	1	0	0	0	0	0	0	0	0	0	0	0	1	0	0	0	0	0	0	0	0	0	0	0
SPPL3	ENSG00000157837	ENST00000540091	protein_coding	0	0	0	1	0	0	0	0	0	0	0	0	0	0	0	1	0	0	0	0	0	0	0	0	0	0	0
SPPL3	ENSG00000157837	ENST00000543181	protein_coding	0	0	0	1	0	0	0	0	0	0	0	0	0	0	0	1	0	0	0	0	0	0	0	0	0	0	0
SPPL3	ENSG00000157837	ENST00000543608	protein_coding	0	0	0	1	0	0	0	0	0	0	0	0	0	0	0	1	0	0	0	0	0	0	0	0	0	0	0
SPPL3	ENSG00000157837	ENST00000543854	protein_coding	0	0	0	1	0	0	0	0	0	0	0	0	0	0	0	1	0	0	0	0	0	0	0	0	0	0	0
SPSB2	ENSG00000111671	ENST00000519357	protein_coding	0	0	0	1	0	0	0	0	0	0	0	0	1	0	0	0	0	0	0	0	0	0	0	0	0	0	0
SPSB2	ENSG00000111671	ENST00000523102	protein_coding	0	0	0	1	0	0	0	0	0	0	0	0	1	0	0	0	0	0	0	0	0	0	0	0	0	0	0
SPSB2	ENSG00000111671	ENST00000524270	protein_coding	0	0	0	1	0	0	0	0	0	0	0	0	1	0	0	0	0	0	0	0	0	0	0	0	0	0	0
SRGAP1	ENSG00000196935	ENST00000355086	protein_coding	0	0	0	1	0	0	0	0	0	0	0	0	0	0	0	1	0	0	0	0	0	0	0	0	0	0	0
SRGAP1	ENSG00000196935	ENST00000542841	retained_intron	0	0	0	1	0	0	0	0	0	0	0	0	0	0	0	1	0	0	0	0	0	0	0	0	0	0	0
SRGAP1	ENSG00000196935	ENST00000543397	protein_coding	0	0	0	1	0	0	0	0	0	0	0	0	0	0	0	1	0	0	0	0	0	0	0	0	0	0	0
SRGAP1	ENSG00000196935	ENST00000631006	protein_coding	0	0	0	1	0	0	0	0	0	0	0	0	0	0	0	1	0	0	0	0	0	0	0	0	0	0	0
ST3GAL6	ENSG00000064225	ENST00000491912	processed_transcript	0	0	0	2	0	0	0	0	0	0	0	0	2	0	0	0	0	0	0	0	0	0	0	0	0	0	0
ST3GAL6	ENSG00000064225	ENST00000495502	processed_transcript	0	0	0	2	0	0	0	0	0	0	0	0	2	0	0	0	0	0	0	0	0	0	0	0	0	0	0
ST6GALNAC2	ENSG00000070731	ENST00000225276	protein_coding	0	0	0	1	1	0	0	0	0	0	0	0	0	0	0	0	0	0	0	0	0	0	0	0	0	0	0
ST6GALNAC2	ENSG00000070731	ENST00000585390	nonsense_mediated_decay	0	0	0	1	0	0	0	0	0	0	0	0	1	0	0	0	0	0	0	0	0	0	0	0	0	0	0
ST6GALNAC2	ENSG00000070731	ENST00000588120	nonsense_mediated_decay	0	0	0	1	0	0	0	0	0	0	0	0	1	0	0	0	0	0	0	0	0	0	0	0	0	0	0
ST6GALNAC2	ENSG00000070731	ENST00000588920	protein_coding	0	0	0	1	0	0	0	0	0	0	0	0	1	0	0	0	0	0	0	0	0	0	0	0	0	0	0
ST6GALNAC2	ENSG00000070731	ENST00000592979	retained_intron	0	0	0	1	0	0	0	0	0	0	0	0	1	0	0	0	0	0	0	0	0	0	0	0	0	0	0
STAB1	ENSG00000010327	ENST00000321725	protein_coding	0	0	1	1	0	0	0	0	0	0	0	0	0	0	0	1	1	0	0	0	0	0	0	0	0	0	0
STAB1	ENSG00000010327	ENST00000461325	retained_intron	0	0	0	2	0	0	0	0	0	0	0	0	0	0	0	0	0	1	0	0	0	0	0	0	0	0	1
STAB1	ENSG00000010327	ENST00000462681	retained_intron	0	0	0	1	0	0	0	0	0	0	0	0	0	0	0	0	0	0	0	0	0	0	0	0	0	0	1
STAB1	ENSG00000010327	ENST00000462741	retained_intron	0	0	0	1	0	0	0	0	0	0	0	0	0	0	0	0	0	0	0	0	0	0	0	0	0	0	1
STAB1	ENSG00000010327	ENST00000481607	retained_intron	0	0	0	1	0	0	0	0	0	0	0	0	1	0	0	0	0	0	0	0	0	0	0	0	0	0	0
STAB1	ENSG00000010327	ENST00000481626	retained_intron	0	0	0	1	0	0	0	0	0	0	0	0	0	0	0	0	0	0	0	0	0	0	0	0	0	0	1
STAB1	ENSG00000010327	ENST00000484850	retained_intron	0	0	0	1	0	0	0	0	0	0	0	0	1	0	0	0	0	0	0	0	0	0	0	0	0	0	0
STAB2	ENSG00000136011	ENST00000388887	protein_coding	0	0	0	1	0	0	0	0	0	0	0	0	0	0	0	1	0	0	0	0	0	0	0	0	0	0	0
STAB2	ENSG00000136011	ENST00000549798	retained_intron	0	0	0	1	0	0	0	0	0	0	0	0	1	0	0	0	0	0	0	0	0	0	0	0	0	0	0
STAG3	ENSG00000066923	ENST00000317296	protein_coding	0	0	0	1	0	0	0	0	0	0	0	0	0	0	0	1	0	0	0	0	0	0	0	0	0	0	0
STAG3	ENSG00000066923	ENST00000394018	protein_coding	0	0	0	1	0	0	0	0	0	0	0	0	0	0	0	1	0	0	0	0	0	0	0	0	0	0	0
STAG3	ENSG00000066923	ENST00000416412	protein_coding	0	0	0	1	0	0	0	0	0	0	0	0	1	0	0	0	0	0	0	0	0	0	0	0	0	0	0
STAG3	ENSG00000066923	ENST00000426455	protein_coding	0	0	0	1	0	0	0	0	0	0	0	0	0	0	0	1	0	0	0	0	0	0	0	0	0	0	0
STAG3	ENSG00000066923	ENST00000439782	protein_coding	0	0	0	1	0	0	0	0	0	0	0	0	0	0	0	1	0	0	0	0	0	0	0	0	0	0	0
STAG3	ENSG00000066923	ENST00000459699	processed_transcript	0	0	0	1	0	0	0	0	0	0	0	0	0	0	0	1	0	0	0	0	0	0	0	0	0	0	0
STAG3	ENSG00000066923	ENST00000496157	retained_intron	0	0	0	1	0	0	0	0	0	0	0	0	0	0	0	0	0	1	0	0	0	0	0	0	0	0	0
STAG3	ENSG00000066923	ENST00000615138	protein_coding	0	0	0	1	0	0	0	0	0	0	0	0	0	0	0	1	0	0	0	0	0	0	0	0	0	0	0
STAG3	ENSG00000066923	ENST00000620100	protein_coding	0	0	0	1	0	0	0	0	0	0	0	0	0	0	0	1	0	0	0	0	0	0	0	0	0	0	0
STAG3L4	ENSG00000106610	ENST00000416602	processed_transcript	0	0	0	2	0	0	0	0	0	0	0	0	0	0	0	0	0	2	0	0	0	0	0	0	0	0	0
STAG3L4	ENSG00000106610	ENST00000647855	processed_transcript	0	0	0	2	0	0	0	0	0	0	0	0	0	0	0	0	0	2	0	0	0	0	0	0	0	0	0
STEAP1B	ENSG00000105889	ENST00000406890	protein_coding	1	0	0	0	0	0	0	0	0	0	0	0	0	0	1	0	0	0	0	0	0	0	0	0	0	0	0
STX2	ENSG00000111450	ENST00000261653	protein_coding	0	0	0	1	0	0	0	0	0	0	0	0	0	0	0	1	0	0	0	0	0	0	0	0	0	0	0
STX2	ENSG00000111450	ENST00000344271	nonsense_mediated_decay	0	0	0	1	0	0	0	0	0	0	0	0	0	0	0	1	0	0	0	0	0	0	0	0	0	0	0
STX2	ENSG00000111450	ENST00000392373	protein_coding	0	0	0	1	0	0	0	0	0	0	0	0	0	0	0	1	0	0	0	0	0	0	0	0	0	0	0
SUCLA2	ENSG00000136143	ENST00000433022	protein_coding	0	0	1	1	0	0	0	0	0	0	0	0	0	0	0	1	1	0	0	0	0	0	0	0	0	0	0
SUCLA2	ENSG00000136143	ENST00000434484	protein_coding	0	1	1	0	0	0	0	0	0	0	0	0	0	0	0	0	1	0	0	0	0	0	0	0	0	1	0
SUCLA2	ENSG00000136143	ENST00000467222	retained_intron	0	0	0	1	0	0	0	0	0	0	0	0	0	0	0	0	0	1	0	0	0	0	0	0	0	0	0
SUCLA2	ENSG00000136143	ENST00000470760	protein_coding	0	1	0	0	0	0	0	0	0	0	0	0	0	0	0	0	0	0	0	0	0	0	0	0	0	1	0
SUCLA2	ENSG00000136143	ENST00000493152	protein_coding	0	0	0	1	0	0	0	0	0	0	0	0	0	0	0	0	0	0	0	0	0	0	0	0	0	0	1
SUCLA2	ENSG00000136143	ENST00000497202	nonsense_mediated_decay	0	0	0	3	1	0	0	0	0	0	0	0	1	0	0	0	0	1	0	0	0	0	0	0	0	0	0
SUCLA2	ENSG00000136143	ENST00000634878	nonsense_mediated_decay	0	0	0	3	1	0	0	0	0	0	0	0	0	0	0	0	0	1	0	0	0	0	0	0	0	0	1
SUCLA2	ENSG00000136143	ENST00000642944	protein_coding	0	1	1	0	0	0	0	0	0	0	0	0	0	0	0	0	1	0	0	0	0	0	0	0	0	1	0
SUCLA2	ENSG00000136143	ENST00000643023	protein_coding	0	1	1	0	0	0	0	0	0	0	0	0	0	0	0	0	1	0	0	0	0	0	0	0	0	1	0
SUCLA2	ENSG00000136143	ENST00000643584	nonsense_mediated_decay	0	0	0	2	0	0	0	0	0	0	0	0	0	0	0	0	0	2	0	0	0	0	0	0	0	0	0
SUCLA2	ENSG00000136143	ENST00000644338	protein_coding	0	1	0	0	0	0	0	0	0	0	0	0	0	0	0	0	0	0	0	0	0	0	0	0	0	1	0
SUCLA2	ENSG00000136143	ENST00000646602	protein_coding	0	1	0	0	0	0	0	0	0	0	0	0	0	0	0	0	0	0	0	0	0	0	0	0	0	1	0
SUCLA2	ENSG00000136143	ENST00000646804	protein_coding	0	1	1	0	0	0	0	0	0	0	0	0	0	0	0	0	1	0	0	0	0	0	0	0	0	1	0
SUCLA2	ENSG00000136143	ENST00000646932	protein_coding	0	1	1	0	0	0	0	0	0	0	0	0	0	0	0	0	1	0	0	0	0	0	0	0	0	1	0
SUCLA2	ENSG00000136143	ENST00000647361	nonsense_mediated_decay	0	0	0	4	2	0	0	0	0	0	0	0	0	0	0	0	0	2	0	0	0	0	0	0	0	0	0
SUDS3	ENSG00000111707	ENST00000360286	processed_transcript	0	0	0	2	0	0	0	0	0	0	0	0	2	0	0	0	0	0	0	0	0	0	0	0	0	0	0
SUDS3	ENSG00000111707	ENST00000541280	processed_transcript	0	0	0	2	0	0	0	0	0	0	0	0	2	0	0	0	0	0	0	0	0	0	0	0	0	0	0
SUDS3	ENSG00000111707	ENST00000541591	processed_transcript	0	0	0	2	0	0	0	0	0	0	0	0	0	0	0	0	0	2	0	0	0	0	0	0	0	0	0
SUDS3	ENSG00000111707	ENST00000543473	protein_coding	0	1	1	0	0	0	0	0	0	0	0	0	0	0	0	0	1	0	0	0	0	0	0	0	0	1	0
SUGT1	ENSG00000165416	ENST00000310528	protein_coding	0	0	0	1	0	0	0	0	0	0	0	0	0	0	0	1	0	0	0	0	0	0	0	0	0	0	0
SUGT1	ENSG00000165416	ENST00000343788	protein_coding	0	0	0	1	0	0	0	0	0	0	0	0	0	0	0	1	0	0	0	0	0	0	0	0	0	0	0
SUGT1	ENSG00000165416	ENST00000483074	processed_transcript	0	0	0	1	0	0	0	0	0	0	0	0	0	0	0	0	0	1	0	0	0	0	0	0	0	0	0
SUMF1	ENSG00000144455	ENST00000272902	protein_coding	0	0	0	1	0	0	0	0	0	0	0	0	0	0	0	0	0	0	0	0	0	0	0	0	0	0	1
SUMF1	ENSG00000144455	ENST00000383843	protein_coding	0	0	0	1	0	0	0	0	0	0	0	0	0	0	0	0	0	0	0	0	0	0	0	0	0	0	1
SUMF1	ENSG00000144455	ENST00000405420	protein_coding	0	0	0	1	0	0	0	0	0	0	0	0	0	0	0	0	0	0	0	0	0	0	0	0	0	0	1
SUMF1	ENSG00000144455	ENST00000448413	nonsense_mediated_decay	0	0	0	3	0	0	0	0	0	0	0	0	0	0	0	2	0	0	0	0	0	0	0	0	0	0	1
SUMF1	ENSG00000144455	ENST00000458465	protein_coding	0	0	0	1	0	0	0	0	0	0	0	0	0	0	0	0	0	0	0	0	0	0	0	0	0	0	1
SUMO2P17	ENSG00000248278	ENST00000508743	processed_transcript	0	0	0	2	0	0	0	0	0	0	0	0	0	0	0	2	0	0	0	0	0	0	0	0	0	0	0
SUOX	ENSG00000139531	ENST00000266971	protein_coding	0	0	0	2	0	0	0	0	0	0	0	0	0	0	0	0	0	0	0	0	0	0	0	0	0	0	2
SUOX	ENSG00000139531	ENST00000356124	protein_coding	0	0	0	2	0	0	0	0	0	0	0	0	0	0	0	0	0	0	0	0	0	0	0	0	0	0	2
SUOX	ENSG00000139531	ENST00000394115	protein_coding	0	0	0	2	0	0	0	0	0	0	0	0	0	0	0	0	0	0	0	0	0	0	0	0	0	0	2
SUOX	ENSG00000139531	ENST00000546833	protein_coding	0	0	0	2	0	0	0	0	0	0	0	0	0	0	0	0	0	0	0	0	0	0	0	0	0	0	2
SUOX	ENSG00000139531	ENST00000547586	protein_coding	0	0	0	2	0	0	0	0	0	0	0	0	0	0	0	0	0	0	0	0	0	0	0	0	0	0	2
SUOX	ENSG00000139531	ENST00000548274	protein_coding	0	0	0	2	0	0	0	0	0	0	0	0	0	0	0	0	0	0	0	0	0	0	0	0	0	0	2
SUOX	ENSG00000139531	ENST00000550121	processed_transcript	0	0	0	2	0	0	0	0	0	0	0	0	0	0	0	0	0	0	0	0	0	0	0	0	0	0	2
SUOX	ENSG00000139531	ENST00000550340	processed_transcript	0	0	0	2	0	0	0	0	0	0	0	0	0	0	0	0	0	0	0	0	0	0	0	0	0	0	2
SUOX	ENSG00000139531	ENST00000550478	processed_transcript	0	0	0	2	0	0	0	0	0	0	0	0	0	0	0	0	0	0	0	0	0	0	0	0	0	0	2
SUOX	ENSG00000139531	ENST00000551698	processed_transcript	0	0	0	2	0	0	0	0	0	0	0	0	0	0	0	0	0	0	0	0	0	0	0	0	0	0	2
SUOX	ENSG00000139531	ENST00000552258	protein_coding	0	0	0	2	0	0	0	0	0	0	0	0	0	0	0	0	0	0	0	0	0	0	0	0	0	0	2
SUOX	ENSG00000139531	ENST00000552363	processed_transcript	0	0	0	2	0	0	0	0	0	0	0	0	0	0	0	0	0	0	0	0	0	0	0	0	0	0	2
SUOX	ENSG00000139531	ENST00000552813	retained_intron	0	0	0	2	0	0	0	0	0	0	0	0	0	0	0	0	0	0	0	0	0	0	0	0	0	0	2
SVOP	ENSG00000166111	ENST00000610966	protein_coding	0	0	0	1	1	0	0	0	0	0	0	0	0	0	0	0	0	0	0	0	0	0	0	0	0	0	0
SVOPL	ENSG00000157703	ENST00000421622	protein_coding	0	0	0	1	0	0	0	0	0	0	0	0	0	0	0	1	0	0	0	0	0	0	0	0	0	0	0
SYNRG	ENSG00000275066	ENST00000612223	protein_coding	0	0	0	2	1	0	0	0	0	0	0	0	0	0	0	0	0	0	0	0	0	0	0	0	0	0	1
SYNRG	ENSG00000275066	ENST00000612641	processed_transcript	0	0	0	1	0	0	0	0	0	0	0	0	0	0	0	0	0	0	0	0	0	0	0	0	0	0	1
SYNRG	ENSG00000275066	ENST00000614941	protein_coding	0	0	0	2	0	0	0	0	0	0	0	0	1	0	0	0	0	0	0	0	0	0	0	0	0	0	1
SYNRG	ENSG00000275066	ENST00000616179	protein_coding	0	0	0	2	0	0	0	0	0	0	0	0	1	0	0	0	0	0	0	0	0	0	0	0	0	0	1
SYNRG	ENSG00000275066	ENST00000619541	protein_coding	0	0	0	2	0	0	0	0	0	0	0	0	1	0	0	0	0	0	0	0	0	0	0	0	0	0	1
SYNRG	ENSG00000275066	ENST00000619914	retained_intron	0	0	0	1	0	0	0	0	0	0	0	0	1	0	0	0	0	0	0	0	0	0	0	0	0	0	0
SYNRG	ENSG00000275066	ENST00000619976	processed_transcript	0	0	0	1	0	0	0	0	0	0	0	0	0	0	0	0	0	0	0	0	0	0	0	0	0	0	1
SYNRG	ENSG00000275066	ENST00000620424	protein_coding	0	0	0	1	0	0	0	0	0	0	0	0	0	0	0	0	0	0	0	0	0	0	0	0	0	0	1
SYNRG	ENSG00000275066	ENST00000621136	protein_coding	0	0	0	2	0	0	0	0	0	0	0	0	1	0	0	0	0	0	0	0	0	0	0	0	0	0	1
SYNRG	ENSG00000275066	ENST00000622045	protein_coding	0	0	0	2	0	0	0	0	0	0	0	0	1	0	0	0	0	0	0	0	0	0	0	0	0	0	1
TAMM41	ENSG00000144559	ENST00000273037	protein_coding	0	0	0	1	0	0	0	0	0	0	0	0	1	0	0	0	0	0	0	0	0	0	0	0	0	0	0
TAMM41	ENSG00000144559	ENST00000414736	nonsense_mediated_decay	0	0	0	1	0	0	0	0	0	0	0	0	1	0	0	0	0	0	0	0	0	0	0	0	0	0	0
TAMM41	ENSG00000144559	ENST00000455809	protein_coding	0	0	0	1	0	0	0	0	0	0	0	0	1	0	0	0	0	0	0	0	0	0	0	0	0	0	0
TAMM41	ENSG00000144559	ENST00000457498	nonsense_mediated_decay	0	0	0	1	0	0	0	0	0	0	0	0	1	0	0	0	0	0	0	0	0	0	0	0	0	0	0
TAMM41	ENSG00000144559	ENST00000486090	retained_intron	0	0	0	1	0	0	0	0	0	0	0	0	1	0	0	0	0	0	0	0	0	0	0	0	0	0	0
TAMM41	ENSG00000144559	ENST00000498127	retained_intron	0	0	0	1	0	0	0	0	0	0	0	0	1	0	0	0	0	0	0	0	0	0	0	0	0	0	0
TARBP2	ENSG00000139546	ENST00000266987	protein_coding	0	0	0	1	0	0	0	0	0	0	0	0	0	0	0	1	0	0	0	0	0	0	0	0	0	0	0
TARBP2	ENSG00000139546	ENST00000394357	protein_coding	0	0	0	1	0	0	0	0	0	0	0	0	0	0	0	1	0	0	0	0	0	0	0	0	0	0	0
TARBP2	ENSG00000139546	ENST00000456234	protein_coding	0	0	0	1	0	0	0	0	0	0	0	0	0	0	0	1	0	0	0	0	0	0	0	0	0	0	0
TARBP2	ENSG00000139546	ENST00000546763	retained_intron	0	0	0	1	0	0	0	0	0	0	0	0	0	0	0	0	0	1	0	0	0	0	0	0	0	0	0
TARBP2	ENSG00000139546	ENST00000546889	retained_intron	0	0	0	1	0	0	0	0	0	0	0	0	1	0	0	0	0	0	0	0	0	0	0	0	0	0	0
TARBP2	ENSG00000139546	ENST00000547064	protein_coding	0	0	0	1	0	0	0	0	0	0	0	0	0	0	0	1	0	0	0	0	0	0	0	0	0	0	0
TARBP2	ENSG00000139546	ENST00000547388	retained_intron	0	0	0	1	0	0	0	0	0	0	0	0	1	0	0	0	0	0	0	0	0	0	0	0	0	0	0
TARBP2	ENSG00000139546	ENST00000547541	retained_intron	0	0	0	1	0	0	0	0	0	0	0	0	0	0	0	1	0	0	0	0	0	0	0	0	0	0	0
TARBP2	ENSG00000139546	ENST00000548971	nonsense_mediated_decay	0	0	0	1	0	0	0	0	0	0	0	0	0	0	0	1	0	0	0	0	0	0	0	0	0	0	0
TARBP2	ENSG00000139546	ENST00000549028	processed_transcript	0	0	0	1	0	0	0	0	0	0	0	0	1	0	0	0	0	0	0	0	0	0	0	0	0	0	0
TARBP2	ENSG00000139546	ENST00000549572	nonsense_mediated_decay	0	0	0	1	0	0	0	0	0	0	0	0	0	0	0	1	0	0	0	0	0	0	0	0	0	0	0
TARBP2	ENSG00000139546	ENST00000549610	retained_intron	0	0	0	1	0	0	0	0	0	0	0	0	0	0	0	0	0	1	0	0	0	0	0	0	0	0	0
TARBP2	ENSG00000139546	ENST00000549679	nonsense_mediated_decay	0	0	0	1	0	0	0	0	0	0	0	0	0	0	0	1	0	0	0	0	0	0	0	0	0	0	0
TARBP2	ENSG00000139546	ENST00000550147	nonsense_mediated_decay	0	0	0	1	0	0	0	0	0	0	0	0	0	0	0	1	0	0	0	0	0	0	0	0	0	0	0
TARBP2	ENSG00000139546	ENST00000550407	protein_coding	0	0	0	1	0	0	0	0	0	0	0	0	0	0	0	1	0	0	0	0	0	0	0	0	0	0	0
TARBP2	ENSG00000139546	ENST00000551157	retained_intron	0	0	0	1	0	0	0	0	0	0	0	0	0	0	0	1	0	0	0	0	0	0	0	0	0	0	0
TARBP2	ENSG00000139546	ENST00000551741	nonsense_mediated_decay	0	0	0	1	0	0	0	0	0	0	0	0	0	0	0	1	0	0	0	0	0	0	0	0	0	0	0
TARBP2	ENSG00000139546	ENST00000552650	retained_intron	0	0	0	1	0	0	0	0	0	0	0	0	1	0	0	0	0	0	0	0	0	0	0	0	0	0	0
TARBP2	ENSG00000139546	ENST00000552817	protein_coding	0	0	0	1	0	0	0	0	0	0	0	0	0	0	0	1	0	0	0	0	0	0	0	0	0	0	0
TARBP2	ENSG00000139546	ENST00000552857	protein_coding	0	0	0	1	0	0	0	0	0	0	0	0	0	0	0	1	0	0	0	0	0	0	0	0	0	0	0
TAS2R14	ENSG00000212127	ENST00000381852	processed_transcript	0	0	0	1	0	0	0	0	0	0	0	0	0	0	0	1	0	0	0	0	0	0	0	0	0	0	0
TAS2R19	ENSG00000212124	ENST00000390673	protein_coding	0	0	1	0	0	0	0	0	0	0	0	0	0	0	0	0	1	0	0	0	0	0	0	0	0	0	0
TASOR	ENSG00000163946	ENST00000431842	protein_coding	0	0	0	1	0	0	0	0	0	0	0	0	1	0	0	0	0	0	0	0	0	0	0	0	0	0	0
TASOR	ENSG00000163946	ENST00000459993	retained_intron	0	0	0	1	0	0	0	0	0	0	0	0	1	0	0	0	0	0	0	0	0	0	0	0	0	0	0
TBL1XR1	ENSG00000177565	ENST00000352800	protein_coding	2	0	0	0	0	0	0	0	0	0	0	0	0	0	2	0	0	0	0	0	0	0	0	0	0	0	0
TBL1XR1	ENSG00000177565	ENST00000422442	protein_coding	2	0	0	0	0	0	0	0	0	0	0	0	0	0	2	0	0	0	0	0	0	0	0	0	0	0	0
TBL1XR1	ENSG00000177565	ENST00000430069	protein_coding	2	0	0	0	0	0	0	0	0	0	0	0	0	0	2	0	0	0	0	0	0	0	0	0	0	0	0
TBL1XR1	ENSG00000177565	ENST00000457928	protein_coding	2	0	0	0	0	0	0	0	0	0	0	0	0	0	2	0	0	0	0	0	0	0	0	0	0	0	0
TBL1XR1	ENSG00000177565	ENST00000626758	protein_coding	1	1	0	0	0	0	0	0	1	0	0	0	0	0	0	2	0	0	0	1	0	2	0	0	0	0	0
TBL1XR1	ENSG00000177565	ENST00000631253	nonsense_mediated_decay	0	0	0	2	0	0	0	0	0	0	0	0	0	0	0	0	0	2	0	0	0	0	0	0	0	0	0
TBL1XR1	ENSG00000177565	ENST00000635757	processed_transcript	0	0	0	2	0	0	0	0	0	0	0	0	0	0	0	0	0	2	0	0	0	0	0	0	0	0	0
TBL1XR1	ENSG00000177565	ENST00000636348	processed_transcript	0	0	0	2	0	0	0	0	0	0	0	0	0	0	0	0	0	0	0	0	0	0	0	0	0	0	2
TBL1XR1	ENSG00000177565	ENST00000636864	processed_transcript	0	0	0	2	0	0	0	0	0	0	0	0	0	0	0	0	0	2	0	0	0	0	0	0	0	0	0
TBL1XR1	ENSG00000177565	ENST00000637659	nonsense_mediated_decay	0	0	0	4	2	0	0	0	0	0	0	0	0	0	0	0	0	2	0	0	0	0	0	0	0	0	0
TBL1XR1	ENSG00000177565	ENST00000637681	processed_transcript	1	1	0	0	0	0	0	0	0	0	0	0	0	0	0	2	0	1	0	1	0	2	0	0	0	0	0
TBL1XR1	ENSG00000177565	ENST00000673974	protein_coding	2	0	0	0	0	0	0	0	0	0	0	0	0	0	2	0	0	0	0	0	0	0	0	0	0	0	0
TBL1XR1-AS1	ENSG00000231310	ENST00000617758		0	0	0	2	0	0	0	0	0	0	0	0	0	0	0	0	0	0	0	0	0	0	0	0	0	0	2
TBXAS1	ENSG00000059377	ENST00000336425	protein_coding	0	0	0	1	0	0	0	0	0	0	0	0	1	0	0	0	0	0	0	0	0	0	0	0	0	0	0
TBXAS1	ENSG00000059377	ENST00000411653	protein_coding	0	0	0	1	0	0	0	0	0	0	0	0	1	0	0	0	0	0	0	0	0	0	0	0	0	0	0
TBXAS1	ENSG00000059377	ENST00000416849	protein_coding	0	0	0	1	0	0	0	0	0	0	0	0	1	0	0	0	0	0	0	0	0	0	0	0	0	0	0
TBXAS1	ENSG00000059377	ENST00000422328	nonsense_mediated_decay	0	0	0	1	0	0	0	0	0	0	0	0	1	0	0	0	0	0	0	0	0	0	0	0	0	0	0
TBXAS1	ENSG00000059377	ENST00000425687	protein_coding	0	0	0	1	0	0	0	0	0	0	0	0	1	0	0	0	0	0	0	0	0	0	0	0	0	0	0
TBXAS1	ENSG00000059377	ENST00000448866	protein_coding	0	0	0	1	0	0	0	0	0	0	0	0	1	0	0	0	0	0	0	0	0	0	0	0	0	0	0
TBXAS1	ENSG00000059377	ENST00000458722	protein_coding	0	0	0	1	0	0	0	0	0	0	0	0	1	0	0	0	0	0	0	0	0	0	0	0	0	0	0
TBXAS1	ENSG00000059377	ENST00000650822	protein_coding	0	0	0	1	0	0	0	0	0	0	0	0	1	0	0	0	0	0	0	0	0	0	0	0	0	0	0
TBXAS1	ENSG00000059377	ENST00000652056	protein_coding	0	0	0	1	0	0	0	0	0	0	0	0	1	0	0	0	0	0	0	0	0	0	0	0	0	0	0
TCP1P1	ENSG00000229161	ENST00000412860	unprocessed_pseudogene	0	0	0	1	0	0	0	0	0	0	0	0	0	0	0	0	0	1	0	0	0	0	0	0	0	0	0
TFDP1	ENSG00000198176	ENST00000375370	protein_coding	0	0	1	0	0	0	0	0	0	0	0	0	0	0	0	0	1	0	0	0	0	0	0	0	0	0	0
TFDP1	ENSG00000198176	ENST00000408980	protein_coding	0	0	0	1	0	0	0	0	0	0	0	0	1	0	0	0	0	0	0	0	0	0	0	0	0	0	0
TFDP1	ENSG00000198176	ENST00000494812	processed_transcript	0	0	0	1	0	0	0	0	0	0	0	0	0	0	0	0	0	1	0	0	0	0	0	0	0	0	0
TFDP1	ENSG00000198176	ENST00000544902	nonsense_mediated_decay	0	0	0	2	1	0	0	0	0	0	0	0	0	0	0	0	0	1	0	0	0	0	0	0	0	0	0
TFG	ENSG00000114354	ENST00000240851	protein_coding	0	0	1	0	0	0	0	0	0	0	0	0	0	0	0	0	1	0	0	0	0	0	0	0	0	0	0
TFG	ENSG00000114354	ENST00000418917	protein_coding	0	0	1	0	0	0	0	0	0	0	0	0	0	0	0	0	1	0	0	0	0	0	0	0	0	0	0
TFG	ENSG00000114354	ENST00000463568	protein_coding	0	0	1	0	0	0	0	0	0	0	0	0	0	0	0	0	1	0	0	0	0	0	0	0	0	0	0
TFG	ENSG00000114354	ENST00000476228	protein_coding	0	0	1	0	0	0	0	0	0	0	0	0	0	0	0	0	1	0	0	0	0	0	0	0	0	0	0
TFG	ENSG00000114354	ENST00000479672	protein_coding	0	0	0	1	0	0	0	0	0	0	0	0	1	0	0	0	0	0	0	0	0	0	0	0	0	0	0
TFG	ENSG00000114354	ENST00000487505	protein_coding	0	0	1	0	0	0	0	0	0	0	0	0	0	0	0	0	1	0	0	0	0	0	0	0	0	0	0
TFG	ENSG00000114354	ENST00000490574	protein_coding	0	0	1	0	0	0	0	0	0	0	0	0	0	0	0	0	1	0	0	0	0	0	0	0	0	0	0
TFG	ENSG00000114354	ENST00000615993	protein_coding	0	0	1	0	0	0	0	0	0	0	0	0	0	0	0	0	1	0	0	0	0	0	0	0	0	0	0
TFG	ENSG00000114354	ENST00000620299	protein_coding	0	0	1	0	0	0	0	0	0	0	0	0	0	0	0	0	1	0	0	0	0	0	0	0	0	0	0
THAP12P2	ENSG00000243915	ENST00000489193	processed_pseudogene	0	0	0	2	0	0	0	0	0	0	0	0	0	0	0	0	0	2	0	0	0	0	0	0	0	0	0
TIMM17BP1	ENSG00000256756	ENST00000545713	processed_pseudogene	0	0	0	1	0	0	0	0	0	0	0	0	0	0	0	0	0	1	0	0	0	0	0	0	0	0	0
TIMM23B	ENSG00000204152	ENST00000374098	protein_coding	0	1	0	0	0	0	0	0	0	0	0	0	0	0	0	0	0	0	0	0	0	0	0	0	0	1	0
TIMM23B	ENSG00000204152	ENST00000451577	protein_coding	0	1	0	0	0	0	0	0	0	0	0	0	0	0	0	0	0	0	0	0	0	0	0	0	0	1	0
TIMM23B	ENSG00000204152	ENST00000478381	processed_transcript	0	0	0	1	0	0	0	0	0	0	0	0	0	0	0	0	0	1	0	0	0	0	0	0	0	0	0
TIMM23B	ENSG00000204152	ENST00000483296	processed_transcript	0	0	0	1	0	0	0	0	0	0	0	0	0	0	0	0	0	1	0	0	0	0	0	0	0	0	0
TIMM23B	ENSG00000204152	ENST00000651259	transcribed_unprocessed_pseudogene	0	0	0	1	0	0	0	0	0	0	0	0	0	0	0	0	0	1	0	0	0	0	0	0	0	0	0
TIMM23B	ENSG00000204152	ENST00000652716	processed_transcript	0	0	0	1	0	0	0	0	0	0	0	0	0	0	0	0	0	1	0	0	0	0	0	0	0	0	0
TIMM23B-AGAP6	ENSG00000178440	ENST00000651208		0	0	0	1	0	0	0	0	0	0	0	0	0	0	0	0	0	1	0	0	0	0	0	0	0	0	0
TIMM23B-AGAP6	ENSG00000178440	ENST00000651763		0	0	0	1	0	0	0	0	0	0	0	0	0	0	0	0	0	1	0	0	0	0	0	0	0	0	0
TIMM8BP1	ENSG00000236258	ENST00000452384	processed_pseudogene	0	0	0	1	0	0	0	0	0	0	0	0	0	0	0	0	0	1	0	0	0	0	0	0	0	0	0
TMEM100	ENSG00000166292	ENST00000424486	protein_coding	0	1	0	0	0	0	0	0	0	0	0	0	0	0	0	0	0	0	0	0	0	0	0	0	0	1	0
TMEM100	ENSG00000166292	ENST00000570586	processed_transcript	0	0	0	1	0	0	0	0	0	0	0	0	1	0	0	0	0	0	0	0	0	0	0	0	0	0	0
TMEM100	ENSG00000166292	ENST00000571679	protein_coding	0	1	0	0	0	0	0	0	0	0	0	0	0	0	0	0	0	0	0	0	0	0	0	0	0	1	0
TMEM100	ENSG00000166292	ENST00000575685	processed_transcript	0	0	0	1	0	0	0	0	0	0	0	0	1	0	0	0	0	0	0	0	0	0	0	0	0	0	0
TMEM100	ENSG00000166292	ENST00000575734	protein_coding	0	1	0	0	0	0	0	0	0	0	0	0	0	0	0	0	0	0	0	0	0	0	0	0	0	1	0
TMEM100	ENSG00000166292	ENST00000575806	retained_intron	0	0	0	1	0	0	0	0	0	0	0	0	1	0	0	0	0	0	0	0	0	0	0	0	0	0	0
TMEM104	ENSG00000109066	ENST00000335464	protein_coding	0	0	0	3	0	0	0	0	0	0	0	0	1	0	0	1	0	0	0	0	0	0	0	0	0	0	1
TMEM104	ENSG00000109066	ENST00000417024	protein_coding	0	0	0	3	0	0	0	0	0	0	0	0	1	0	0	1	0	0	0	0	0	0	0	0	0	0	1
TMEM104	ENSG00000109066	ENST00000578764	protein_coding	0	0	0	2	0	0	0	0	0	0	0	0	1	0	0	0	0	0	0	0	0	0	0	0	0	0	1
TMEM104	ENSG00000109066	ENST00000582330	protein_coding	0	0	0	3	0	0	0	0	0	0	0	0	1	0	0	1	0	0	0	0	0	0	0	0	0	0	1
TMEM104	ENSG00000109066	ENST00000582773	protein_coding	0	0	0	3	0	0	0	0	0	0	0	0	1	0	0	1	0	0	0	0	0	0	0	0	0	0	1
TMEM104	ENSG00000109066	ENST00000584246	retained_intron	0	0	0	1	0	0	0	0	0	0	0	0	0	0	0	0	0	0	0	0	0	0	0	0	0	0	1
TMEM14DP	ENSG00000214881	ENST00000422205	processed_pseudogene	0	0	0	1	0	0	0	0	0	0	0	0	1	0	0	0	0	0	0	0	0	0	0	0	0	0	0
TMEM176B	ENSG00000106565	ENST00000326442	protein_coding	0	0	0	1	0	0	0	0	0	0	0	0	0	0	0	1	0	0	0	0	0	0	0	0	0	0	0
TMEM176B	ENSG00000106565	ENST00000429904	protein_coding	0	0	0	1	0	0	0	0	0	0	0	0	0	0	0	1	0	0	0	0	0	0	0	0	0	0	0
TMEM176B	ENSG00000106565	ENST00000434545	protein_coding	0	0	0	1	0	0	0	0	0	0	0	0	0	0	0	1	0	0	0	0	0	0	0	0	0	0	0
TMEM176B	ENSG00000106565	ENST00000447204	protein_coding	0	0	0	1	0	0	0	0	0	0	0	0	0	0	0	1	0	0	0	0	0	0	0	0	0	0	0
TMEM176B	ENSG00000106565	ENST00000450753	protein_coding	0	0	0	1	0	0	0	0	0	0	0	0	0	0	0	1	0	0	0	0	0	0	0	0	0	0	0
TMEM176B	ENSG00000106565	ENST00000492607	protein_coding	0	0	0	1	0	0	0	0	0	0	0	0	0	0	0	1	0	0	0	0	0	0	0	0	0	0	0
TMEM19	ENSG00000139291	ENST00000266673	protein_coding	0	0	0	1	1	0	0	0	0	0	0	0	0	0	0	0	0	0	0	0	0	0	0	0	0	0	0
TMEM19	ENSG00000139291	ENST00000546795	protein_coding	0	0	0	1	0	0	0	0	0	0	0	0	1	0	0	0	0	0	0	0	0	0	0	0	0	0	0
TMEM19	ENSG00000139291	ENST00000549735	protein_coding	0	0	0	1	0	0	0	0	0	0	0	0	1	0	0	0	0	0	0	0	0	0	0	0	0	0	0
TMEM19	ENSG00000139291	ENST00000550787	protein_coding	0	0	0	1	0	0	0	0	0	0	0	0	1	0	0	0	0	0	0	0	0	0	0	0	0	0	0
TMEM254	ENSG00000133678	ENST00000372273	protein_coding	0	0	0	1	1	0	0	0	0	0	0	0	0	0	0	0	0	0	0	0	0	0	0	0	0	0	0
TMEM254	ENSG00000133678	ENST00000372274	protein_coding	0	0	0	1	0	0	0	0	0	0	0	0	1	0	0	0	0	0	0	0	0	0	0	0	0	0	0
TMEM254	ENSG00000133678	ENST00000372275	protein_coding	0	0	0	1	0	0	0	0	0	0	0	0	1	0	0	0	0	0	0	0	0	0	0	0	0	0	0
TMEM254	ENSG00000133678	ENST00000372277	protein_coding	0	0	0	1	0	0	0	0	0	0	0	0	1	0	0	0	0	0	0	0	0	0	0	0	0	0	0
TMEM254	ENSG00000133678	ENST00000372281	protein_coding	0	0	0	1	1	0	0	0	0	0	0	0	0	0	0	0	0	0	0	0	0	0	0	0	0	0	0
TMEM254	ENSG00000133678	ENST00000450179	protein_coding	0	0	0	1	0	0	0	0	0	0	0	0	1	0	0	0	0	0	0	0	0	0	0	0	0	0	0
TMEM254	ENSG00000133678	ENST00000463029	processed_transcript	0	0	0	1	0	0	0	0	0	0	0	0	1	0	0	0	0	0	0	0	0	0	0	0	0	0	0
TMEM254	ENSG00000133678	ENST00000467529	processed_transcript	0	0	0	1	0	0	0	0	0	0	0	0	0	0	0	0	0	1	0	0	0	0	0	0	0	0	0
TMEM254	ENSG00000133678	ENST00000472622	processed_transcript	0	0	0	1	0	0	0	0	0	0	0	0	1	0	0	0	0	0	0	0	0	0	0	0	0	0	0
TMEM254	ENSG00000133678	ENST00000476173	processed_transcript	0	0	0	1	0	0	0	0	0	0	0	0	1	0	0	0	0	0	0	0	0	0	0	0	0	0	0
TMEM254	ENSG00000133678	ENST00000483732	processed_transcript	0	0	0	1	0	0	0	0	0	0	0	0	1	0	0	0	0	0	0	0	0	0	0	0	0	0	0
TMEM254	ENSG00000133678	ENST00000613758	protein_coding	0	0	0	1	1	0	0	0	0	0	0	0	0	0	0	0	0	0	0	0	0	0	0	0	0	0	0
TMEM270	ENSG00000175877	ENST00000320531	protein_coding	0	1	0	0	0	0	0	0	0	0	0	0	0	0	0	0	0	0	0	0	0	0	0	0	0	1	0
TMEM270	ENSG00000175877	ENST00000426490	nonsense_mediated_decay	0	0	0	2	1	0	0	0	0	0	0	0	0	0	0	0	0	1	0	0	0	0	0	0	0	0	0
TMEM41A	ENSG00000163900	ENST00000382227	nonsense_mediated_decay	0	0	0	1	0	0	0	0	0	0	0	0	1	0	0	0	0	0	0	0	0	0	0	0	0	0	0
TMTC3	ENSG00000139324	ENST00000266712	protein_coding	1	0	0	0	0	0	0	0	0	0	0	0	0	0	0	0	0	0	0	0	0	1	0	0	1	0	0
TMTC3	ENSG00000139324	ENST00000547034	nonsense_mediated_decay	0	1	0	0	0	0	0	0	0	0	0	0	0	0	0	0	0	1	0	0	0	1	0	0	0	0	0
TMTC3	ENSG00000139324	ENST00000549011	protein_coding	1	0	0	0	0	0	0	0	0	0	0	0	0	0	0	0	0	0	0	0	0	1	0	0	1	0	0
TMTC3	ENSG00000139324	ENST00000551088	protein_coding	0	0	0	1	0	0	0	0	0	0	0	0	0	0	0	1	0	0	0	0	0	0	0	0	0	0	0
TMTC4	ENSG00000125247	ENST00000328767	protein_coding	0	0	0	1	0	0	0	0	0	0	0	0	1	0	0	0	0	0	0	0	0	0	0	0	0	0	0
TMTC4	ENSG00000125247	ENST00000342624	protein_coding	0	0	0	1	1	0	0	0	0	0	0	0	0	0	0	0	0	0	0	0	0	0	0	0	0	0	0
TMTC4	ENSG00000125247	ENST00000376234	protein_coding	0	0	0	1	1	0	0	0	0	0	0	0	0	0	0	0	0	0	0	0	0	0	0	0	0	0	0
TNIK	ENSG00000154310	ENST00000284483	protein_coding	0	0	1	1	0	0	0	0	0	0	0	0	0	0	0	1	1	0	0	0	0	0	0	0	0	0	0
TNIK	ENSG00000154310	ENST00000341852	protein_coding	0	0	1	1	0	0	0	0	0	0	0	0	0	0	0	1	1	0	0	0	0	0	0	0	0	0	0
TNIK	ENSG00000154310	ENST00000357327	protein_coding	0	0	1	1	0	0	0	0	0	0	0	0	0	0	0	1	1	0	0	0	0	0	0	0	0	0	0
TNIK	ENSG00000154310	ENST00000436636	protein_coding	0	0	1	1	0	0	0	0	0	0	0	0	0	0	0	1	1	0	0	0	0	0	0	0	0	0	0
TNIK	ENSG00000154310	ENST00000460047	protein_coding	0	0	1	1	0	0	0	0	0	0	0	0	0	0	0	1	1	0	0	0	0	0	0	0	0	0	0
TNIK	ENSG00000154310	ENST00000470834	protein_coding	0	0	1	1	0	0	0	0	0	0	0	0	0	0	0	1	1	0	0	0	0	0	0	0	0	0	0
TNIK	ENSG00000154310	ENST00000475336	protein_coding	0	0	1	1	0	0	0	0	0	0	0	0	0	0	0	1	1	0	0	0	0	0	0	0	0	0	0
TNIK	ENSG00000154310	ENST00000484051	retained_intron	0	0	0	1	0	0	0	0	0	0	0	0	0	0	0	0	0	0	0	0	0	0	0	0	0	0	1
TNIK	ENSG00000154310	ENST00000488470	protein_coding	0	0	1	1	0	0	0	0	0	0	0	0	0	0	0	1	1	0	0	0	0	0	0	0	0	0	0
TNIK	ENSG00000154310	ENST00000496492	retained_intron	0	0	0	1	0	0	0	0	0	0	0	0	0	0	0	1	0	0	0	0	0	0	0	0	0	0	0
TNK1	ENSG00000174292	ENST00000570896	protein_coding	0	0	0	1	0	0	0	0	0	0	0	0	0	0	0	1	0	0	0	0	0	0	0	0	0	0	0
TNK1	ENSG00000174292	ENST00000574794	retained_intron	0	0	0	1	0	0	0	0	0	0	0	0	0	0	0	1	0	0	0	0	0	0	0	0	0	0	0
TNK1	ENSG00000174292	ENST00000575268	retained_intron	0	0	0	1	0	0	0	0	0	0	0	0	0	0	0	1	0	0	0	0	0	0	0	0	0	0	0
TNK1	ENSG00000174292	ENST00000576136	retained_intron	0	0	0	1	0	0	0	0	0	0	0	0	0	0	0	0	0	0	0	0	0	0	0	0	0	0	1
TNK1	ENSG00000174292	ENST00000576207	nonsense_mediated_decay	0	0	0	1	0	0	0	0	0	0	0	0	0	0	0	1	0	0	0	0	0	0	0	0	0	0	0
TNK1	ENSG00000174292	ENST00000576716	protein_coding	0	0	0	1	0	0	0	0	0	0	0	0	0	0	0	0	0	0	0	0	0	0	0	0	0	0	1
TNK1	ENSG00000174292	ENST00000576812	protein_coding	0	0	0	1	0	0	0	0	0	0	0	0	0	0	0	1	0	0	0	0	0	0	0	0	0	0	0
TNK1	ENSG00000174292	ENST00000577009	nonsense_mediated_decay	0	0	0	1	0	0	0	0	0	0	0	0	0	0	0	0	0	0	0	0	0	0	0	0	0	0	1
TNRC18	ENSG00000182095	ENST00000399537	protein_coding	0	0	0	1	1	0	0	0	0	0	0	0	0	0	0	0	0	0	0	0	0	0	0	0	0	0	0
TNRC18	ENSG00000182095	ENST00000430969	protein_coding	0	0	0	1	1	0	0	0	0	0	0	0	0	0	0	0	0	0	0	0	0	0	0	0	0	0	0
TNRC18P2	ENSG00000223566	ENST00000417666	unprocessed_pseudogene	0	0	0	1	0	0	0	0	0	0	0	0	0	0	0	0	0	1	0	0	0	0	0	0	0	0	0
TOM1L1	ENSG00000141198	ENST00000348161	protein_coding	0	0	0	1	0	0	0	0	0	0	0	0	1	0	0	0	0	0	0	0	0	0	0	0	0	0	0
TOM1L1	ENSG00000141198	ENST00000445275	protein_coding	0	0	0	1	0	0	0	0	0	0	0	0	1	0	0	0	0	0	0	0	0	0	0	0	0	0	0
TOM1L1	ENSG00000141198	ENST00000536554	protein_coding	0	0	0	1	0	0	0	0	0	0	0	0	1	0	0	0	0	0	0	0	0	0	0	0	0	0	0
TOM1L1	ENSG00000141198	ENST00000571319	nonsense_mediated_decay	0	0	0	1	0	0	0	0	0	0	0	0	1	0	0	0	0	0	0	0	0	0	0	0	0	0	0
TOM1L1	ENSG00000141198	ENST00000572158	protein_coding	0	0	0	1	0	0	0	0	0	0	0	0	1	0	0	0	0	0	0	0	0	0	0	0	0	0	0
TOM1L1	ENSG00000141198	ENST00000574318	protein_coding	0	0	0	1	0	0	0	0	0	0	0	0	1	0	0	0	0	0	0	0	0	0	0	0	0	0	0
TOM1L1	ENSG00000141198	ENST00000574653	retained_intron	0	0	0	1	0	0	0	0	0	0	0	0	1	0	0	0	0	0	0	0	0	0	0	0	0	0	0
TOM1L1	ENSG00000141198	ENST00000575882	protein_coding	0	0	0	1	0	0	0	0	0	0	0	0	1	0	0	0	0	0	0	0	0	0	0	0	0	0	0
TOMM20P2	ENSG00000255987	ENST00000540082	processed_pseudogene	0	0	0	1	0	0	0	0	0	0	0	0	1	0	0	0	0	0	0	0	0	0	0	0	0	0	0
TOMM70	ENSG00000154174	ENST00000284320	protein_coding	0	0	0	1	0	0	0	0	0	0	0	0	0	0	0	0	0	0	0	0	0	0	0	0	0	0	1
TOPAZ1	ENSG00000173769	ENST00000309765	protein_coding	0	0	1	0	0	0	0	0	0	0	0	0	0	0	0	0	1	0	0	0	0	0	0	0	0	0	0
TP53	ENSG00000141510	ENST00000269305	protein_coding	0	0	1	0	0	0	0	0	0	0	0	0	0	0	0	0	1	0	0	0	0	0	0	0	0	0	0
TP53	ENSG00000141510	ENST00000359597	protein_coding	0	0	1	0	0	0	0	0	0	0	0	0	0	0	0	0	1	0	0	0	0	0	0	0	0	0	0
TP53	ENSG00000141510	ENST00000413465	protein_coding	0	0	1	0	0	0	0	0	0	0	0	0	0	0	0	0	1	0	0	0	0	0	0	0	0	0	0
TP53	ENSG00000141510	ENST00000420246	protein_coding	0	0	1	0	0	0	0	0	0	0	0	0	0	0	0	0	1	0	0	0	0	0	0	0	0	0	0
TP53	ENSG00000141510	ENST00000445888	protein_coding	0	0	1	0	0	0	0	0	0	0	0	0	0	0	0	0	1	0	0	0	0	0	0	0	0	0	0
TP53	ENSG00000141510	ENST00000455263	protein_coding	0	0	1	0	0	0	0	0	0	0	0	0	0	0	0	0	1	0	0	0	0	0	0	0	0	0	0
TP53	ENSG00000141510	ENST00000503591	protein_coding	0	0	0	1	0	0	0	0	0	0	0	0	1	0	0	0	0	0	0	0	0	0	0	0	0	0	0
TP53	ENSG00000141510	ENST00000504290	protein_coding	0	0	1	0	0	0	0	0	0	0	0	0	0	0	0	0	1	0	0	0	0	0	0	0	0	0	0
TP53	ENSG00000141510	ENST00000504937	protein_coding	0	0	1	0	0	0	0	0	0	0	0	0	0	0	0	0	1	0	0	0	0	0	0	0	0	0	0
TP53	ENSG00000141510	ENST00000505014	retained_intron	0	0	0	1	0	0	0	0	0	0	0	0	0	0	0	0	0	1	0	0	0	0	0	0	0	0	0
TP53	ENSG00000141510	ENST00000508793	protein_coding	0	0	0	1	0	0	0	0	0	0	0	0	1	0	0	0	0	0	0	0	0	0	0	0	0	0	0
TP53	ENSG00000141510	ENST00000509690	protein_coding	0	0	1	0	0	0	0	0	0	0	0	0	0	0	0	0	1	0	0	0	0	0	0	0	0	0	0
TP53	ENSG00000141510	ENST00000510385	protein_coding	0	0	1	0	0	0	0	0	0	0	0	0	0	0	0	0	1	0	0	0	0	0	0	0	0	0	0
TP53	ENSG00000141510	ENST00000514944	protein_coding	0	0	1	0	0	0	0	0	0	0	0	0	0	0	0	0	1	0	0	0	0	0	0	0	0	0	0
TP53	ENSG00000141510	ENST00000574684	processed_transcript	0	0	0	1	0	0	0	0	0	0	0	0	0	0	0	0	0	1	0	0	0	0	0	0	0	0	0
TP53	ENSG00000141510	ENST00000576024	protein_coding	0	0	0	1	0	0	0	0	0	0	0	0	0	0	0	0	0	0	0	0	0	0	0	0	0	0	1
TP53	ENSG00000141510	ENST00000604348	protein_coding	0	0	0	1	0	0	0	0	0	0	0	0	1	0	0	0	0	0	0	0	0	0	0	0	0	0	0
TP53	ENSG00000141510	ENST00000610292	protein_coding	0	0	1	0	0	0	0	0	0	0	0	0	0	0	0	0	1	0	0	0	0	0	0	0	0	0	0
TP53	ENSG00000141510	ENST00000610538	protein_coding	0	0	1	0	0	0	0	0	0	0	0	0	0	0	0	0	1	0	0	0	0	0	0	0	0	0	0
TP53	ENSG00000141510	ENST00000610623	protein_coding	0	0	1	0	0	0	0	0	0	0	0	0	0	0	0	0	1	0	0	0	0	0	0	0	0	0	0
TP53	ENSG00000141510	ENST00000615910	protein_coding	0	0	1	0	0	0	0	0	0	0	0	0	0	0	0	0	1	0	0	0	0	0	0	0	0	0	0
TP53	ENSG00000141510	ENST00000617185	protein_coding	0	0	1	0	0	0	0	0	0	0	0	0	0	0	0	0	1	0	0	0	0	0	0	0	0	0	0
TP53	ENSG00000141510	ENST00000618944	protein_coding	0	0	1	0	0	0	0	0	0	0	0	0	0	0	0	0	1	0	0	0	0	0	0	0	0	0	0
TP53	ENSG00000141510	ENST00000619186	protein_coding	0	0	1	0	0	0	0	0	0	0	0	0	0	0	0	0	1	0	0	0	0	0	0	0	0	0	0
TP53	ENSG00000141510	ENST00000619485	protein_coding	0	0	1	0	0	0	0	0	0	0	0	0	0	0	0	0	1	0	0	0	0	0	0	0	0	0	0
TP53	ENSG00000141510	ENST00000620739	protein_coding	0	0	1	0	0	0	0	0	0	0	0	0	0	0	0	0	1	0	0	0	0	0	0	0	0	0	0
TP53	ENSG00000141510	ENST00000622645	protein_coding	0	0	1	0	0	0	0	0	0	0	0	0	0	0	0	0	1	0	0	0	0	0	0	0	0	0	0
TP53	ENSG00000141510	ENST00000635293	nonsense_mediated_decay	0	0	0	1	0	0	0	0	0	0	0	0	0	0	0	0	0	1	0	0	0	0	0	0	0	0	0
TP63	ENSG00000073282	ENST00000264731	protein_coding	0	0	0	1	0	0	0	0	0	0	0	0	0	0	0	1	0	0	0	0	0	0	0	0	0	0	0
TP63	ENSG00000073282	ENST00000320472	protein_coding	0	0	0	1	0	0	0	0	0	0	0	0	0	0	0	1	0	0	0	0	0	0	0	0	0	0	0
TP63	ENSG00000073282	ENST00000392460	protein_coding	0	0	0	1	0	0	0	0	0	0	0	0	0	0	0	1	0	0	0	0	0	0	0	0	0	0	0
TP63	ENSG00000073282	ENST00000418709	protein_coding	0	0	0	1	0	0	0	0	0	0	0	0	0	0	0	1	0	0	0	0	0	0	0	0	0	0	0
TP63	ENSG00000073282	ENST00000440651	protein_coding	0	0	0	1	0	0	0	0	0	0	0	0	0	0	0	1	0	0	0	0	0	0	0	0	0	0	0
TP63	ENSG00000073282	ENST00000486398	retained_intron	0	0	0	1	0	0	0	0	0	0	0	0	0	0	0	1	0	0	0	0	0	0	0	0	0	0	0
TPI1	ENSG00000111669	ENST00000229270	protein_coding	0	1	0	0	0	0	0	0	0	0	0	0	0	0	0	0	0	0	0	0	0	0	0	0	0	1	0
TPI1	ENSG00000111669	ENST00000396705	protein_coding	0	1	0	0	0	0	0	0	0	0	0	0	0	0	0	0	0	0	0	0	0	0	0	0	0	1	0
TPI1	ENSG00000111669	ENST00000462761	protein_coding	0	0	0	1	0	0	0	0	0	0	0	0	0	0	0	0	0	0	0	0	0	0	0	0	0	0	1
TPI1	ENSG00000111669	ENST00000474253	retained_intron	0	0	0	1	0	0	0	0	0	0	0	0	0	0	0	0	0	0	0	0	0	0	0	0	0	0	1
TPI1	ENSG00000111669	ENST00000482209	retained_intron	0	0	0	1	0	0	0	0	0	0	0	0	0	0	0	0	0	0	0	0	0	0	0	0	0	0	1
TPI1	ENSG00000111669	ENST00000488464	protein_coding	0	0	0	1	0	0	0	0	0	0	0	0	0	0	0	0	0	0	0	0	0	0	0	0	0	0	1
TPI1	ENSG00000111669	ENST00000493987	protein_coding	0	0	0	1	0	0	0	0	0	0	0	0	0	0	0	0	0	0	0	0	0	0	0	0	0	0	1
TPI1	ENSG00000111669	ENST00000495834	protein_coding	0	0	0	1	0	0	0	0	0	0	0	0	0	0	0	0	0	0	0	0	0	0	0	0	0	0	1
TPI1	ENSG00000111669	ENST00000535434	protein_coding	0	0	0	1	0	0	0	0	0	0	0	0	0	0	0	0	0	0	0	0	0	0	0	0	0	0	1
TPI1	ENSG00000111669	ENST00000613953	protein_coding	0	1	0	0	0	0	0	0	0	0	0	0	0	0	0	0	0	0	0	0	0	0	0	0	0	1	0
TPM3P4	ENSG00000214869	ENST00000425942	processed_pseudogene	0	0	0	1	0	0	0	0	0	0	0	0	1	0	0	0	0	0	0	0	0	0	0	0	0	0	0
TPT1-AS1	ENSG00000170919	ENST00000661291		0	0	0	1	0	0	0	0	0	0	0	0	0	0	0	1	0	0	0	0	0	0	0	0	0	0	0
TRAT1	ENSG00000163519	ENST00000295756	protein_coding	0	0	0	1	1	0	0	0	0	0	0	0	0	0	0	0	0	0	0	0	0	0	0	0	0	0	0
TRAT1	ENSG00000163519	ENST00000426646	protein_coding	0	0	0	1	1	0	0	0	0	0	0	0	0	0	0	0	0	0	0	0	0	0	0	0	0	0	0
TRHDE	ENSG00000072657	ENST00000261180	protein_coding	0	1	0	0	0	0	0	0	0	0	0	0	0	0	0	0	0	0	0	0	0	0	0	0	0	1	0
TRHDE	ENSG00000072657	ENST00000549138	processed_transcript	0	0	0	1	0	0	0	0	0	0	0	0	0	0	0	0	0	1	0	0	0	0	0	0	0	0	0
TRHDE	ENSG00000072657	ENST00000549401	processed_transcript	0	0	0	1	0	0	0	0	0	0	0	0	0	0	0	0	0	1	0	0	0	0	0	0	0	0	0
TRHDE	ENSG00000072657	ENST00000549922	retained_intron	0	0	0	1	0	0	0	0	0	0	0	0	0	0	0	0	0	1	0	0	0	0	0	0	0	0	0
TRPC1	ENSG00000144935	ENST00000273482	protein_coding	0	0	0	1	1	0	0	0	0	0	0	0	0	0	0	0	0	0	0	0	0	0	0	0	0	0	0
TRPC1	ENSG00000144935	ENST00000476941	protein_coding	0	0	0	1	1	0	0	0	0	0	0	0	0	0	0	0	0	0	0	0	0	0	0	0	0	0	0
TRPC1	ENSG00000144935	ENST00000612385	protein_coding	0	0	0	1	0	0	0	0	0	0	0	0	1	0	0	0	0	0	0	0	0	0	0	0	0	0	0
TRPC4	ENSG00000133107	ENST00000338947	protein_coding	0	0	0	1	0	0	0	0	0	0	0	0	0	0	0	1	0	0	0	0	0	0	0	0	0	0	0
TRPC4	ENSG00000133107	ENST00000355779	protein_coding	0	0	1	0	0	0	0	0	0	0	0	0	0	0	0	0	1	0	0	0	0	0	0	0	0	0	0
TRPC4	ENSG00000133107	ENST00000358477	protein_coding	0	0	1	0	0	0	0	0	0	0	0	0	0	0	0	0	1	0	0	0	0	0	0	0	0	0	0
TRPC4	ENSG00000133107	ENST00000379673	protein_coding	0	0	1	0	0	0	0	0	0	0	0	0	0	0	0	0	1	0	0	0	0	0	0	0	0	0	0
TRPC4	ENSG00000133107	ENST00000379679	protein_coding	0	0	0	1	0	0	0	0	0	0	0	0	0	0	0	1	0	0	0	0	0	0	0	0	0	0	0
TRPC4	ENSG00000133107	ENST00000379705	protein_coding	0	0	1	0	0	0	0	0	0	0	0	0	0	0	0	0	1	0	0	0	0	0	0	0	0	0	0
TRPC4	ENSG00000133107	ENST00000426868	protein_coding	0	0	1	0	0	0	0	0	0	0	0	0	0	0	0	0	1	0	0	0	0	0	0	0	0	0	0
TRPC4	ENSG00000133107	ENST00000488717	nonsense_mediated_decay	0	0	0	1	0	0	0	0	0	0	0	0	0	0	0	0	0	1	0	0	0	0	0	0	0	0	0
TRPC4	ENSG00000133107	ENST00000625583	protein_coding	0	0	1	0	0	0	0	0	0	0	0	0	0	0	0	0	1	0	0	0	0	0	0	0	0	0	0
TRPV4	ENSG00000111199	ENST00000261740	protein_coding	0	1	0	0	0	0	0	0	0	0	0	0	0	0	0	0	0	0	0	0	0	0	0	0	0	1	0
TRPV4	ENSG00000111199	ENST00000418703	protein_coding	0	1	0	0	0	0	0	0	0	0	0	0	0	0	0	0	0	0	0	0	0	0	0	0	0	1	0
TRPV4	ENSG00000111199	ENST00000536838	protein_coding	0	1	0	0	0	0	0	0	0	0	0	0	0	0	0	0	0	0	0	0	0	0	0	0	0	1	0
TRPV4	ENSG00000111199	ENST00000537083	protein_coding	0	1	0	0	0	0	0	0	0	0	0	0	0	0	0	0	0	0	0	0	0	0	0	0	0	1	0
TRPV4	ENSG00000111199	ENST00000538125	nonsense_mediated_decay	0	0	0	2	1	0	0	0	0	0	0	0	0	0	0	0	0	1	0	0	0	0	0	0	0	0	0
TRPV4	ENSG00000111199	ENST00000541794	protein_coding	0	1	0	0	0	0	0	0	0	0	0	0	0	0	0	0	0	0	0	0	0	0	0	0	0	1	0
TRPV4	ENSG00000111199	ENST00000544971	protein_coding	0	1	0	0	0	0	0	0	0	0	0	0	0	0	0	0	0	0	0	0	0	0	0	0	0	1	0
TRRAP	ENSG00000196367	ENST00000355540	protein_coding	0	0	0	1	0	0	0	0	0	0	0	0	0	0	0	1	0	0	0	0	0	0	0	0	0	0	0
TRRAP	ENSG00000196367	ENST00000359863	protein_coding	0	0	0	1	0	0	0	0	0	0	0	0	0	0	0	1	0	0	0	0	0	0	0	0	0	0	0
TRRAP	ENSG00000196367	ENST00000446306	protein_coding	0	0	0	1	0	0	0	0	0	0	0	0	0	0	0	1	0	0	0	0	0	0	0	0	0	0	0
TRRAP	ENSG00000196367	ENST00000456197	protein_coding	0	0	0	1	0	0	0	0	0	0	0	0	0	0	0	1	0	0	0	0	0	0	0	0	0	0	0
TRRAP	ENSG00000196367	ENST00000628380	protein_coding	0	0	0	1	0	0	0	0	0	0	0	0	0	0	0	1	0	0	0	0	0	0	0	0	0	0	0
TSC22D4	ENSG00000166925	ENST00000300181	protein_coding	0	1	0	3	1	1	0	2	0	0	0	0	0	0	0	0	0	0	0	0	0	0	0	0	0	0	0
TSC22D4	ENSG00000166925	ENST00000393991	protein_coding	0	0	0	3	1	0	0	1	0	0	0	0	0	0	0	1	0	0	0	0	0	0	0	0	0	0	0
TSC22D4	ENSG00000166925	ENST00000423266	protein_coding	0	0	0	1	1	0	0	0	0	0	0	0	0	0	0	0	0	0	0	0	0	0	0	0	0	0	0
TSC22D4	ENSG00000166925	ENST00000456330	protein_coding	0	0	0	1	0	0	0	0	0	0	0	0	1	0	0	0	0	0	0	0	0	0	0	0	0	0	0
TSC22D4	ENSG00000166925	ENST00000493217	retained_intron	0	0	0	2	0	0	0	0	0	0	0	0	0	0	0	0	0	2	0	0	0	0	0	0	0	0	0
TSC22D4	ENSG00000166925	ENST00000496728	processed_transcript	0	0	0	3	0	0	0	0	0	0	0	0	0	0	0	1	0	0	0	0	0	0	0	0	0	0	2
TSGA13	ENSG00000213265	ENST00000356588	protein_coding	0	0	0	1	0	0	0	1	0	0	0	0	0	0	0	0	0	0	0	0	0	0	0	0	0	0	0
TSGA13	ENSG00000213265	ENST00000438346	protein_coding	0	0	0	1	0	0	0	1	0	0	0	0	0	0	0	0	0	0	0	0	0	0	0	0	0	0	0
TSGA13	ENSG00000213265	ENST00000443954	protein_coding	0	0	0	1	0	0	0	1	0	0	0	0	0	0	0	0	0	0	0	0	0	0	0	0	0	0	0
TSGA13	ENSG00000213265	ENST00000456951	protein_coding	0	0	0	1	0	0	0	1	0	0	0	0	0	0	0	0	0	0	0	0	0	0	0	0	0	0	0
TTC25	ENSG00000204815	ENST00000377540	protein_coding	0	0	0	1	0	0	0	0	0	0	0	0	1	0	0	0	0	0	0	0	0	0	0	0	0	0	0
TTC25	ENSG00000204815	ENST00000591658	nonsense_mediated_decay	0	0	0	1	0	0	0	0	0	0	0	0	1	0	0	0	0	0	0	0	0	0	0	0	0	0	0
TUBA3C	ENSG00000198033	ENST00000400113	protein_coding	0	0	0	1	0	0	0	0	0	0	0	0	1	0	0	0	0	0	0	0	0	0	0	0	0	0	0
TUBA3C	ENSG00000198033	ENST00000618094	protein_coding	0	0	0	1	0	0	0	0	0	0	0	0	1	0	0	0	0	0	0	0	0	0	0	0	0	0	0
TUBB8	ENSG00000261456	ENST00000561967	protein_coding	1	0	1	1	0	0	1	0	0	0	0	0	0	1	1	0	0	0	0	0	0	1	1	0	0	0	1
TUBB8	ENSG00000261456	ENST00000562809	protein_coding	1	0	1	1	0	0	1	0	0	0	0	0	0	1	1	0	0	0	0	0	0	1	1	0	0	0	1
TUBB8	ENSG00000261456	ENST00000563456	retained_intron	0	1	0	1	0	0	0	0	0	0	0	0	0	0	0	0	0	1	0	0	0	1	0	0	0	0	1
TUBB8	ENSG00000261456	ENST00000564130	protein_coding	1	1	0	1	0	0	0	1	0	0	0	0	0	0	0	1	0	0	1	0	1	2	0	0	0	0	0
TUBB8	ENSG00000261456	ENST00000567466	nonsense_mediated_decay	1	1	0	0	0	0	0	1	0	0	0	0	0	0	0	1	0	1	0	0	1	2	0	0	0	0	0
TUBB8	ENSG00000261456	ENST00000568584	protein_coding	1	0	0	1	0	0	0	1	0	0	0	0	0	0	1	0	0	0	0	0	0	1	1	0	0	0	0
TUBB8	ENSG00000261456	ENST00000568866	protein_coding	1	0	1	1	0	0	1	0	0	0	0	0	0	1	1	0	0	0	0	0	0	1	1	0	0	0	1
TUBG1	ENSG00000131462	ENST00000251413	protein_coding	0	0	0	1	0	0	0	0	0	0	0	0	0	0	0	0	0	0	0	0	0	0	0	0	0	0	1
TUBG1	ENSG00000131462	ENST00000588056	retained_intron	0	0	0	1	0	0	0	0	0	0	0	0	0	0	0	0	0	0	0	0	0	0	0	0	0	0	1
TUBG1	ENSG00000131462	ENST00000589613	retained_intron	0	0	0	1	0	0	0	0	0	0	0	0	0	0	0	0	0	0	0	0	0	0	0	0	0	0	1
TUBG1	ENSG00000131462	ENST00000589688	nonsense_mediated_decay	0	0	0	1	0	0	0	0	0	0	0	0	0	0	0	0	0	0	0	0	0	0	0	0	0	0	1
TUBG1	ENSG00000131462	ENST00000591509	protein_coding	0	0	0	1	0	0	0	0	0	0	0	0	0	0	0	0	0	0	0	0	0	0	0	0	0	0	1
TUBGCP2	ENSG00000130640	ENST00000252936	protein_coding	0	0	0	1	0	0	0	0	0	0	0	0	0	0	0	1	0	0	0	0	0	0	0	0	0	0	0
TUBGCP2	ENSG00000130640	ENST00000368562	protein_coding	0	0	0	1	0	0	0	1	0	0	0	0	0	0	0	0	0	0	0	0	0	0	0	0	0	0	0
TUBGCP2	ENSG00000130640	ENST00000368563	protein_coding	0	0	0	1	0	0	0	0	0	0	0	0	0	0	0	1	0	0	0	0	0	0	0	0	0	0	0
TUBGCP2	ENSG00000130640	ENST00000417178	protein_coding	0	0	0	1	0	0	0	0	0	0	0	0	0	0	0	1	0	0	0	0	0	0	0	0	0	0	0
TUBGCP2	ENSG00000130640	ENST00000482278	nonsense_mediated_decay	0	0	0	1	0	0	0	0	0	0	0	0	0	0	0	1	0	0	0	0	0	0	0	0	0	0	0
TUBGCP2	ENSG00000130640	ENST00000543663	protein_coding	0	0	0	1	0	0	0	0	0	0	0	0	0	0	0	1	0	0	0	0	0	0	0	0	0	0	0
TUBGCP3	ENSG00000126216	ENST00000261965	protein_coding	0	1	0	0	0	0	0	0	0	0	0	0	0	0	0	0	0	0	0	0	0	0	0	0	0	1	0
TUBGCP3	ENSG00000126216	ENST00000469302	processed_transcript	0	0	0	1	0	0	0	0	0	0	0	0	0	0	0	0	0	1	0	0	0	0	0	0	0	0	0
TUBGCP3	ENSG00000126216	ENST00000649778	nonsense_mediated_decay	0	0	0	2	1	0	0	0	0	0	0	0	0	0	0	0	0	1	0	0	0	0	0	0	0	0	0
TUSC2	ENSG00000114383	ENST00000232496	protein_coding	0	0	0	1	1	0	0	0	0	0	0	0	0	0	0	0	0	0	0	0	0	0	0	0	0	0	0
TUSC2	ENSG00000114383	ENST00000417867	nonsense_mediated_decay	0	0	0	1	0	0	0	0	0	0	0	0	1	0	0	0	0	0	0	0	0	0	0	0	0	0	0
TUSC2	ENSG00000114383	ENST00000421918	nonsense_mediated_decay	0	0	0	2	1	0	0	0	0	0	0	0	0	0	0	0	0	1	0	0	0	0	0	0	0	0	0
TUSC2	ENSG00000114383	ENST00000454201	nonsense_mediated_decay	0	0	0	2	1	0	0	0	0	0	0	0	0	0	0	0	0	1	0	0	0	0	0	0	0	0	0
TUSC2	ENSG00000114383	ENST00000462137	processed_transcript	0	0	0	1	0	0	0	0	0	0	0	0	0	0	0	1	0	0	0	0	0	0	0	0	0	0	0
TUSC2	ENSG00000114383	ENST00000463304	processed_transcript	0	0	0	1	0	0	0	0	0	0	0	0	1	0	0	0	0	0	0	0	0	0	0	0	0	0	0
TVP23C	ENSG00000175106	ENST00000225576	protein_coding	0	0	0	2	0	0	0	0	0	0	0	0	0	0	0	2	0	0	0	0	0	0	0	0	0	0	0
TVP23C	ENSG00000175106	ENST00000581273	nonsense_mediated_decay	0	0	0	2	0	0	0	0	0	0	0	0	0	0	0	2	0	0	0	0	0	0	0	0	0	0	0
TVP23C-CDRT4	ENSG00000259024	ENST00000481756	nonsense_mediated_decay	0	0	0	2	0	0	0	0	0	0	0	0	0	0	0	2	0	0	0	0	0	0	0	0	0	0	0
TVP23C-CDRT4	ENSG00000259024	ENST00000518506	nonsense_mediated_decay	0	0	0	2	0	0	0	0	0	0	0	0	0	0	0	2	0	0	0	0	0	0	0	0	0	0	0
TVP23C-CDRT4	ENSG00000259024	ENST00000522212	protein_coding	0	0	0	2	0	0	0	0	0	0	0	0	0	0	0	2	0	0	0	0	0	0	0	0	0	0	0
TVP23C-CDRT4	ENSG00000259024	ENST00000557349	nonsense_mediated_decay	0	0	0	2	0	0	0	0	0	0	0	0	0	0	0	2	0	0	0	0	0	0	0	0	0	0	0
TXNRD3	ENSG00000197763	ENST00000523403	protein_coding	0	0	0	1	0	0	0	0	0	0	0	0	0	0	0	0	0	0	0	0	0	0	0	0	0	0	1
TXNRD3	ENSG00000197763	ENST00000524230	protein_coding	0	0	0	1	0	0	0	0	0	0	0	0	0	0	0	0	0	0	0	0	0	0	0	0	0	0	1
TXNRD3	ENSG00000197763	ENST00000640433	protein_coding	0	0	0	1	0	0	0	0	0	0	0	0	0	0	0	0	0	0	0	0	0	0	0	0	0	0	1
TXNRD3	ENSG00000197763	ENST00000640797	protein_coding	0	0	0	1	0	0	0	0	0	0	0	0	0	0	0	0	0	0	0	0	0	0	0	0	0	0	1
U47924.1	ENSG00000271969	ENST00000606539		0	0	0	1	0	0	0	0	0	0	0	0	1	0	0	0	0	0	0	0	0	0	0	0	0	0	0
U47924.2	ENSG00000272173	ENST00000607421		0	0	0	1	0	0	0	0	0	0	0	0	1	0	0	0	0	0	0	0	0	0	0	0	0	0	0
UHRF1BP1L	ENSG00000111647	ENST00000279907	protein_coding	0	0	0	1	0	0	0	0	0	0	0	0	0	0	0	1	0	0	0	0	0	0	0	0	0	0	0
UHRF1BP1L	ENSG00000111647	ENST00000356828	protein_coding	0	0	0	1	0	0	0	0	0	0	0	0	1	0	0	0	0	0	0	0	0	0	0	0	0	0	0
UHRF1BP1L	ENSG00000111647	ENST00000545232	protein_coding	0	0	0	1	0	0	0	0	0	0	0	0	0	0	0	1	0	0	0	0	0	0	0	0	0	0	0
ULK4	ENSG00000168038	ENST00000301831	protein_coding	0	0	0	1	0	0	0	0	0	0	0	0	0	0	0	1	0	0	0	0	0	0	0	0	0	0	0
UPF3AP2	ENSG00000214832	ENST00000457924	transcribed_processed_pseudogene	0	0	0	1	0	0	0	0	0	0	0	0	0	0	0	0	0	1	0	0	0	0	0	0	0	0	0
UPF3AP2	ENSG00000214832	ENST00000578315	processed_transcript	0	0	0	1	0	0	0	0	0	0	0	0	0	0	0	0	0	0	0	0	0	0	0	0	0	0	1
USP22	ENSG00000124422	ENST00000261497	protein_coding	0	0	0	1	1	0	0	0	0	0	0	0	0	0	0	0	0	0	0	0	0	0	0	0	0	0	0
USP22	ENSG00000124422	ENST00000455117	processed_transcript	0	0	0	1	0	0	0	0	0	0	0	0	0	0	0	0	0	1	0	0	0	0	0	0	0	0	0
USP22	ENSG00000124422	ENST00000463692	retained_intron	0	0	0	1	0	0	0	0	0	0	0	0	1	0	0	0	0	0	0	0	0	0	0	0	0	0	0
USP22	ENSG00000124422	ENST00000478443	retained_intron	0	0	0	1	0	0	0	0	0	0	0	0	1	0	0	0	0	0	0	0	0	0	0	0	0	0	0
USP22	ENSG00000124422	ENST00000537526	protein_coding	0	0	0	1	1	0	0	0	0	0	0	0	0	0	0	0	0	0	0	0	0	0	0	0	0	0	0
USP22	ENSG00000124422	ENST00000579645	nonsense_mediated_decay	0	0	0	1	0	0	0	0	0	0	0	0	1	0	0	0	0	0	0	0	0	0	0	0	0	0	0
USP43	ENSG00000154914	ENST00000285199	protein_coding	0	0	0	1	0	0	0	0	0	0	0	0	0	0	0	1	0	0	0	0	0	0	0	0	0	0	0
USP43	ENSG00000154914	ENST00000570475	protein_coding	0	0	0	1	0	0	0	0	0	0	0	0	0	0	0	1	0	0	0	0	0	0	0	0	0	0	0
USP43	ENSG00000154914	ENST00000570827	processed_transcript	0	0	0	1	0	0	0	0	0	0	0	0	0	0	0	1	0	0	0	0	0	0	0	0	0	0	0
USP43	ENSG00000154914	ENST00000574408	protein_coding	0	0	0	1	0	0	0	0	0	0	0	0	0	0	0	1	0	0	0	0	0	0	0	0	0	0	0
USP43	ENSG00000154914	ENST00000575346	processed_transcript	0	0	0	1	0	0	0	0	0	0	0	0	0	0	0	1	0	0	0	0	0	0	0	0	0	0	0
USP5	ENSG00000111667	ENST00000229268	protein_coding	0	0	0	2	0	0	0	0	0	0	0	0	1	0	0	0	0	0	0	0	0	0	0	0	0	0	1
USP5	ENSG00000111667	ENST00000389231	protein_coding	0	0	0	2	0	0	0	0	0	0	0	0	1	0	0	0	0	0	0	0	0	0	0	0	0	0	1
USP5	ENSG00000111667	ENST00000537267	retained_intron	0	0	0	1	0	0	0	0	0	0	0	0	1	0	0	0	0	0	0	0	0	0	0	0	0	0	0
USP5	ENSG00000111667	ENST00000541969	processed_transcript	0	0	0	1	0	0	0	0	0	0	0	0	1	0	0	0	0	0	0	0	0	0	0	0	0	0	0
USP5	ENSG00000111667	ENST00000542087	protein_coding	0	0	0	1	0	0	0	0	0	0	0	0	0	0	0	0	0	0	0	0	0	0	0	0	0	0	1
USP5	ENSG00000111667	ENST00000542371	retained_intron	0	0	0	1	0	0	0	0	0	0	0	0	1	0	0	0	0	0	0	0	0	0	0	0	0	0	0
VEZT	ENSG00000028203	ENST00000261219	protein_coding	0	1	0	0	0	0	0	0	0	0	0	0	0	0	0	0	0	0	0	0	0	0	0	0	0	1	0
VEZT	ENSG00000028203	ENST00000356859	processed_transcript	0	0	0	1	0	0	0	0	0	0	0	0	0	0	0	0	0	1	0	0	0	0	0	0	0	0	0
VEZT	ENSG00000028203	ENST00000397792	protein_coding	0	1	0	0	0	0	0	0	0	0	0	0	0	0	0	0	0	0	0	0	0	0	0	0	0	1	0
VEZT	ENSG00000028203	ENST00000436874	protein_coding	0	1	0	0	0	0	0	0	0	0	0	0	0	0	0	0	0	0	0	0	0	0	0	0	0	1	0
VEZT	ENSG00000028203	ENST00000546365	processed_transcript	0	0	0	1	0	0	0	0	0	0	0	0	0	0	0	0	0	1	0	0	0	0	0	0	0	0	0
VEZT	ENSG00000028203	ENST00000546398	processed_transcript	0	0	0	1	0	0	0	0	0	0	0	0	0	0	0	0	0	1	0	0	0	0	0	0	0	0	0
VEZT	ENSG00000028203	ENST00000546409	processed_transcript	0	0	0	1	0	0	0	0	0	0	0	0	0	0	0	0	0	1	0	0	0	0	0	0	0	0	0
VEZT	ENSG00000028203	ENST00000546445	protein_coding	0	1	0	0	0	0	0	0	0	0	0	0	0	0	0	0	0	0	0	0	0	0	0	0	0	1	0
VEZT	ENSG00000028203	ENST00000546557	nonsense_mediated_decay	0	0	0	2	1	0	0	0	0	0	0	0	0	0	0	0	0	1	0	0	0	0	0	0	0	0	0
VEZT	ENSG00000028203	ENST00000547484	nonsense_mediated_decay	0	0	0	1	0	0	0	0	0	0	0	0	1	0	0	0	0	0	0	0	0	0	0	0	0	0	0
VEZT	ENSG00000028203	ENST00000547611	nonsense_mediated_decay	0	0	0	2	1	0	0	0	0	0	0	0	0	0	0	0	0	1	0	0	0	0	0	0	0	0	0
VEZT	ENSG00000028203	ENST00000547894	processed_transcript	0	0	0	1	0	0	0	0	0	0	0	0	1	0	0	0	0	0	0	0	0	0	0	0	0	0	0
VEZT	ENSG00000028203	ENST00000547997	nonsense_mediated_decay	0	0	0	2	1	0	0	0	0	0	0	0	0	0	0	0	0	1	0	0	0	0	0	0	0	0	0
VEZT	ENSG00000028203	ENST00000548245	nonsense_mediated_decay	0	0	0	2	1	0	0	0	0	0	0	0	0	0	0	0	0	1	0	0	0	0	0	0	0	0	0
VEZT	ENSG00000028203	ENST00000548371	nonsense_mediated_decay	0	0	0	2	1	0	0	0	0	0	0	0	0	0	0	0	0	1	0	0	0	0	0	0	0	0	0
VEZT	ENSG00000028203	ENST00000548455	nonsense_mediated_decay	0	0	0	2	1	0	0	0	0	0	0	0	0	0	0	0	0	1	0	0	0	0	0	0	0	0	0
VEZT	ENSG00000028203	ENST00000548822	nonsense_mediated_decay	0	0	0	1	0	0	0	0	0	0	0	0	1	0	0	0	0	0	0	0	0	0	0	0	0	0	0
VEZT	ENSG00000028203	ENST00000548838	nonsense_mediated_decay	0	0	0	2	1	0	0	0	0	0	0	0	0	0	0	0	0	1	0	0	0	0	0	0	0	0	0
VEZT	ENSG00000028203	ENST00000549002	protein_coding	0	1	0	0	0	0	0	0	0	0	0	0	0	0	0	0	0	0	0	0	0	0	0	0	0	1	0
VEZT	ENSG00000028203	ENST00000549192	retained_intron	0	0	0	1	0	0	0	0	0	0	0	0	0	0	0	0	0	1	0	0	0	0	0	0	0	0	0
VEZT	ENSG00000028203	ENST00000549624	nonsense_mediated_decay	0	0	0	1	0	0	0	0	0	0	0	0	1	0	0	0	0	0	0	0	0	0	0	0	0	0	0
VEZT	ENSG00000028203	ENST00000550106	processed_transcript	0	0	0	1	0	0	0	0	0	0	0	0	0	0	0	0	0	1	0	0	0	0	0	0	0	0	0
VEZT	ENSG00000028203	ENST00000550803	nonsense_mediated_decay	0	0	0	1	0	0	0	0	0	0	0	0	1	0	0	0	0	0	0	0	0	0	0	0	0	0	0
VEZT	ENSG00000028203	ENST00000551039	nonsense_mediated_decay	0	0	0	1	0	0	0	0	0	0	0	0	1	0	0	0	0	0	0	0	0	0	0	0	0	0	0
VEZT	ENSG00000028203	ENST00000551311	protein_coding	0	0	0	1	0	0	0	0	0	0	0	0	1	0	0	0	0	0	0	0	0	0	0	0	0	0	0
VEZT	ENSG00000028203	ENST00000551356	processed_transcript	0	0	0	1	0	0	0	0	0	0	0	0	0	0	0	0	0	1	0	0	0	0	0	0	0	0	0
VEZT	ENSG00000028203	ENST00000551472	protein_coding	0	1	0	0	0	0	0	0	0	0	0	0	0	0	0	0	0	0	0	0	0	0	0	0	0	1	0
VEZT	ENSG00000028203	ENST00000551695	processed_transcript	0	0	0	1	0	0	0	0	0	0	0	0	0	0	0	1	0	0	0	0	0	0	0	0	0	0	0
VEZT	ENSG00000028203	ENST00000551746	processed_transcript	0	0	0	1	0	0	0	0	0	0	0	0	0	0	0	0	0	1	0	0	0	0	0	0	0	0	0
VEZT	ENSG00000028203	ENST00000551902	processed_transcript	0	0	0	1	0	0	0	0	0	0	0	0	0	0	0	0	0	1	0	0	0	0	0	0	0	0	0
VEZT	ENSG00000028203	ENST00000551994	nonsense_mediated_decay	0	0	0	2	1	0	0	0	0	0	0	0	0	0	0	0	0	1	0	0	0	0	0	0	0	0	0
VEZT	ENSG00000028203	ENST00000552626	processed_transcript	0	0	0	1	0	0	0	0	0	0	0	0	0	0	0	0	0	1	0	0	0	0	0	0	0	0	0
VEZT	ENSG00000028203	ENST00000552660	nonsense_mediated_decay	0	0	0	2	1	0	0	0	0	0	0	0	0	0	0	0	0	1	0	0	0	0	0	0	0	0	0
VEZT	ENSG00000028203	ENST00000552821	protein_coding	0	1	0	0	0	0	0	0	0	0	0	0	0	0	0	0	0	0	0	0	0	0	0	0	0	1	0
VEZT	ENSG00000028203	ENST00000552827	retained_intron	0	0	0	1	0	0	0	0	0	0	0	0	0	0	0	0	0	0	0	0	0	0	0	0	0	0	1
VEZT	ENSG00000028203	ENST00000553063	processed_transcript	0	0	0	1	0	0	0	0	0	0	0	0	0	0	0	0	0	1	0	0	0	0	0	0	0	0	0
VN1R42P	ENSG00000223476	ENST00000424651	processed_pseudogene	0	0	0	1	0	0	0	0	0	0	0	0	0	0	0	0	0	0	0	0	0	0	0	0	0	0	1
VSIR	ENSG00000107738	ENST00000394957	protein_coding	0	1	0	0	0	0	0	0	0	0	0	0	0	0	0	0	0	0	0	0	0	0	0	0	0	1	0
VSIR	ENSG00000107738	ENST00000470317	processed_transcript	0	0	0	1	0	0	0	0	0	0	0	0	0	0	0	0	0	0	0	0	0	0	0	0	0	0	1
VSIR	ENSG00000107738	ENST00000481568	retained_intron	0	0	0	1	0	0	0	0	0	0	0	0	0	0	0	0	0	0	0	0	0	0	0	0	0	0	1
VTI1BP1	ENSG00000243974	ENST00000486325	processed_pseudogene	0	0	0	1	0	0	0	0	0	0	0	0	0	0	0	0	0	0	0	0	0	0	0	0	0	0	1
WASH8P	ENSG00000226210	ENST00000400706	unprocessed_pseudogene	0	0	0	1	0	0	0	0	0	0	0	0	0	0	0	0	0	1	0	0	0	0	0	0	0	0	0
WBP11	ENSG00000084463	ENST00000261167	protein_coding	0	0	0	1	1	0	0	0	0	0	0	0	0	0	0	0	0	0	0	0	0	0	0	0	0	0	0
WBP11	ENSG00000084463	ENST00000535638	nonsense_mediated_decay	0	0	0	1	0	0	0	0	0	0	0	0	1	0	0	0	0	0	0	0	0	0	0	0	0	0	0
WDFY4	ENSG00000128815	ENST00000325239	protein_coding	0	1	0	1	0	0	0	0	0	0	0	0	0	0	0	1	0	0	0	0	0	0	0	0	0	1	0
WDFY4	ENSG00000128815	ENST00000465910	retained_intron	0	0	0	1	0	0	0	0	0	0	0	0	0	0	0	1	0	0	0	0	0	0	0	0	0	0	0
WDR49	ENSG00000174776	ENST00000308378	protein_coding	0	0	0	1	0	0	0	0	0	0	0	0	0	0	0	1	0	0	0	0	0	0	0	0	0	0	0
WDR49	ENSG00000174776	ENST00000460448	nonsense_mediated_decay	0	0	0	1	0	0	0	0	0	0	0	0	0	0	0	1	0	0	0	0	0	0	0	0	0	0	0
WDR49	ENSG00000174776	ENST00000466760	protein_coding	0	0	0	1	0	0	0	0	0	0	0	0	0	0	0	1	0	0	0	0	0	0	0	0	0	0	0
WDR49	ENSG00000174776	ENST00000471198	processed_transcript	0	0	0	1	0	0	0	0	0	0	0	0	0	0	0	0	0	1	0	0	0	0	0	0	0	0	0
WDR49	ENSG00000174776	ENST00000479765	protein_coding	0	0	1	0	0	0	0	0	0	0	0	0	0	0	0	0	1	0	0	0	0	0	0	0	0	0	0
WDR49	ENSG00000174776	ENST00000488012	protein_coding	0	0	0	1	0	0	0	0	0	0	0	0	0	0	0	1	0	0	0	0	0	0	0	0	0	0	0
WDR49	ENSG00000174776	ENST00000647816	protein_coding	0	0	1	0	0	0	0	0	0	0	0	0	0	0	0	0	1	0	0	0	0	0	0	0	0	0	0
WDR82	ENSG00000164091	ENST00000296490	protein_coding	0	0	0	2	2	0	0	0	0	0	0	0	0	0	0	0	0	0	0	0	0	0	0	0	0	0	0
WDR82	ENSG00000164091	ENST00000463624	protein_coding	0	0	0	2	0	0	0	0	0	0	0	0	2	0	0	0	0	0	0	0	0	0	0	0	0	0	0
WDR82	ENSG00000164091	ENST00000469000	protein_coding	0	0	0	2	0	0	0	0	0	0	0	0	2	0	0	0	0	0	0	0	0	0	0	0	0	0	0
WDR82	ENSG00000164091	ENST00000487402	retained_intron	0	0	0	2	0	0	0	0	0	0	0	0	0	0	0	0	0	2	0	0	0	0	0	0	0	0	0
WFIKKN2	ENSG00000173714	ENST00000311378	protein_coding	0	0	0	1	1	0	0	0	0	0	0	0	0	0	0	0	0	0	0	0	0	0	0	0	0	0	0
WFIKKN2	ENSG00000173714	ENST00000426127	protein_coding	0	0	0	1	0	0	0	0	0	0	0	0	1	0	0	0	0	0	0	0	0	0	0	0	0	0	0
WNK1	ENSG00000060237	ENST00000315939	protein_coding	0	0	1	0	0	0	0	0	0	0	0	0	0	0	0	0	1	0	0	0	0	0	0	0	0	0	0
WNK1	ENSG00000060237	ENST00000340908	protein_coding	0	0	1	0	0	0	0	0	0	0	0	0	0	0	0	0	1	0	0	0	0	0	0	0	0	0	0
WNK1	ENSG00000060237	ENST00000530271	protein_coding	0	0	1	0	0	0	0	0	0	0	0	0	0	0	0	0	1	0	0	0	0	0	0	0	0	0	0
WNK1	ENSG00000060237	ENST00000534872	protein_coding	0	0	0	1	0	0	0	0	0	0	0	0	1	0	0	0	0	0	0	0	0	0	0	0	0	0	0
WNK1	ENSG00000060237	ENST00000535572	protein_coding	0	0	1	0	0	0	0	0	0	0	0	0	0	0	0	0	1	0	0	0	0	0	0	0	0	0	0
WNK1	ENSG00000060237	ENST00000537687	protein_coding	0	0	1	0	0	0	0	0	0	0	0	0	0	0	0	0	1	0	0	0	0	0	0	0	0	0	0
XIRP1	ENSG00000168334	ENST00000340369	protein_coding	0	0	1	0	0	0	0	0	0	0	0	0	0	0	0	0	1	0	0	0	0	0	0	0	0	0	0
XIRP1	ENSG00000168334	ENST00000396251	protein_coding	0	0	1	0	0	0	0	0	0	0	0	0	0	0	0	0	1	0	0	0	0	0	0	0	0	0	0
XIRP1	ENSG00000168334	ENST00000421646	protein_coding	0	0	0	1	0	0	0	0	0	0	0	0	0	0	0	1	0	0	0	0	0	0	0	0	0	0	0
YBX3	ENSG00000060138	ENST00000228251	protein_coding	0	1	0	0	0	0	0	0	0	0	0	0	0	0	0	1	0	0	0	0	0	1	0	0	0	0	0
YBX3	ENSG00000060138	ENST00000279550	protein_coding	0	1	0	0	0	0	0	0	0	0	0	0	0	0	0	1	0	0	0	0	0	1	0	0	0	0	0
YBX3	ENSG00000060138	ENST00000366286	processed_transcript	0	0	0	1	0	0	0	0	0	0	0	0	0	0	0	0	0	0	0	0	0	0	0	0	0	0	1
YBX3	ENSG00000060138	ENST00000366290	retained_intron	0	0	0	1	0	0	0	0	0	0	0	0	0	0	0	0	0	0	0	0	0	0	0	0	0	0	1
YBX3	ENSG00000060138	ENST00000536823	retained_intron	0	0	0	1	0	0	0	0	0	0	0	0	0	0	0	0	0	1	0	0	0	0	0	0	0	0	0
YBX3	ENSG00000060138	ENST00000539204	processed_transcript	0	1	0	0	0	0	0	0	0	0	0	0	0	0	0	1	0	0	0	0	0	1	0	0	0	0	0
YBX3	ENSG00000060138	ENST00000540447	retained_intron	0	1	0	0	0	0	0	0	0	0	0	0	0	0	0	1	0	0	0	0	0	1	0	0	0	0	0
YBX3	ENSG00000060138	ENST00000540975	processed_transcript	0	0	0	1	0	0	0	0	0	0	0	0	0	0	0	0	0	0	0	0	0	0	0	0	0	0	1
YBX3	ENSG00000060138	ENST00000541351	processed_transcript	0	1	0	0	0	0	0	0	0	0	0	0	0	0	0	1	0	0	0	0	0	1	0	0	0	0	0
YBX3	ENSG00000060138	ENST00000542002	retained_intron	0	1	0	0	0	0	0	0	0	0	0	0	0	0	0	1	0	0	0	0	0	1	0	0	0	0	0
YBX3	ENSG00000060138	ENST00000542641	retained_intron	0	1	0	0	0	0	0	0	0	0	0	0	0	0	0	1	0	0	0	0	0	1	0	0	0	0	0
YBX3	ENSG00000060138	ENST00000544504	processed_transcript	0	1	0	0	0	0	0	0	0	0	0	0	0	0	0	1	0	0	0	0	0	1	0	0	0	0	0
YBX3	ENSG00000060138	ENST00000546164	processed_transcript	0	1	0	0	0	0	0	0	0	0	0	0	0	0	0	1	0	0	0	0	0	1	0	0	0	0	0
ZBTB4	ENSG00000174282	ENST00000311403	protein_coding	0	0	0	2	0	0	0	0	0	0	0	0	0	0	0	2	0	0	0	0	0	0	0	0	0	0	0
ZBTB4	ENSG00000174282	ENST00000380599	protein_coding	0	0	0	2	0	0	0	0	0	0	0	0	0	0	0	0	0	0	0	0	0	0	0	0	0	0	2
ZDHHC23	ENSG00000184307	ENST00000330212	protein_coding	0	0	0	1	0	0	0	0	0	0	0	0	1	0	0	0	0	0	0	0	0	0	0	0	0	0	0
ZDHHC23	ENSG00000184307	ENST00000478793	nonsense_mediated_decay	0	0	0	1	0	0	0	0	0	0	0	0	1	0	0	0	0	0	0	0	0	0	0	0	0	0	0
ZDHHC23	ENSG00000184307	ENST00000488129	processed_transcript	0	0	0	1	0	0	0	0	0	0	0	0	1	0	0	0	0	0	0	0	0	0	0	0	0	0	0
ZDHHC23	ENSG00000184307	ENST00000496083	protein_coding	0	0	1	0	0	0	0	0	0	0	0	0	0	0	0	0	1	0	0	0	0	0	0	0	0	0	0
ZDHHC23	ENSG00000184307	ENST00000498275	protein_coding	0	0	0	1	0	0	0	0	0	0	0	0	1	0	0	0	0	0	0	0	0	0	0	0	0	0	0
ZDHHC23	ENSG00000184307	ENST00000638807	protein_coding	0	0	0	1	0	0	0	0	0	0	0	0	1	0	0	0	0	0	0	0	0	0	0	0	0	0	0
ZKSCAN7-AS1	ENSG00000236869	ENST00000457331		0	0	0	2	0	0	0	0	0	0	0	0	0	0	0	2	0	0	0	0	0	0	0	0	0	0	0
ZNF107	ENSG00000196247	ENST00000344930	protein_coding	0	0	0	1	0	0	0	0	0	0	0	0	0	0	0	1	0	0	0	0	0	0	0	0	0	0	0
ZNF107	ENSG00000196247	ENST00000360117	protein_coding	0	0	0	1	0	0	0	0	0	0	0	0	0	0	0	1	0	0	0	0	0	0	0	0	0	0	0
ZNF107	ENSG00000196247	ENST00000395391	protein_coding	0	0	0	1	0	0	0	0	0	0	0	0	0	0	0	1	0	0	0	0	0	0	0	0	0	0	0
ZNF107	ENSG00000196247	ENST00000423627	protein_coding	0	0	0	1	0	0	0	0	0	0	0	0	0	0	0	1	0	0	0	0	0	0	0	0	0	0	0
ZNF107	ENSG00000196247	ENST00000613690	protein_coding	0	0	0	1	0	0	0	0	0	0	0	0	0	0	0	1	0	0	0	0	0	0	0	0	0	0	0
ZNF107	ENSG00000196247	ENST00000620827	protein_coding	0	0	0	1	0	0	0	0	0	0	0	0	0	0	0	1	0	0	0	0	0	0	0	0	0	0	0
ZNF197	ENSG00000186448	ENST00000334075	nonsense_mediated_decay	0	0	0	2	0	0	0	0	0	0	0	0	2	0	0	0	0	0	0	0	0	0	0	0	0	0	0
ZNF197	ENSG00000186448	ENST00000344387	protein_coding	0	0	0	2	0	0	0	0	0	0	0	0	2	0	0	0	0	0	0	0	0	0	0	0	0	0	0
ZNF197	ENSG00000186448	ENST00000383744	protein_coding	0	0	0	2	0	0	0	0	0	0	0	0	2	0	0	0	0	0	0	0	0	0	0	0	0	0	0
ZNF197	ENSG00000186448	ENST00000383745	protein_coding	0	0	0	2	0	0	0	0	0	0	0	0	2	0	0	0	0	0	0	0	0	0	0	0	0	0	0
ZNF248	ENSG00000198105	ENST00000357328	protein_coding	0	0	0	1	0	0	0	0	0	0	0	0	0	0	0	0	0	0	0	0	0	0	0	0	0	0	1
ZNF248	ENSG00000198105	ENST00000374648	protein_coding	0	0	0	1	0	0	0	0	0	0	0	0	0	0	0	0	0	0	0	0	0	0	0	0	0	0	1
ZNF248	ENSG00000198105	ENST00000395867	protein_coding	0	0	0	1	0	0	0	0	0	0	0	0	0	0	0	0	0	0	0	0	0	0	0	0	0	0	1
ZNF248	ENSG00000198105	ENST00000395873	protein_coding	0	0	0	1	0	0	0	0	0	0	0	0	0	0	0	0	0	0	0	0	0	0	0	0	0	0	1
ZNF248	ENSG00000198105	ENST00000395874	protein_coding	0	0	0	1	0	0	0	0	0	0	0	0	0	0	0	0	0	0	0	0	0	0	0	0	0	0	1
ZNF248	ENSG00000198105	ENST00000485560	nonsense_mediated_decay	0	0	0	1	0	0	0	0	0	0	0	0	0	0	0	0	0	0	0	0	0	0	0	0	0	0	1
ZNF248	ENSG00000198105	ENST00000611278	protein_coding	0	0	0	1	0	0	0	0	0	0	0	0	0	0	0	0	0	0	0	0	0	0	0	0	0	0	1
ZNF248	ENSG00000198105	ENST00000615949	protein_coding	0	0	0	1	0	0	0	0	0	0	0	0	0	0	0	0	0	0	0	0	0	0	0	0	0	0	1
ZNF248	ENSG00000198105	ENST00000652282	protein_coding	0	0	0	1	0	0	0	0	0	0	0	0	0	0	0	0	0	0	0	0	0	0	0	0	0	0	1
ZNF25	ENSG00000175395	ENST00000302609	protein_coding	0	0	1	0	0	0	0	0	0	0	0	0	0	0	0	0	1	0	0	0	0	0	0	0	0	0	0
ZNF25	ENSG00000175395	ENST00000374633	processed_transcript	0	0	0	1	0	0	0	0	0	0	0	0	0	0	0	0	0	1	0	0	0	0	0	0	0	0	0
ZNF25	ENSG00000175395	ENST00000467975	processed_transcript	0	0	0	1	0	0	0	0	0	0	0	0	0	0	0	0	0	1	0	0	0	0	0	0	0	0	0
ZNF268	ENSG00000090612	ENST00000228289	protein_coding	0	0	1	0	0	0	0	0	0	0	0	0	0	0	0	0	1	0	0	0	0	0	0	0	0	0	0
ZNF268	ENSG00000090612	ENST00000416488	protein_coding	0	0	1	0	0	0	0	0	0	0	0	0	0	0	0	0	1	0	0	0	0	0	0	0	0	0	0
ZNF268	ENSG00000090612	ENST00000500625	protein_coding	0	0	1	0	0	0	0	0	0	0	0	0	0	0	0	0	1	0	0	0	0	0	0	0	0	0	0
ZNF268	ENSG00000090612	ENST00000534953	retained_intron	0	0	0	1	0	0	0	0	0	0	0	0	0	0	0	0	0	1	0	0	0	0	0	0	0	0	0
ZNF268	ENSG00000090612	ENST00000536435	protein_coding	0	0	1	0	0	0	0	0	0	0	0	0	0	0	0	0	1	0	0	0	0	0	0	0	0	0	0
ZNF268	ENSG00000090612	ENST00000536899	protein_coding	0	0	0	1	0	0	0	0	0	0	0	0	0	0	0	1	0	0	0	0	0	0	0	0	0	0	0
ZNF268	ENSG00000090612	ENST00000537973	retained_intron	0	0	0	1	0	0	0	0	0	0	0	0	1	0	0	0	0	0	0	0	0	0	0	0	0	0	0
ZNF268	ENSG00000090612	ENST00000539248	protein_coding	0	0	0	1	0	0	0	0	0	0	0	0	0	0	0	1	0	0	0	0	0	0	0	0	0	0	0
ZNF268	ENSG00000090612	ENST00000541009	protein_coding	0	0	1	0	0	0	0	0	0	0	0	0	0	0	0	0	1	0	0	0	0	0	0	0	0	0	0
ZNF268	ENSG00000090612	ENST00000541211	protein_coding	1	0	0	0	0	0	0	0	0	0	0	0	0	0	0	0	0	0	0	0	0	0	0	0	1	0	0
ZNF268	ENSG00000090612	ENST00000541975	protein_coding	0	0	0	1	0	0	0	0	0	0	0	0	1	0	0	0	0	0	0	0	0	0	0	0	0	0	0
ZNF268	ENSG00000090612	ENST00000542711	protein_coding	1	0	0	0	0	0	0	0	0	0	0	0	0	0	0	0	0	0	0	0	0	0	0	0	1	0	0
ZNF268	ENSG00000090612	ENST00000542986	protein_coding	0	0	1	0	0	0	0	0	0	0	0	0	0	0	0	0	1	0	0	0	0	0	0	0	0	0	0
ZNF268	ENSG00000090612	ENST00000546126	nonsense_mediated_decay	0	0	0	2	1	0	0	0	0	0	0	0	0	0	0	0	0	1	0	0	0	0	0	0	0	0	0
ZNF268	ENSG00000090612	ENST00000585488	retained_intron	0	0	0	1	0	0	0	0	0	0	0	0	0	0	0	0	0	1	0	0	0	0	0	0	0	0	0
ZNF268	ENSG00000090612	ENST00000588312	nonsense_mediated_decay	0	0	0	1	0	0	0	0	0	0	0	0	0	0	0	0	0	1	0	0	0	0	0	0	0	0	0
ZNF268	ENSG00000090612	ENST00000591951	protein_coding	0	0	1	0	0	0	0	0	0	0	0	0	0	0	0	0	1	0	0	0	0	0	0	0	0	0	0
ZNF268	ENSG00000090612	ENST00000592241	protein_coding	0	0	1	0	0	0	0	0	0	0	0	0	0	0	0	0	1	0	0	0	0	0	0	0	0	0	0
ZNF268	ENSG00000090612	ENST00000611984	protein_coding	0	0	1	0	0	0	0	0	0	0	0	0	0	0	0	0	1	0	0	0	0	0	0	0	0	0	0
ZNF273	ENSG00000198039	ENST00000395375	nonsense_mediated_decay	0	0	0	2	1	0	0	0	0	0	0	0	0	0	0	0	0	1	0	0	0	0	0	0	0	0	0
ZNF273	ENSG00000198039	ENST00000476120	protein_coding	0	0	0	1	1	0	0	0	0	0	0	0	0	0	0	0	0	0	0	0	0	0	0	0	0	0	0
ZNF273	ENSG00000198039	ENST00000489672	processed_transcript	0	0	0	1	0	0	0	0	0	0	0	0	1	0	0	0	0	0	0	0	0	0	0	0	0	0	0
ZNF273	ENSG00000198039	ENST00000527278	processed_transcript	0	0	0	1	0	0	0	0	0	0	0	0	0	0	0	0	0	1	0	0	0	0	0	0	0	0	0
ZNF277	ENSG00000198839	ENST00000361822	protein_coding	0	0	1	0	0	0	0	0	0	0	0	0	0	0	0	0	1	0	0	0	0	0	0	0	0	0	0
ZNF277	ENSG00000198839	ENST00000361946	nonsense_mediated_decay	0	0	0	2	1	0	0	0	0	0	0	0	0	0	0	0	0	1	0	0	0	0	0	0	0	0	0
ZNF277	ENSG00000198839	ENST00000421864	protein_coding	0	0	1	0	0	0	0	0	0	0	0	0	0	0	0	0	1	0	0	0	0	0	0	0	0	0	0
ZNF277	ENSG00000198839	ENST00000457808	nonsense_mediated_decay	0	0	0	1	0	0	0	0	0	0	0	0	1	0	0	0	0	0	0	0	0	0	0	0	0	0	0
ZNF35	ENSG00000169981	ENST00000296092	protein_coding	0	1	1	0	0	0	0	0	0	0	0	0	0	0	0	0	1	0	0	0	0	0	0	0	0	1	0
ZNF35	ENSG00000169981	ENST00000396056	protein_coding	0	1	1	0	0	0	0	0	0	0	0	0	0	0	0	0	1	0	0	0	0	0	0	0	0	1	0
ZNF35	ENSG00000169981	ENST00000399560	protein_coding	0	1	1	0	0	0	0	0	0	0	0	0	0	0	0	0	1	0	0	0	0	0	0	0	0	1	0
ZNF35	ENSG00000169981	ENST00000415571	protein_coding	0	1	1	0	0	0	0	0	0	0	0	0	0	0	0	0	1	0	0	0	0	0	0	0	0	1	0
ZNF35	ENSG00000169981	ENST00000432115	protein_coding	0	1	1	0	0	0	0	0	0	0	0	0	0	0	0	0	1	0	0	0	0	0	0	0	0	1	0
ZNF35	ENSG00000169981	ENST00000453164	protein_coding	0	1	1	0	0	0	0	0	0	0	0	0	0	0	0	0	1	0	0	0	0	0	0	0	0	1	0
ZNF589	ENSG00000164048	ENST00000354698	protein_coding	0	0	0	1	0	0	0	0	0	0	0	0	0	0	0	1	0	0	0	0	0	0	0	0	0	0	0
ZNF589	ENSG00000164048	ENST00000412564	protein_coding	0	0	0	1	0	0	0	0	0	0	0	0	0	0	0	1	0	0	0	0	0	0	0	0	0	0	0
ZNF589	ENSG00000164048	ENST00000427617	protein_coding	0	0	0	1	0	0	0	0	0	0	0	0	0	0	0	1	0	0	0	0	0	0	0	0	0	0	0
ZNF589	ENSG00000164048	ENST00000440261	protein_coding	0	0	0	1	0	0	0	0	0	0	0	0	0	0	0	1	0	0	0	0	0	0	0	0	0	0	0
ZNF589	ENSG00000164048	ENST00000448461	nonsense_mediated_decay	0	0	0	1	0	0	0	0	0	0	0	0	0	0	0	1	0	0	0	0	0	0	0	0	0	0	0
ZNF589	ENSG00000164048	ENST00000454212	processed_transcript	0	0	0	1	0	0	0	0	0	0	0	0	0	0	0	0	0	1	0	0	0	0	0	0	0	0	0
ZNF589	ENSG00000164048	ENST00000457782	nonsense_mediated_decay	0	0	0	1	0	0	0	0	0	0	0	0	0	0	0	0	0	1	0	0	0	0	0	0	0	0	0
ZNF705A	ENSG00000196946	ENST00000359286	protein_coding	0	0	0	1	0	0	0	0	0	0	0	0	0	0	0	1	0	0	0	0	0	0	0	0	0	0	0
ZNF705A	ENSG00000196946	ENST00000396570	protein_coding	0	0	0	1	0	0	0	0	0	0	0	0	0	0	0	1	0	0	0	0	0	0	0	0	0	0	0
ZNF705A	ENSG00000196946	ENST00000398526	protein_coding	0	0	0	1	0	0	0	0	0	0	0	0	0	0	0	1	0	0	0	0	0	0	0	0	0	0	0
ZNF705A	ENSG00000196946	ENST00000610508	protein_coding	0	0	0	1	0	0	0	0	0	0	0	0	0	0	0	1	0	0	0	0	0	0	0	0	0	0	0
ZNF713	ENSG00000178665	ENST00000411863	nonsense_mediated_decay	0	0	0	1	0	0	0	0	0	0	0	0	0	0	0	0	0	0	0	0	0	0	0	0	0	0	1
ZNF713	ENSG00000178665	ENST00000429591	protein_coding	0	0	0	1	0	0	0	1	0	0	0	0	0	0	0	0	0	0	0	0	0	0	0	0	0	0	0
ZNF713	ENSG00000178665	ENST00000466630	retained_intron	0	0	0	1	0	0	0	0	0	0	0	0	0	0	0	0	0	0	0	0	0	0	0	0	0	0	1
ZNF717	ENSG00000227124	ENST00000468296	protein_coding	0	0	0	4	0	0	0	0	0	0	0	0	0	0	0	1	0	0	0	0	0	0	0	0	0	0	3
ZNF717	ENSG00000227124	ENST00000471541	protein_coding	0	0	0	4	0	0	0	0	0	0	0	0	0	0	0	1	0	0	0	0	0	0	0	0	0	0	3
ZNF717	ENSG00000227124	ENST00000477374	protein_coding	0	0	0	4	0	0	0	0	0	0	0	0	0	0	0	1	0	0	0	0	0	0	0	0	0	0	3
ZNF717	ENSG00000227124	ENST00000478296	protein_coding	0	0	0	4	0	0	0	0	0	0	0	0	0	0	0	1	0	0	0	0	0	0	0	0	0	0	3
ZNF717	ENSG00000227124	ENST00000491507	processed_transcript	0	0	0	4	0	0	0	0	0	0	0	0	0	0	0	1	0	0	0	0	0	0	0	0	0	0	3
ZNF717	ENSG00000227124	ENST00000648506	processed_transcript	0	0	0	4	0	0	0	0	0	0	0	0	0	0	0	1	0	0	0	0	0	0	0	0	0	0	3
ZNF717	ENSG00000227124	ENST00000652011	protein_coding	0	0	0	4	0	0	0	0	0	0	0	0	0	0	0	1	0	0	0	0	0	0	0	0	0	0	3
ZNF962P	ENSG00000215604	ENST00000443465	unprocessed_pseudogene	0	0	0	1	0	0	0	0	0	0	0	0	0	0	0	0	0	1	0	0	0	0	0	0	0	0	0
ZNF970P	ENSG00000258368	ENST00000547456	unprocessed_pseudogene	0	0	0	1	0	0	0	0	0	0	0	0	0	0	0	0	0	1	0	0	0	0	0	0	0	0	0
ZNHIT1	ENSG00000106400	ENST00000305105	protein_coding	0	0	0	1	0	0	0	0	0	0	0	0	0	0	0	0	0	0	0	0	0	0	0	0	0	0	1
ZNHIT1	ENSG00000106400	ENST00000461205	processed_transcript	0	0	0	1	0	0	0	0	0	0	0	0	0	0	0	0	0	0	0	0	0	0	0	0	0	0	1
ZNHIT1	ENSG00000106400	ENST00000492315	processed_transcript	0	0	0	1	0	0	0	0	0	0	0	0	0	0	0	0	0	0	0	0	0	0	0	0	0	0	1
ZP3	ENSG00000188372	ENST00000336517	protein_coding	0	0	0	1	0	0	0	0	0	0	0	0	0	0	0	1	0	0	0	0	0	0	0	0	0	0	0
ZP3	ENSG00000188372	ENST00000394857	protein_coding	0	0	0	1	0	0	0	0	0	0	0	0	0	0	0	1	0	0	0	0	0	0	0	0	0	0	0
ZP3	ENSG00000188372	ENST00000394860	protein_coding	0	0	0	1	0	0	0	0	0	0	0	0	0	0	0	1	0	0	0	0	0	0	0	0	0	0	0
ZP3	ENSG00000188372	ENST00000416245	protein_coding	0	0	0	1	0	0	0	0	0	0	0	0	0	0	0	1	0	0	0	0	0	0	0	0	0	0	0
ZP3	ENSG00000188372	ENST00000466960	retained_intron	0	0	0	1	0	0	0	0	0	0	0	0	0	0	0	1	0	0	0	0	0	0	0	0	0	0	0
ZP3	ENSG00000188372	ENST00000467555	processed_transcript	0	0	0	1	0	0	0	0	0	0	0	0	0	0	0	1	0	0	0	0	0	0	0	0	0	0	0
ZP3	ENSG00000188372	ENST00000479793	processed_transcript	0	0	0	1	0	0	0	0	0	0	0	0	0	0	0	1	0	0	0	0	0	0	0	0	0	0	0
ZSWIM8	ENSG00000214655	ENST00000398706	protein_coding	0	1	0	0	0	0	0	0	0	0	0	0	0	0	0	0	0	0	0	0	0	0	0	0	0	1	0
ZSWIM8	ENSG00000214655	ENST00000412198	protein_coding	0	1	0	0	0	0	0	0	0	0	0	0	0	0	0	0	0	0	0	0	0	0	0	0	0	1	0
ZSWIM8	ENSG00000214655	ENST00000425051	processed_transcript	0	0	0	1	0	0	0	0	0	0	0	0	1	0	0	0	0	0	0	0	0	0	0	0	0	0	0
ZSWIM8	ENSG00000214655	ENST00000431225	processed_transcript	0	0	0	1	0	0	0	0	0	0	0	0	1	0	0	0	0	0	0	0	0	0	0	0	0	0	0
ZSWIM8	ENSG00000214655	ENST00000433366	nonsense_mediated_decay	0	0	0	1	0	0	0	0	0	0	0	0	0	0	0	0	0	1	0	0	0	0	0	0	0	0	0
ZSWIM8	ENSG00000214655	ENST00000466354	protein_coding	0	0	0	1	0	0	0	0	0	0	0	0	0	0	0	0	0	0	0	0	0	0	0	0	0	0	1
ZSWIM8	ENSG00000214655	ENST00000466568	processed_transcript	0	0	0	1	0	0	0	0	0	0	0	0	0	0	0	0	0	0	0	0	0	0	0	0	0	0	1
ZSWIM8	ENSG00000214655	ENST00000487278	processed_transcript	0	0	0	1	0	0	0	0	0	0	0	0	0	0	0	0	0	1	0	0	0	0	0	0	0	0	0
ZSWIM8	ENSG00000214655	ENST00000489234	processed_transcript	0	0	0	1	0	0	0	0	0	0	0	0	1	0	0	0	0	0	0	0	0	0	0	0	0	0	0
ZSWIM8	ENSG00000214655	ENST00000492395	nonsense_mediated_decay	0	0	0	1	0	0	0	0	0	0	0	0	0	0	0	0	0	1	0	0	0	0	0	0	0	0	0
ZSWIM8	ENSG00000214655	ENST00000603114	protein_coding	0	1	0	0	0	0	0	0	0	0	0	0	0	0	0	0	0	0	0	0	0	0	0	0	0	1	0
ZSWIM8	ENSG00000214655	ENST00000603187	protein_coding	0	1	0	0	0	0	0	0	0	0	0	0	0	0	0	0	0	0	0	0	0	0	0	0	0	1	0
ZSWIM8	ENSG00000214655	ENST00000603195	processed_transcript	0	0	0	1	0	0	0	0	0	0	0	0	0	0	0	0	0	0	0	0	0	0	0	0	0	0	1
ZSWIM8	ENSG00000214655	ENST00000603309	processed_transcript	0	0	0	1	0	0	0	0	0	0	0	0	0	0	0	0	0	0	0	0	0	0	0	0	0	0	1
ZSWIM8	ENSG00000214655	ENST00000603409	processed_transcript	0	0	0	1	0	0	0	0	0	0	0	0	0	0	0	0	0	0	0	0	0	0	0	0	0	0	1
ZSWIM8	ENSG00000214655	ENST00000603840	processed_transcript	0	0	0	1	0	0	0	0	0	0	0	0	0	0	0	0	0	0	0	0	0	0	0	0	0	0	1
ZSWIM8	ENSG00000214655	ENST00000604165	processed_transcript	0	0	0	1	0	0	0	0	0	0	0	0	0	0	0	0	0	0	0	0	0	0	0	0	0	0	1
ZSWIM8	ENSG00000214655	ENST00000604524	protein_coding	0	1	0	0	0	0	0	0	0	0	0	0	0	0	0	0	0	0	0	0	0	0	0	0	0	1	0
ZSWIM8	ENSG00000214655	ENST00000604729	protein_coding	0	1	0	0	0	0	0	0	0	0	0	0	0	0	0	0	0	0	0	0	0	0	0	0	0	1	0
ZSWIM8	ENSG00000214655	ENST00000604754	protein_coding	0	1	0	0	0	0	0	0	0	0	0	0	0	0	0	0	0	0	0	0	0	0	0	0	0	1	0
ZSWIM8	ENSG00000214655	ENST00000605216	protein_coding	0	1	0	0	0	0	0	0	0	0	0	0	0	0	0	0	0	0	0	0	0	0	0	0	0	1	0
ZSWIM8-AS1	ENSG00000272589	ENST00000456638		0	0	0	1	0	0	0	0	0	0	0	0	0	0	0	0	0	1	0	0	0	0	0	0	0	0	0
